transaction_id,transaction_date,record_type,customer,product_service,product_sku,category,quantity,unit_price,gross_sales,discount_rate,discount_amount,net_sales,cogs_amount,operating_expense,inventory_units_delta,inventory_value_delta,ar_delta,ap_delta,payment_method,payment_status,vendor,invoice_due_date,notes,source_file
TXN-000762,29-Sep-25,SALE,Union Square Hotel,Soap Dispenser,DSP-100,Washroom Supplies,1,33.6,$33.60 ,0.00%,$0.00 ,$33.60 ,16.8,,-1,-16.8,0,$0.00 ,Check,Paid,,9/29/2025,repeat customer,sales_export_2025_09.csv
TXN-000516,2/25/2024,Sale,Yellow Finch Design,Toilet Tissue Case,PPR-200,Paper Products,2,$41.80 ,83.6,5%,USD 4.18,79.42,$51.60 ,,-2,USD -51.60,0,0,Check,Paid,,2/25/2024,Rush delivery,sales_export_2024_02.csv
TXN-000579,8/29/2025,Sale,Evergreen Fitness,Trash Bags 55 Gal,BAG-100,Waste Supplies,3,30.45,91.35,10.00%,$9.14 ,82.21,46.2,,-3,-46.2,0,0,ACH,Paid,,8/29/2025,Rush delivery,sales_export_2025_08.csv
TXN-000625,7/8/2024,SALE,dover legal partners,Mop Handle,MOP-200,Janitorial Equipment,6,24,144,5%,7.2,$136.80 ,69,,-6,-69,0,$0.00 ,Cash,Paid,,7/8/2024,monthly replenishment,sales_export_2024_07.csv
TXN-000060,11/18/2025,SALE,UNION SQUARE HOTEL,All-Purpose Cleaner,CLN-100,Cleaning Supplies,5,8.93,44.65,0.00%,0,44.65,15.5,,-5,-15.5,0,0,Cash,Paid,,18-Nov-25,web order,sales_export_2025_11.csv
TXN-001855,5/7/2025,expense,,,,Software,,,,,,,,142.71,0,$0.00 ,$0.00 ,0,Check,Paid, CloudSuite ,,recurring monthly charge,expenses_May_2025.csv
TXN-001654,8/1/2024,PURCHASE,,Hand Sanitizer 1 Gal,SAN-100,Washroom Supplies,24,$10.18 ,,,,,,,24,244.22,$0.00 ,244.22,Net 30,Open,Hygiene Solutions,8/31/2024,stock replenishment,purchases_202408.csv
TXN-000373,9/26/2025,SALE,Keystone Auto Repair,Glass Cleaner,CLN-200,Cleaning Supplies,2,7.25,$14.50 ,5.00%,$0.73 ,USD 13.77,5.1,,-2,($5.10),0,$0.00 ,Visa,Paid,,9/26/2025,,sales_export_2025_09.csv
TXN-001472,10/4/2024,sales,Harborview Clinic,Glass Cleaner,CLN-200,Cleaning Supplies,1,$6.89 ,6.89,0.05,0.34,$6.55 ,$2.55 ,,-1,USD -2.55,$6.55 ,USD 0.00,Net 30,Open,,11/3/2024,monthly replenishment,sales_export_2024_10.csv
TXN-000909,26-Jul-25,sales,Zenith Logistics,Glass Cleaner,CLN-200,Cleaning Supplies,6,$6.89 ,41.34,0%,0,$41.34 ,$15.30 ,,-6,-15.3,$0.00 ,$0.00 ,Cash,Paid,,7/26/2025,monthly replenishment,sales_export_2025_07.csv
TXN-001597,4/28/2025,SALE,Cedar & Stone Cafe,Trash Bags 55 Gal,BAG-100,Waste Supplies,10,$29.00 ,$290.00 ,0.00%,0,$290.00 ,USD 154.00,,-10,-154,$290.00 ,0,Net 30,Overdue,,5/28/2025,,sales_export_2025_04.csv
TXN-000181,5/2/2024,sales,Oak & Olive Bistro,Trash Bags 55 Gal,BAG-100,Waste Supplies,5,29,145,10.00%,14.5,$130.50 ,$77.00 ,,-5,-77,0,0,Mastercard,Paid,,5/2/2024,web order,sales_export_2024_05.csv
TXN-000374,31-Mar-24,Sale,Golden Hour Events,Hand Sanitizer 1 Gal,SAN-100,Washroom Supplies,6,22,$132.00 ,0.00%,$0.00 ,132,63.6,,-6,($63.60),0,$0.00 ,ACH,Paid,,3/31/2024,repeat customer,sales_export_2024_03.csv
TXN-000145,6/15/2025,SALE,Tidal Wave Media,All-Purpose Cleaner,CLN-100,Cleaning Supplies,10,8.93,89.3,10%,USD 8.93,80.37,31,,-10,-31,0,0,Cash,Paid,,6/15/2025,Rush delivery,sales_export_2025_06.csv
TXN-000074,3/15/2024,Sale,Harborview Clinic,Trash Bags 55 Gal,BAG-100,Waste Supplies,3,$29.00 ,$87.00 ,15.00%,13.05,USD 73.95,$46.20 ,,-3,-46.2,0,0,ACH,Paid,,15-Mar-24,web order,sales_export_2024_03.csv
TXN-000578,1/5/2024,sales,Valley Fresh Grocers,Microfiber Mop Head,MOP-100,Janitorial Equipment,3,17.1,51.3,0%,0,51.3,26.7,,-3,-26.7,$0.00 ,$0.00 ,Check,Paid,,1/5/2024,monthly replenishment,sales_export_2024_01.csv
TXN-000334,7/29/2024,sales,Acme Property Group,Glass Cleaner,CLN-200,Cleaning Supplies,2,7.25,14.5,5.00%,USD 0.73,13.77,$5.10 ,,-2,-5.1,USD 13.77,$0.00 ,ACH,Overdue,,8/28/2024,web order,sales_export_2024_07.csv
TXN-001674,5/9/2024,inventory purchase,,Paper Towel Case,PPR-100,Paper Products,120,21.5,,,,,,,120,"$2,580.00 ",0,0,ACH,Paid, PaperPro Distributors ,6/8/2024,stock replenishment,purchases_202405.csv
TXN-000252,5/19/2024,SALE,Oak & Olive Bistro,Hand Sanitizer 1 Gal,SAN-100,Washroom Supplies,5,22,110,0,0,$110.00 ,53,,-5,($53.00),$110.00 ,0,Invoice,Open,,6/18/2024,Rush delivery,sales_export_2024_05.csv
TXN-002023,12/31/2025,AR Receipt,Cedar & Stone Cafe,Soap Dispenser,,Accounts Receivable,,,,,,,,,0,0,-243.2,$0.00 ,ACH,Paid,,,Payment applied to customer invoice,ar_receipts_export.csv
TXN-001983,12/23/2025,ar receipt,Lakeside Vet Care,All-Purpose Cleaner,,Accounts Receivable,,,,,,,,,0,$0.00 ,-8.08,$0.00 ,ACH,Paid,,,Payment applied to customer invoice,ar_receipts_export.csv
TXN-000151,4/8/2025,Sale,Yellow Finch Design,Soap Dispenser,DSP-100,Washroom Supplies,10,USD 30.40,$304.00 ,0%,0,$304.00 ,168,,-10,-168,0,0,Check,Paid,,4/8/2025,monthly replenishment,sales_export_2025_04.csv
TXN-000545,8/24/2025,sales,Summit Childcare,Paper Towel Case,PPR-100,Marketing,3,38,114,0%,0,$114.00 ,$64.50 ,,-3,($64.50),114,$0.00 ,ACH,Open,,9/23/2025,Rush delivery,sales_export_2025_08.csv
TXN-000622,10/9/2025,SALE,BrightPath Dental,glass cleaner,CLN-200,Cleaning Supplies,4,7.25,29,0,0,$29.00 ,10.2,,-4,-10.2,29,0,ACH,Open,,11/8/2025,web order,sales_export_2025_10.csv
TXN-001910,2/6/2025,EXPENSE,,,,Payroll,,,,,,,,"1,215.48",0,0,0,0,Visa,Paid,Staff Payroll,,recurring monthly charge,expenses_Feb_2025.csv
TXN-000354,5/3/2024,SALE,Riverbend Brewery,Soap Dispenser,DSP-100,Washroom Supplies,8,$30.40 ,USD 243.20,5%,12.16,231.04,$134.40 ,,-8,-134.4,$231.04 ,0,ACH,Open,,6/2/2024,Rush delivery,sales_export_2024_05.csv
TXN-001543,12/10/2024,SALE,Golden Hour Events,Glass Cleaner,CLN-200,Cleaning Supplies,2,7.25,14.5,0%,0,$14.50 ,5.1,,-2,-5.1,14.5,0,Invoice,Overdue,,1/9/2025,Rush delivery,sales_export_2024_12.csv
TXN-001065,6/7/2024,Sale,Falcon Ridge Realty,Trash Bags 55 Gal,BAG-100,Waste Supplies,10,$29.00 ,290,0.00%,USD 0.00,$290.00 ,$154.00 ,,-10,-154,0,$0.00 ,Cash,Paid,,6/7/2024,Rush delivery,sales_export_2024_06.csv
TXN-001883,6/28/2025,expense,,,,Office Supplies,,,,,,,,$89.68 ,0,0,0,USD 0.00,Check,Paid,Office Depot,,approved by owner,expenses_Jun_2025.csv
TXN-000827,1/15/2024,Sale,Juniper Market, Soap Dispenser ,DSP-100,Washroom Supplies,8,32,256,0.1,25.6,230.4,134.4,,-8,-134.4,230.4,0,Net 30,Open,,2/14/2024,Rush delivery,sales_export_2024_01.csv
TXN-001737,3/9/2025,Inventory Purchase,,Hand Sanitizer 1 Gal,SAN-100,Washroom Supplies,72,USD 10.60,,,,,,,72,USD 763.20,0,$0.00 ,ACH,Paid,Hygiene Solutions,4/8/2025,,purchases_202503.csv
TXN-000586,4/11/2024,sales,Summit Childcare,Mop Handle,MOP-200,Janitorial Equipment,2,24,48,0%,$0.00 ,48,23,,-2,USD -23.00,0,0,Check,Paid,,4/11/2024,web order,sales_export_2024_04.csv
TXN-001877,8/11/2025,EXPENSE,,,,Utilities,,,,,,,,319.79,0,0,0,0,Check,Paid,brightgrid electric,,,expenses_Aug_2025.csv
TXN-001014,7/2/2024,Sale,Oak & Olive Bistro, Microfiber Mop Head ,MOP-100,Janitorial Equipment,2,$18.00 ,36,0.00%,$0.00 ,36,17.8,,-2,-17.8,36,0,Invoice,Overdue,,8/1/2024,repeat customer,sales_export_2024_07.csv
TXN-000818,4/6/2025,SALE,Harborview Clinic,all-purpose cleaner,CLN-100,Cleaning Supplies,3,$8.50 ,$25.50 ,0%,0,USD 25.50,9.3,,-3,-9.3,$25.50 ,USD 0.00,Invoice,Overdue,,5/6/2025,repeat customer,sales_export_2025_04.csv
TXN-001873,10/20/2024,expense,,,,Marketing,,,,,,,,$569.11 ,0,0,0,0,ACH,Paid,Local Reach Media,,,expenses_Oct_2024.csv
TXN-000506,11/1/2024,Sale,Ironwood Builders,Hand Sanitizer 1 Gal,SAN-100,Washroom Supplies,2,22,$44.00 ,0,0,44,21.2,,-2,-21.2,$0.00 ,$0.00 ,Cash,Paid,,11/1/2024,monthly replenishment,sales_export_2024_11.csv
TXN-001550,5/19/2024,sales,Zenith Logistics,Nitrile Gloves Box,GLO-100,Safety Supplies,1,14.25,USD 14.25,0.00%,$0.00 ,14.25,7.2,,-1,-7.2,USD 0.00,0,ACH,Paid,,5/19/2024,,sales_export_2024_05.csv
TXN-001626,3/5/2024,SALE,Tidal Wave Media,Trash Bags 55 Gal,BAG-100,Waste Supplies,1,$27.55 ,USD 27.55,0%,0,27.55,15.4,,-1,-15.4,USD 27.55,0,Net 30,Open,,4/4/2024,Rush delivery,sales_export_2024_03.csv
TXN-000018,4/14/2025,SALE,Northstar Consulting,all-purpose cleaner,CLN-100,Cleaning Supplies,2,8.5,17,0.00%,0,17,$6.20 ,,-2,-6.2,0,0,Cash,Paid,,4/14/2025,repeat customer,sales_export_2025_04.csv
TXN-000664,7/5/2025,Sale,Pinecrest Academy,Paper Towel Case,PPR-100,Paper Products,8,36.1,288.8,0%,$0.00 ,$288.80 ,172,,-8,-172,288.8,USD 0.00,Invoice,Open,,8/4/2025,web order,sales_export_2025_07.csv
TXN-000552,29-Apr-24,sales,Golden Hour Events,Nitrile Gloves Box,GLO-100,Safety Supplies,6,$15.00 ,$90.00 ,0,$0.00 ,90,USD 43.20,,-6,($43.20),0,0,ACH,Paid,,4/29/2024,web order,sales_export_2024_04.csv
TXN-000763,6/8/2025,sales,Evergreen Fitness,Nitrile Gloves Box,GLO-100,Safety Supplies,1,15,15,0,0,15,7.2,,-1,-7.2,15,0,Net 30,Open,,7/8/2025,web order,sales_export_2025_06.csv
TXN-001685,2/28/2024,Inventory Purchase,,Hand Sanitizer 1 Gal,SAN-100,Washroom Supplies,60,10.39,,,,,,,60,623.28,0,0,ACH,Paid,HYGIENE SOLUTIONS,3/29/2024,vendor shipment received,purchases_202402.csv
TXN-001384,5/8/2025,Sale,Westfield Theater,Microfiber Mop Head,MOP-100,Janitorial Equipment,4,18.9,75.6,10.00%,7.56,USD 68.04,35.6,,-4,($35.60),68.04,0,Net 30,Open,,6/7/2025,Rush delivery,sales_export_2025_05.csv
TXN-000519,9/10/2024,sales,Zenith Logistics,Glass Cleaner,CLN-200,Cleaning Supplies,5,7.25,36.25,0.00%,0,36.25,12.75,,-5,-12.75,0,$0.00 ,Mastercard,Paid,,9/10/2024,,sales_export_2024_09.csv
TXN-000114,10/6/2025,sales,Ironwood Builders,Mop Handle,MOP-200,Janitorial Equipment,2,USD 22.80,45.6,5%,2.28,43.32,23,,-2,USD -23.00,$43.32 ,0,Invoice,Overdue,,11/5/2025,Rush delivery,sales_export_2025_10.csv
TXN-001859,3/25/2025,expense,,,,Office Supplies,,,,,,,,USD 117.18,0,0,$0.00 ,$0.00 ,ACH,Paid,Office Depot,,approved by owner,expenses_Mar_2025.csv
TXN-001349,3/10/2025,Sale,Lakeside Vet Care,Mop Handle,MOP-200,Janitorial Equipment,2,$22.80 ,45.6,0%,$0.00 ,$45.60 ,23,,-2,USD -23.00,0,0,Mastercard,Paid,,3/10/2025,monthly replenishment,sales_export_2025_03.csv
TXN-001522,10/6/2024,sales,Westfield Theater,Nitrile Gloves Box,GLO-100,Safety Supplies,6,15.75,USD 94.50,0.00%,$0.00 ,94.5,43.2,,-6,($43.20),94.5,0,ACH,Open,,11/5/2024,repeat customer,sales_export_2024_10.csv
TXN-001182,5/17/2024,Sale,Ironwood Builders,Soap Dispenser,DSP-100,Washroom Supplies,12,$32.00 ,384,0%,0,$384.00 ,201.6,,-12,-201.6,0,$0.00 ,Cash,Paid,,5/17/2024,monthly replenishment,sales_export_2024_05.csv
TXN-000766,12/1/2024,SALE,Northstar Consulting,Nitrile Gloves Box,GLO-100,Safety Supplies,4,$15.00 ,60,0,0,60,$28.80 ,,-4,($28.80),0,$0.00 ,ACH,Paid,,12/1/2024,monthly replenishment,sales_export_2024_12.csv
TXN-000696,8/6/2024,Sale,Quantum IT Services,Glass Cleaner,CLN-200,Cleaning Supplies,2,USD 7.61,15.22,10.00%,$1.52 ,13.7,5.1,,-2,($5.10),13.7,USD 0.00,ACH,Overdue,,9/5/2024,repeat customer,sales_export_2024_08.csv
TXN-000180,2/27/2024,sales,Pinecrest Academy,Hand Sanitizer 1 Gal,SAN-100,Washroom Supplies,5,23.1,115.5,5.00%,$5.78 ,109.72,53,,-5,($53.00),$109.72 ,$0.00 ,Invoice,Open,,3/28/2024,Rush delivery,sales_export_2024_02.csv
TXN-000157,9/25/2025,Sale,Quantum IT Services,Glass Cleaner,CLN-200,Cleaning Supplies,2,7.25,14.5,10.00%,$1.45 ,$13.05 ,5.1,,-2,-5.1,0,0,Cash,Paid,,25-Sep-25,web order,sales_export_2025_09.csv
TXN-000648,4/20/2025,Sale,Maple Street Bakery,Soap Dispenser,DSP-100,Washroom Supplies,8,30.4,243.2,0,0,$243.20 ,$134.40 ,,-8,($134.40),0,0,Check,Paid,,4/20/2025,monthly replenishment,sales_export_2025_04.csv
TXN-001174,2/3/2024,Sale,Juniper Market,Glass Cleaner,CLN-200,Cleaning Supplies,4,6.89,27.56,0.15,4.13,23.43,$10.20 ,,-4,-10.2,23.43,0,Net 30,Open,,3/4/2024,repeat customer,sales_export_2024_02.csv
TXN-000394,7/16/2024,SALE,Union Square Hotel,Hand Sanitizer 1 Gal,SAN-100,Washroom Supplies,4,USD 23.10,USD 92.40,0.1,$9.24 ,$83.16 ,42.4,,-4,-42.4,0,0,Mastercard,Paid,,7/16/2024,Rush delivery,sales_export_2024_07.csv
TXN-001224,8/3/2025,SALE,Riverbend Brewery,Toilet Tissue Case,PPR-200,Paper Products,1,41.8,$41.80 ,10.00%,4.18,37.62,$25.80 ,,-1,($25.80),37.62,$0.00 ,Invoice,Open,,9/2/2025,repeat customer,sales_export_2025_08.csv
TXN-000080,6/7/2024,Sale,Union Square Hotel,Nitrile Gloves Box,GLO-100,Safety Supplies,5,15,75,0.00%,0,75,$36.00 ,,-5,($36.00),0,0,ACH,Paid,,6/7/2024,Rush delivery,sales_export_2024_06.csv
TXN-001486,1/30/2025,Sale,Dover Legal Partners,Nitrile Gloves Box,GLO-100,Safety Supplies,4,$15.00 ,60,0.00%,0,60,28.8,,-4,-28.8,60,0,Net 30,Open,,3/1/2025,monthly replenishment,sales_export_2025_01.csv
TXN-000498,8/30/2024,sales,Maple Street Bakery,Microfiber Mop Head,MOP-100,Janitorial Equipment,2,18,36,0%,0,USD 36.00,$17.80 ,,-2,-17.8,0,$0.00 ,Cash,Paid,,8/30/2024,,sales_export_2024_08.csv
TXN-001066,9/27/2024,Sale,Lakeside Vet Care,PAPER TOWEL CASE,PPR-100,Paper Products,2,$38.00 ,76,0,USD 0.00,76,$43.00 ,,-2,-43,$76.00 ,0,Net 30,Open,,10/27/2024,monthly replenishment,sales_export_2024_09.csv
TXN-001348,8/19/2025,SALE,Evergreen Fitness,Hand Sanitizer 1 Gal,SAN-100,Washroom Supplies,6,22,$132.00 ,5.00%,6.6,$125.40 ,63.6,,-6,-63.6,$125.40 ,0,ACH,Open,,9/18/2025,,sales_export_2025_08.csv
TXN-001549,5-Jan-24,sales,BrightPath Dental,Mop Handle,MOP-200,Janitorial Equipment,4,24,$96.00 ,0.00%,0,$96.00 ,46,,-4,-46,0,0,ACH,Paid,,1/5/2024,Rush delivery,sales_export_2024_01.csv
TXN-000940,11/22/2024,Sale,Summit Childcare,Soap Dispenser,DSP-100,Washroom Supplies,1,32,32,5%,$1.60 ,30.4,$16.80 ,,-1,-16.8,30.4,0,Invoice,Open,,12/22/2024,,sales_export_2024_11.csv
TXN-001962,6/27/2025,AR Receipt,Union Square Hotel,Mop Handle,,Accounts Receivable,,,,,,,,,0,0,USD -72.00,$0.00 ,ACH,Paid,,,Payment applied to customer invoice,ar_receipts_export.csv
TXN-001445,4/10/2024,SALE,Union Square Hotel,Trash Bags 55 Gal,BAG-100,Waste Supplies,5,29,145,0,0,145,$77.00 ,,-5,-77,145,0,Net 30,Open,,10-May-24,monthly replenishment,sales_export_2024_04.csv
TXN-001816,12/8/2024,inventory purchase,,All-Purpose Cleaner,CLN-100,Cleaning Supplies,96,3.1,,,,,,,96,297.6,$0.00 ,$297.60 ,Net 30,Open,North Supply Co.,1/7/2025,vendor shipment received,purchases_202412.csv
TXN-001664,4-Feb-25,PURCHASE,,Mop Handle,MOP-200,Janitorial Equipment,36,11.04,,,,,,,36,$397.44 ,$0.00 ,USD 397.44,Net 30,Open,Facility Gear Inc,3/6/2025,,purchases_202502.csv
TXN-000845,6-May-24,sales,BrightPath Dental,Hand Sanitizer 1 Gal,SAN-100,Washroom Supplies,6,20.9,125.4,0.00%,0,125.4,63.6,,-6,($63.60),$125.40 ,$0.00 ,ACH,Open,,6/5/2024,monthly replenishment,sales_export_2024_05.csv
TXN-001012,4/28/2025,SALE,Dover Legal Partners,Toilet Tissue Case,PPR-200,Paper Products,4,46.2,$184.80 ,15.00%,27.72,USD 157.08,$103.20 ,,-4,($103.20),$0.00 ,0,Mastercard,Paid,,4/28/2025,monthly replenishment,sales_export_2025_04.csv
TXN-000051,2/23/2025,Sale,Lakeside Vet Care,Hand Sanitizer 1 Gal,SAN-100,Washroom Supplies,2,20.9,41.8,0,$0.00 ,41.8,$21.20 ,,-2,USD -21.20,0,0,Visa,Paid,,2/23/2025,Rush delivery,sales_export_2025_02.csv
TXN-001367,4/2/2024,sales,Riverbend Brewery,All-Purpose Cleaner,CLN-100,Cleaning Supplies,4,$8.08 ,32.32,0.00%,0,32.32,$12.40 ,,-4,-12.4,USD 32.32,$0.00 ,Net 30,Open,,5/2/2024,web order,sales_export_2024_04.csv
TXN-001985,11/6/2024,Customer Payment,Tidal Wave Media,Microfiber Mop Head,,Accounts Receivable,,,,,,,,,0,0,-189,$0.00 ,Check,Paid,,,Payment applied to customer invoice,ar_receipts_export.csv
TXN-001262,1/10/2025,Sale,Pinecrest Academy,All-Purpose Cleaner,CLN-100,Cleaning Supplies,4,8.5,34,0%,0,34,$12.40 ,,-4,-12.4,$34.00 ,$0.00 ,Invoice,Overdue,,2/9/2025,monthly replenishment,sales_export_2025_01.csv
TXN-001878,10/20/2024,expense,,,,Software,,,,,,,,155.1,0,$0.00 ,0,$0.00 ,ACH,Paid,CloudSuite,,recurring monthly charge,expenses_Oct_2024.csv
TXN-002028,12/31/2025,AR Receipt,Maple Street Bakery,SOAP DISPENSER,,Accounts Receivable,,,,,,,,,0,0,-152,0,Check,Paid,,,Payment applied to customer invoice,ar_receipts_export.csv
TXN-000240,11/1/2025,Sale,Pinecrest Academy,Soap Dispenser,DSP-100,Washroom Supplies,12,30.4,$364.80 ,5.00%,$18.24 ,346.56,201.6,,-12,-201.6,346.56,$0.00 ,Net 30,Open,,1-Dec-25,Rush delivery,sales_export_2025_11.csv
TXN-000962,12/14/2024,sales,Zenith Logistics,Paper Towel Case,PPR-100,Paper Products,4,38,$152.00 ,0,0,152,86,,-4,($86.00),0,0,Mastercard,Paid,,12/14/2024,Rush delivery,sales_export_2024_12.csv
TXN-000178,3/18/2025,Sale,Cedar & Stone Cafe,All-Purpose Cleaner,CLN-100,Cleaning Supplies,8,8.5,$68.00 ,10.00%,$6.80 ,$61.20 ,24.8,,-8,($24.80),61.2,0,Net 30,Overdue,,4/17/2025,Rush delivery,sales_export_2025_03.csv
TXN-001938,3/7/2025,Operating Expense,,,,Office Supplies,,,,,,,,$108.18 ,0,0,$0.00 ,$0.00 ,Visa,Paid,Office Depot,,approved by owner,expenses_Mar_2025.csv
TXN-000941,5/28/2025,Sale,Valley Fresh Grocers,Glass Cleaner,CLN-200,Cleaning Supplies,3,7.61,22.83,10.00%,2.28,$20.55 ,$7.65 ,,-3,($7.65),0,0,Check,Paid,,5/28/2025,monthly replenishment,sales_export_2025_05.csv
TXN-000700,12/9/2024,Sale,BrightPath Dental,mop handle,MOP-200,Janitorial Equipment,3,24,$72.00 ,0%,$0.00 ,USD 72.00,34.5,,-3,-34.5,0,0,Visa,Paid,,12/9/2024,Rush delivery,sales_export_2024_12.csv
TXN-000640,7/18/2024,sales,Union Square Hotel,Hand Sanitizer 1 Gal,SAN-100,Washroom Supplies,12,22,264,0.05,13.2,USD 250.80,127.2,,-12,($127.20),$0.00 ,$0.00 ,Cash,Paid,,7/18/2024,Rush delivery,sales_export_2024_07.csv
TXN-000773,12/31/2025,Sale,Tidal Wave Media, Trash Bags 55 Gal ,BAG-100,Waste Supplies,2,30.45,60.9,0.00%,$0.00 ,60.9,USD 30.80,,-2,-30.8,0,0,Check,Paid,,31-Dec-25,web order,sales_export_2025_12.csv
TXN-000146,10/23/2024,Sale,Northstar Consulting,Paper Towel Case,PPR-100,Paper Products,2,39.9,79.8,0%,$0.00 ,$79.80 ,43,,-2,-43,$79.80 ,0,Net 30,Overdue,,11/22/2024,,sales_export_2024_10.csv
TXN-001536,10/27/2024,sales,Acme Property Group,Paper Towel Case,PPR-100,Paper Products,4,$38.00 ,$152.00 ,0,$0.00 ,$152.00 ,86,,-4,-86,$152.00 ,0,ACH,Open,,11/26/2024,monthly replenishment,sales_export_2024_10.csv
TXN-001330,8/17/2024,sales,Juniper Market,Glass Cleaner,CLN-200,Cleaning Supplies,2,7.61,USD 15.22,0%,0,$15.22 ,5.1,,-2,($5.10),15.22,0,ACH,Overdue,,9/16/2024,monthly replenishment,sales_export_2024_08.csv
TXN-001612,7/25/2025,sales,Yellow Finch Design,Toilet Tissue Case,PPR-200,Paper Products,5,$44.00 ,$220.00 ,0,0,220,$129.00 ,,-5,-129,$0.00 ,0,Mastercard,Paid,,7/25/2025,monthly replenishment,sales_export_2025_07.csv
TXN-000006,4/6/2025,Sale,Westfield Theater,Paper Towel Case,PPR-100,Paper Products,5,38,$190.00 ,0.00%,$0.00 ,190,107.5,,-5,USD -107.50,$0.00 ,$0.00 ,Visa,Paid,,4/6/2025,Rush delivery,sales_export_2025_04.csv
TXN-001050,11/16/2025,sales,Westfield Theater,Nitrile Gloves Box,GLO-100,Safety Supplies,2,$15.75 ,$31.50 ,0,0,$31.50 ,14.4,,-2,-14.4,$31.50 ,USD 0.00,Invoice,Overdue,,12/16/2025,Rush delivery,sales_export_2025_11.csv
TXN-001958,9/30/2025,EXPENSE,,,,Payroll,,,,,,,,1437.74,0,0,$0.00 ,$0.00 ,Visa,Paid,Staff Payroll,,approved by owner,expenses_Sep_2025.csv
TXN-001291,7/6/2024,SALE,Ironwood Builders,Glass Cleaner,CLN-200,Cleaning Supplies,4,7.61,$30.44 ,0,$0.00 ,USD 30.44,10.2,,-4,-10.2,$30.44 ,0,Net 30,Overdue,,8/5/2024,web order,sales_export_2024_07.csv
TXN-000305,10/8/2025,Sale,Cedar & Stone Cafe,Glass Cleaner,CLN-200,Cleaning Supplies,2,USD 7.61,15.22,15%,2.28,12.94,USD 5.10,,-2,-5.1,$0.00 ,0,Check,Paid,,10/8/2025,repeat customer,sales_export_2025_10.csv
TXN-001761,11/13/2025,PURCHASE,,Soap Dispenser,DSP-100,Washroom Supplies,24,USD 16.13,,,,,,,24,387.07,USD 0.00,0,ACH,Paid,Hygiene Solutions,12/13/2025,vendor shipment received,purchases_202511.csv
TXN-000417,10/16/2024,SALE,Summit Childcare,Hand Sanitizer 1 Gal,SAN-100,Washroom Supplies,4,$23.10 ,$92.40 ,15.00%,13.86,78.54,42.4,,-4,($42.40),$0.00 ,$0.00 ,Check,Paid,,10/16/2024,web order,sales_export_2024_10.csv
TXN-001888,5/6/2024,expense,,,,Rent,,,,,,,,3255.72,0,0,0,0,Check,Paid,City Center Properties,,approved by owner,expenses_May_2024.csv
TXN-001093,5/9/2024,Sale,Keystone Auto Repair,mop handle,MOP-200,Janitorial Equipment,2,22.8,$45.60 ,0.1,4.56,41.04,23,,-2,-23,0,0,Cash,Paid,,5/9/2024,monthly replenishment,sales_export_2024_05.csv
TXN-001340,9-May-24,Sale,Harborview Clinic,All-Purpose Cleaner,CLN-100,Cleaning Supplies,10,8.08,80.8,0%,0,$80.80 ,31,,-10,-31,USD 80.80,0,Invoice,Open,,6/8/2024,web order,sales_export_2024_05.csv
TXN-001987,5/26/2025,ar receipt,Tidal Wave Media,Microfiber Mop Head,,Accounts Receivable,,,,,,,,,0,$0.00 ,($54.00),0,Wire,Paid,,,Payment applied to customer invoice,ar_receipts_export.csv
TXN-001851,10/21/2025,Operating Expense,,,,Rent,,,,,,,,"USD 2,870.53",0,0,USD 0.00,0,Visa,Paid,City Center Properties,,,expenses_Oct_2025.csv
TXN-000750,3/17/2024,Sale,BrightPath Dental,Microfiber Mop Head,MOP-100,Janitorial Equipment,2,USD 18.00,36,0%,0,$36.00 ,$17.80 ,,-2,-17.8,36,0,Invoice,Open,,4/16/2024,Rush delivery,sales_export_2024_03.csv
TXN-001906,9/27/2025,expense,,,,Payroll,,,,,,,,"1,393.64",0,$0.00 ,0,$0.00 ,Visa,Paid,Staff Payroll,,approved by owner,expenses_Sep_2025.csv
TXN-001421,3/31/2024,sales,Oak & Olive Bistro,Toilet Tissue Case,PPR-200,Paper Products,8,44,$352.00 ,0,$0.00 ,USD 352.00,206.4,,-8,-206.4,$0.00 ,$0.00 ,Visa,Paid,,3/31/2024,monthly replenishment,sales_export_2024_03.csv
TXN-001379,5/8/2024,Sale,Golden Hour Events,All-Purpose Cleaner,CLN-100,Cleaning Supplies,1,$8.50 ,8.5,0,0,8.5,$3.10 ,,-1,-3.1,0,$0.00 ,Cash,Paid,,5/8/2024,repeat customer,sales_export_2024_05.csv
TXN-000530,4/24/2024,Sale,Evergreen Fitness,Nitrile Gloves Box,GLO-100,Safety Supplies,1,$15.00 ,USD 15.00,0.00%,0,$15.00 ,$7.20 ,,-1,-7.2,0,$0.00 ,Cash,Paid,,4/24/2024,monthly replenishment,sales_export_2024_04.csv
TXN-000391,8/25/2025,SALE,Tidal Wave Media,Microfiber Mop Head,MOP-100,Janitorial Equipment,4,17.1,68.4,10%,$6.84 ,61.56,35.6,,-4,-35.6,0,USD 0.00,Check,Paid,,8/25/2025,Rush delivery,sales_export_2025_08.csv
TXN-000283,8/12/2024,SALE,BrightPath Dental,Mop Handle,MOP-200,Janitorial Equipment,1,24,24,0%,$0.00 ,$24.00 ,11.5,,-1,($11.50),$0.00 ,0,Check,Paid,,8/12/2024,repeat customer,sales_export_2024_08.csv
TXN-001317,7/19/2025,SALE,Acme Property Group,All-Purpose Cleaner,CLN-100,Cleaning Supplies,4,$8.93 ,$35.72 ,10.00%,3.57,$32.15 ,$12.40 ,,-4,USD -12.40,$32.15 ,0,Invoice,Open,,8/18/2025,,sales_export_2025_07.csv
TXN-000730,3/26/2025,Sale,Summit Childcare,Microfiber Mop Head,MOP-100,Janitorial Equipment,6,18,108,5%,$5.40 ,102.6,$53.40 ,,-6,USD -53.40,102.6,0,ACH,Open,,4/25/2025,Rush delivery,sales_export_2025_03.csv
TXN-000256,6/2/2025,sales,Dover Legal Partners,Soap Dispenser,DSP-100,Washroom Supplies,8,$30.40 ,243.2,0%,$0.00 ,243.2,134.4,,-8,($134.40),0,0,Visa,Paid,,6/2/2025,web order,sales_export_2025_06.csv
TXN-000850,2/18/2025,SALE,Cedar & Stone Cafe,Microfiber Mop Head,MOP-100,Janitorial Equipment,6,18,$108.00 ,15.00%,16.2,$91.80 ,$53.40 ,,-6,-53.4,$0.00 ,$0.00 ,Check,Paid,,2/18/2025,repeat customer,sales_export_2025_02.csv
TXN-000155,8/3/2025,sales,Summit Childcare,Soap Dispenser,DSP-100,Washroom Supplies,4,32,128,0,0,128,67.2,,-4,-67.2,$128.00 ,$0.00 ,Invoice,Open,,9/2/2025,,sales_export_2025_08.csv
TXN-001119,12/31/2024,SALE,Maple Street Bakery,Soap Dispenser,DSP-100,Washroom Supplies,1,33.6,33.6,0%,0,$33.60 ,$16.80 ,,-1,-16.8,33.6,USD 0.00,Net 30,Overdue,,1/30/2025,repeat customer,sales_export_2024_12.csv
TXN-000120,6/7/2025,SALE,Cedar & Stone Cafe,Mop Handle,MOP-200,Janitorial Equipment,3,$22.80 ,68.4,0.00%,0,$68.40 ,34.5,,-3,-34.5,0,$0.00 ,Check,Paid,,6/7/2025,repeat customer,sales_export_2025_06.csv
TXN-001315,6/20/2024,SALE,Riverbend Brewery,Hand Sanitizer 1 Gal,SAN-100,Washroom Supplies,2,20.9,41.8,0.1,4.18,$37.62 ,$21.20 ,,-2,-21.2,$0.00 ,0,Cash,Paid,,6/20/2024,repeat customer,sales_export_2024_06.csv
TXN-000442,4/21/2025,Sale,Acme Property Group,All-Purpose Cleaner,CLN-100,Cleaning Supplies,6,8.93,53.58,0.00%,$0.00 ,53.58,$18.60 ,,-6,-18.6,53.58,0,Net 30,Open,,5/21/2025,monthly replenishment,sales_export_2025_04.csv
TXN-000173,5/1/2025,Sale,Pinecrest Academy,Microfiber Mop Head,MOP-100,Janitorial Equipment,2,17.1,34.2,0%,0,34.2,17.8,,-2,-17.8,$0.00 ,0,Mastercard,Paid,,5/1/2025,,sales_export_2025_05.csv
TXN-000894,6/11/2024,sales,Zenith Logistics,glass cleaner,CLN-200,Cleaning Supplies,3,7.25,21.75,0,$0.00 ,21.75,7.65,,-3,USD -7.65,0,0,Visa,Paid,,6/11/2024,monthly replenishment,sales_export_2024_06.csv
TXN-001041,5/13/2025,Sale,Keystone Auto Repair,Trash Bags 55 Gal,BAG-100,Waste Supplies,2,27.55,55.1,5%,2.76,$52.34 ,$30.80 ,,-2,USD -30.80,0,0,Check,Paid,,5/13/2025,web order,sales_export_2025_05.csv
TXN-000035,3/7/2024,sales,Zenith Logistics,Glass Cleaner,CLN-200,Cleaning Supplies,2,$6.89 ,13.78,0%,0,USD 13.78,5.1,,-2,USD -5.10,0,0,Check,Paid,,3/7/2024,monthly replenishment,sales_export_2024_03.csv
TXN-001638,3/24/2024,sales,Tidal Wave Media,Microfiber Mop Head,MOP-100,Janitorial Equipment,12,18,$216.00 ,0%,USD 0.00,$216.00 ,USD 106.80,,-12,-106.8,0,$0.00 ,ACH,Paid,,3/24/2024,web order,sales_export_2024_03.csv
TXN-001038,8/21/2025,SALE,Evergreen Fitness,All-Purpose Cleaner,CLN-100,Cleaning Supplies,2,$8.50 ,$17.00 ,5.00%,$0.85 ,$16.15 ,6.2,,-2,USD -6.20,$16.15 ,0,Net 30,Open,,9/20/2025,,sales_export_2025_08.csv
TXN-000375,4/30/2025,SALE,Westfield Theater,Hand Sanitizer 1 Gal,SAN-100,Washroom Supplies,3,$22.00 ,66,5%,3.3,62.7,31.8,,-3,-31.8,0,$0.00 ,Check,Paid,,4/30/2025,,sales_export_2025_04.csv
TXN-001441,12-Jul-24,SALE,Juniper Market,Microfiber Mop Head,MOP-100,Janitorial Equipment,8,18,$144.00 ,0%,0,144,71.2,,-8,-71.2,0,0,Check,Paid,,12-Jul-24,,sales_export_2024_07.csv
TXN-000213,4/15/2024,sales,Lakeside Vet Care,All-Purpose Cleaner,CLN-100,Cleaning Supplies,1,8.93,8.93,5.00%,0.45,8.48,3.1,,-1,($3.10),0,$0.00 ,Cash,Paid,,4/15/2024,monthly replenishment,sales_export_2024_04.csv
TXN-001997,3/8/2025,AR Receipt,Acme Property Group,Glass Cleaner,,Accounts Receivable,,,,,,,,,0,0,-13.77,0,ACH,Paid,,,Payment applied to customer invoice,ar_receipts_export.csv
TXN-000239,2/27/2024,Sale,Summit Childcare,Nitrile Gloves Box,GLO-100,Safety Supplies,4,$15.75 ,$63.00 ,0%,0,$63.00 ,28.8,,-4,($28.80),63,0,Net 30,Open,,3/28/2024,Rush delivery,sales_export_2024_02.csv
TXN-002087,4/11/2025,AP Payment,,,,Accounts Payable,,,,,,,,,0,$0.00 ,0,-227.66,ACH,Paid,North Supply Co.,,Payment applied to vendor bill,ap_payment_register.csv
TXN-000193,2/6/2024,sales,Pinecrest Academy,Mop Handle,MOP-200,Janitorial Equipment,10,22.8,228,10%,$22.80 ,205.2,115,,-10,-115,205.2,0,ACH,Open,,3/7/2024,repeat customer,sales_export_2024_02.csv
TXN-001423,1/22/2024,Sale,Acme Property Group,Microfiber Mop Head,MOP-100,Janitorial Equipment,1,USD 18.00,18,10%,1.8,16.2,8.9,,-1,-8.9,0,0,Visa,Paid,,22-Jan-24,repeat customer,sales_export_2024_01.csv
TXN-001084,5/7/2025,SALE,Valley Fresh Grocers,Nitrile Gloves Box,GLO-100,Safety Supplies,2,15.75,$31.50 ,0%,USD 0.00,USD 31.50,14.4,,-2,-14.4,$0.00 ,0,ACH,Paid,,5/7/2025,monthly replenishment,sales_export_2025_05.csv
TXN-001112,24-Mar-25,Sale,Valley Fresh Grocers,Hand Sanitizer 1 Gal,SAN-100,Washroom Supplies,2,$22.00 ,44,0.00%,$0.00 ,44,21.2,,-2,-21.2,44,0,ACH,Open,,4/23/2025,Rush delivery,sales_export_2025_03.csv
TXN-000360,10/31/2025,SALE,Riverbend Brewery,Soap Dispenser,DSP-100,Washroom Supplies,1,$32.00 ,32,0%,0,32,16.8,,-1,($16.80),0,$0.00 ,Check,Paid,,10/31/2025,monthly replenishment,sales_export_2025_10.csv
TXN-001934,16-Aug-24,EXPENSE,,,,Delivery Fuel,,,,,,,,$249.10 ,0,$0.00 ,$0.00 ,$0.00 ,Check,Paid,Metro Fuel Stop,,recurring monthly charge,expenses_Aug_2024.csv
TXN-001462,5/6/2024,SALE,Juniper Market,HAND SANITIZER 1 GAL,SAN-100,Washroom Supplies,3,22,66,0.00%,$0.00 ,66,31.8,,-3,($31.80),66,0,ACH,Open,,6/5/2024,web order,sales_export_2024_05.csv
TXN-001378,12/1/2024,SALE,BrightPath Dental,Trash Bags 55 Gal,BAG-100,Waste Supplies,12,27.55,$330.60 ,0.00%,0,$330.60 ,184.8,,-12,USD -184.80,$330.60 ,$0.00 ,Invoice,Open,,12/31/2024,web order,sales_export_2024_12.csv
TXN-001743,1/8/2025,Inventory Purchase,,Microfiber Mop Head,MOP-100,Janitorial Equipment,96,8.9,,,,,,,96,854.4,$0.00 ,854.4,Net 30,Open,Facility Gear Inc,2/7/2025,vendor shipment received,purchases_202501.csv
TXN-000604,9/30/2025,sales,Zenith Logistics,Hand Sanitizer 1 Gal,SAN-100,Washroom Supplies,1,$22.00 ,22,0.00%,0,22,10.6,,-1,-10.6,0,0,Check,Paid,,9/30/2025,,sales_export_2025_09.csv
TXN-000619,4/12/2025,SALE,Pinecrest Academy,Soap Dispenser,DSP-100,Washroom Supplies,4,32,$128.00 ,0,$0.00 ,$128.00 ,67.2,,-4,-67.2,0,0,Check,Paid,,4/12/2025,,sales_export_2025_04.csv
TXN-001683,12/6/2025,Inventory Purchase,,Paper Towel Case,PPR-100,Paper Products,96,21.93,,,,,,,96,"$2,105.28 ",0,2105.28,Net 30,Open,PaperPro Distributors,5-Jan-26,stock replenishment,purchases_202512.csv
TXN-000947,10/4/2024,Sale,Pinecrest Academy,Mop Handle,MOP-200,Janitorial Equipment,5,25.2,126,0,0,USD 126.00,57.5,,-5,($57.50),USD 0.00,0,Cash,Paid,,10/4/2024,Rush delivery,sales_export_2024_10.csv
TXN-001473,11/1/2024,SALE,Golden Hour Events,Glass Cleaner,CLN-200,Cleaning Supplies,2,7.25,14.5,0,0,14.5,$5.10 ,,-2,-5.1,$0.00 ,0,Cash,Paid,,11/1/2024,monthly replenishment,sales_export_2024_11.csv
TXN-000090,10/21/2025,SALE,Union Square Hotel,All-Purpose Cleaner,CLN-100,Cleaning Supplies,8,8.08,64.64,15.00%,$9.70 ,54.94,24.8,,-8,($24.80),USD 0.00,0,Mastercard,Paid,,10/21/2025,,sales_export_2025_10.csv
TXN-001829,8/27/2025,Inventory Purchase,,HAND SANITIZER 1 GAL,SAN-100,Washroom Supplies,60,$10.81 ,,,,,,,60,648.72,0,0,ACH,Paid,Hygiene Solutions,9/26/2025,,purchases_202508.csv
TXN-000372,7/31/2024,SALE,BrightPath Dental,Paper Towel Case,PPR-100,Paper Products,6,36.1,$216.60 ,0.05,10.83,$205.77 ,129,,-6,-129,$205.77 ,$0.00 ,Net 30,Open,,8/30/2024,monthly replenishment,sales_export_2024_07.csv
TXN-000409,6/17/2025,Sale,Maple Street Bakery,Mop Handle,MOP-200,Janitorial Equipment,4,$24.00 ,96,5%,USD 4.80,91.2,46,,-4,($46.00),91.2,0,Invoice,Open,,7/17/2025,web order,sales_export_2025_06.csv
TXN-002033,11/9/2024,AR Receipt,Valley Fresh Grocers,Trash Bags 55 Gal,,Accounts Receivable,,,,,,,,,0,0,-116,$0.00 ,Check,Paid,,,Payment applied to customer invoice,ar_receipts_export.csv
TXN-001767,7/26/2024,inventory purchase,,Glass Cleaner,CLN-200,Cleaning Supplies,60,2.5,,,,,,,60,$149.94 ,$0.00 ,149.94,Net 30,Overdue,North Supply Co.,8/25/2024,,purchases_202407.csv
TXN-001498,5/20/2024,sales,Cedar & Stone Cafe,Toilet Tissue Case,PPR-200,Paper Products,1,41.8,41.8,0,0,41.8,$25.80 ,,-1,USD -25.80,$41.80 ,USD 0.00,ACH,Open,,6/19/2024,monthly replenishment,sales_export_2024_05.csv
TXN-001151,1/10/2025,SALE,Pinecrest Academy,Microfiber Mop Head,MOP-100,Janitorial Equipment,5,18,90,0,0,90,44.5,,-5,-44.5,USD 0.00,$0.00 ,Visa,Paid,,10-Jan-25,repeat customer,sales_export_2025_01.csv
TXN-001267,9/12/2025,Sale,Yellow Finch Design,Trash Bags 55 Gal,BAG-100,Waste Supplies,8,29,232,0%,0,$232.00 ,$123.20 ,,-8,-123.2,0,0,Cash,Paid,,9/12/2025,repeat customer,sales_export_2025_09.csv
TXN-001082,4/22/2024,Sale,Maple Street Bakery,Microfiber Mop Head,MOP-100,Janitorial Equipment,3,$18.90 ,$56.70 ,5.00%,$2.84 ,$53.86 ,$26.70 ,,-3,-26.7,53.86,$0.00 ,Invoice,Overdue,,22-May-24,web order,sales_export_2024_04.csv
TXN-000620,12/23/2025,SALE,Acme Property Group,Trash Bags 55 Gal,BAG-100,Waste Supplies,1,$29.00 ,$29.00 ,0,$0.00 ,$29.00 ,15.4,,-1,-15.4,0,0,Visa,Paid,,12/23/2025,web order,sales_export_2025_12.csv
TXN-001305,11/24/2025,sales,Lakeside Vet Care,Trash Bags 55 Gal,BAG-100,Waste Supplies,3,29,$87.00 ,0.00%,0,87,$46.20 ,,-3,($46.20),$87.00 ,$0.00 ,ACH,Overdue,,12/24/2025,Rush delivery,sales_export_2025_11.csv
TXN-001730,1/28/2025,inventory purchase,,Hand Sanitizer 1 Gal,SAN-100,Washroom Supplies,48,$10.39 ,,,,,,,48,$498.62 ,$0.00 ,$498.62 ,Net 30,Open,Hygiene Solutions,2/27/2025,vendor shipment received,purchases_202501.csv
TXN-000143,12/13/2024,SALE,Oak & Olive Bistro,All-Purpose Cleaner,CLN-100,Cleaning Supplies,4,$8.50 ,USD 34.00,0.00%,0,34,12.4,,-4,-12.4,34,$0.00 ,ACH,Open,,1/12/2025,monthly replenishment,sales_export_2024_12.csv
TXN-001525,3/10/2025,SALE,Ironwood Builders,Microfiber Mop Head,MOP-100,Janitorial Equipment,10,17.1,$171.00 ,0%,$0.00 ,171,89,,-10,($89.00),171,$0.00 ,ACH,Open,,4/9/2025,,sales_export_2025_03.csv
TXN-001642,21-Mar-25,sales,Golden Hour Events,All-Purpose Cleaner,CLN-100,Cleaning Supplies,6,$8.08 ,48.48,0.00%,0,USD 48.48,18.6,,-6,-18.6,48.48,0,Invoice,Open,,4/20/2025,web order,sales_export_2025_03.csv
TXN-001583,7/10/2024,sales,Westfield Theater,Hand Sanitizer 1 Gal,SAN-100,Washroom Supplies,3,20.9,62.7,0%,0,62.7,31.8,,-3,($31.80),USD 62.70,USD 0.00,Invoice,Open,,8/9/2024,,sales_export_2024_07.csv
TXN-000555,3/21/2024,Sale,Westfield Theater,Hand Sanitizer 1 Gal,SAN-100,Washroom Supplies,4,$20.90 ,83.6,0,0,83.6,42.4,,-4,($42.40),0,0,Visa,Paid,,3/21/2024,Rush delivery,sales_export_2024_03.csv
TXN-001919,9/23/2025,EXPENSE,,,,Payroll,,,,,,,,"1,207.62",0,0,0,0,Visa,Paid,Staff Payroll,,approved by owner,expenses_Sep_2025.csv
TXN-001832,14-Feb-24,EXPENSE,,,,Rent,,,,,,,,"$3,435.30 ",0,0,0,0,ACH,Paid,City Center Properties,,recurring monthly charge,expenses_Feb_2024.csv
TXN-000187,1/23/2024,Sale,Tidal Wave Media,Toilet Tissue Case,PPR-200,Paper Products,4,44,176,0.00%,0,176,$103.20 ,,-4,-103.2,0,0,Mastercard,Paid,,1/23/2024,,sales_export_2024_01.csv
TXN-001457,9/9/2025,SALE,Quantum IT Services,Nitrile Gloves Box,GLO-100,Safety Supplies,6,$15.00 ,USD 90.00,5%,$4.50 ,USD 85.50,$43.20 ,,-6,-43.2,$0.00 ,$0.00 ,Visa,Paid,,9/9/2025,monthly replenishment,sales_export_2025_09.csv
TXN-001504,3/23/2025,Sale,Cedar & Stone Cafe,All Purpose Cleaner,CLN-100,Cleaning Supplies,3,USD 8.50,25.5,0%,0,25.5,USD 9.30,,-3,-9.3,25.5,$0.00 ,Invoice,Open,,4/22/2025,monthly replenishment,sales_export_2025_03.csv
TXN-000056,6/16/2025,SALE,Falcon Ridge Realty,Microfiber Mop Head,MOP-100,Janitorial Equipment,2,17.1,$34.20 ,0,0,34.2,$17.80 ,,-2,-17.8,USD 0.00,0,Visa,Paid,,6/16/2025,,sales_export_2025_06.csv
TXN-001818,1/16/2025,inventory purchase,,Microfiber Mop Head,MOP-100,Janitorial Equipment,72,9.08,,,,,,,72,653.62,0,$653.62 ,Net 30,Open,Facility Gear Inc,2/15/2025,stock replenishment,purchases_202501.csv
TXN-000814,4/27/2025,Sale,Ironwood Builders,Toilet Tissue Case,PPR-200,Paper Products,1,USD 41.80,41.8,0.00%,0,41.8,25.8,,-1,($25.80),0,$0.00 ,Mastercard,Paid,,4/27/2025,Rush delivery,sales_export_2025_04.csv
TXN-000222,9/13/2024,SALE,Westfield Theater,microfiber mop head,MOP-100,Janitorial Equipment,6,18,108,5%,5.4,102.6,USD 53.40,,-6,($53.40),$102.60 ,$0.00 ,ACH,Overdue,,10/13/2024,Rush delivery,sales_export_2024_09.csv
TXN-001846,10/26/2024,Operating Expense,,,,Office Supplies,,,,,,,,$84.47 ,0,$0.00 ,$0.00 ,$0.00 ,ACH,Paid,Office Depot,,,expenses_Oct_2024.csv
TXN-001689,7/26/2024,Inventory Purchase,,Glass Cleaner,CLN-200,Cleaning Supplies,48,2.45,,,,,,,48,117.5,0,USD 117.50,Net 30,Overdue,North Supply Co.,8/25/2024,vendor shipment received,purchases_202407.csv
TXN-000857,28-May-25,Sale,Golden Hour Events,Mop Handle,MOP-200,Janitorial Equipment,10,24,240,5%,12,228,115,,-10,($115.00),0,0,Visa,Paid,,5/28/2025,monthly replenishment,sales_export_2025_05.csv
TXN-001929,11/23/2024,Operating Expense,,,,Payroll,,,,,,,,"1,272.71",0,0,$0.00 ,$0.00 ,Visa,Paid,Staff Payroll,,approved by owner,expenses_Nov_2024.csv
TXN-001581,12/31/2024,Sale,Golden Hour Events,PAPER TOWEL CASE,PPR-100,Paper Products,2,38,76,10.00%,7.6,68.4,43,,-2,USD -43.00,$0.00 ,0,Visa,Paid,,12/31/2024,repeat customer,sales_export_2024_12.csv
TXN-001467,6/1/2025,SALE,Maple Street Bakery,Soap Dispenser,DSP-100,Washroom Supplies,2,33.6,67.2,0.00%,0,$67.20 ,USD 33.60,,-2,-33.6,67.2,$0.00 ,Invoice,Open,,7/1/2025,web order,sales_export_2025_06.csv
TXN-001290,11/7/2024,SALE,Pinecrest Academy,Paper Towel Case,PPR-100,Paper Products,3,36.1,$108.30 ,0.00%,$0.00 ,108.3,$64.50 ,,-3,($64.50),0,$0.00 ,Check,Paid,,11/7/2024,monthly replenishment,sales_export_2024_11.csv
TXN-000287,7/13/2025,sales,Maple Street Bakery,Hand Sanitizer 1 Gal,SAN-100,Washroom Supplies,2,$23.10 ,46.2,0.05,2.31,$43.89 ,$21.20 ,,-2,($21.20),43.89,$0.00 ,ACH,Open,,8/12/2025,,sales_export_2025_07.csv
TXN-001943,3/2/2024,EXPENSE,,,,Delivery Fuel,,,,,,,,174.5,0,0,0,$0.00 ,ACH,Paid,Metro Fuel Stop,,,expenses_Mar_2024.csv
TXN-001474,11/16/2025,SALE,summit childcare,Soap Dispenser,DSP-100,Washroom Supplies,3,$33.60 ,$100.80 ,0%,$0.00 ,$100.80 ,USD 50.40,,-3,($50.40),$0.00 ,$0.00 ,Cash,Paid,,11/16/2025,monthly replenishment,sales_export_2025_11.csv
TXN-001492,9/1/2025,Sale,JUNIPER MARKET,Paper Towel Case,PPR-100,Paper Products,3,38,114,5%,5.7,USD 108.30,64.5,,-3,($64.50),$108.30 ,0,Invoice,Open,,10/1/2025,repeat customer,sales_export_2025_09.csv
TXN-000967,12/25/2024,SALE,Quantum IT Services,Soap Dispenser,DSP-100,Washroom Supplies,8,30.4,243.2,0.00%,0,243.2,$134.40 ,,-8,-134.4,0,0,Cash,Paid,,12/25/2024,monthly replenishment,sales_export_2024_12.csv
TXN-002073,7/19/2024,AP Payment,,,,Accounts Payable,,,,,,,,,0,$0.00 ,0,-640.8,Wire,Paid,Facility Gear Inc,,Payment applied to vendor bill,ap_payment_register.csv
TXN-000968,8/15/2025,sales,Riverbend Brewery,Trash Bags 55 Gal,BAG-100,Waste Supplies,8,29,$232.00 ,5.00%,$11.60 ,220.4,123.2,,-8,-123.2,0,0,Cash,Paid,,8/15/2025,Rush delivery,sales_export_2025_08.csv
TXN-001395,12/24/2025,sales,Keystone Auto Repair,All-Purpose Cleaner,CLN-100,Cleaning Supplies,2,$8.50 ,USD 17.00,0.00%,$0.00 ,$17.00 ,6.2,,-2,-6.2,$17.00 ,0,Invoice,Overdue,,1/23/2026,repeat customer,sales_export_2025_12.csv
TXN-000228,29-Jun-24,SALE, Golden Hour Events ,Hand Sanitizer 1 Gal,SAN-100,Washroom Supplies,4,22,$88.00 ,0.00%,$0.00 ,$88.00 ,42.4,,-4,USD -42.40,$0.00 ,$0.00 ,Check,Paid,,6/29/2024,monthly replenishment,sales_export_2024_06.csv
TXN-001811,14-May-25,Inventory Purchase,,Glass Cleaner,CLN-200,Cleaning Supplies,24,2.6,,,,,,,24,62.42,USD 0.00,$0.00 ,ACH,Paid,North Supply Co.,6/13/2025,vendor shipment received,purchases_202505.csv
TXN-000761,5/13/2025,Sale,Tidal Wave Media,Microfiber Mop Head,MOP-100,Janitorial Equipment,10,$18.90 ,$189.00 ,0.05,$9.45 ,179.55,$89.00 ,,-10,-89,179.55,0,Invoice,Overdue,,6/12/2025,,sales_export_2025_05.csv
TXN-000469,4/30/2024,sales,Ironwood Builders,All-Purpose Cleaner,CLN-100,Cleaning Supplies,6,8.93,53.58,0%,0,53.58,18.6,,-6,-18.6,$0.00 ,0,Check,Paid,,4/30/2024,Rush delivery,sales_export_2024_04.csv
TXN-000426,12/13/2024,sales,Riverbend Brewery,Paper Towel Case,PPR-100,Paper Products,3,38,114,0,0,114,64.5,,-3,-64.5,$114.00 ,$0.00 ,ACH,Overdue,,1/12/2025,,sales_export_2024_12.csv
TXN-000595,12/4/2024,Sale,Quantum IT Services,nitrile gloves box,GLO-100,Safety Supplies,2,$15.75 ,31.5,0%,0,$31.50 ,14.4,,-2,-14.4,$31.50 ,$0.00 ,ACH,Overdue,,1/3/2025,repeat customer,sales_export_2024_12.csv
TXN-001285,2/6/2025,sales,Dover Legal Partners,Soap Dispenser,DSP-100,Washroom Supplies,2,$33.60 ,67.2,0.00%,$0.00 ,67.2,33.6,,-2,-33.6,67.2,0,ACH,Overdue,,3/8/2025,web order,sales_export_2025_02.csv
TXN-001252,3/3/2025,sales,Valley Fresh Grocers,nitrile gloves box,GLO-100,Safety Supplies,2,14.25,28.5,0.05,1.43,$27.07 ,14.4,,-2,-14.4,$0.00 ,0,Mastercard,Paid,,3/3/2025,Rush delivery,sales_export_2025_03.csv
TXN-000543,1/17/2024,Sale,Riverbend Brewery,All-Purpose Cleaner,CLN-100,Cleaning Supplies,6,$8.93 ,$53.58 ,5.00%,2.68,$50.90 ,18.6,,-6,-18.6,0,0,Check,Paid,,1/17/2024,web order,sales_export_2024_01.csv
TXN-001673,1/7/2025,PURCHASE,,Paper Towel Case,PPR-100,Paper Products,24,20.64,,,,,,,24,$495.36 ,0,495.36,Net 30,Open,PaperPro Distributors,2/6/2025,stock replenishment,purchases_202501.csv
TXN-001524,2-Aug-24,Sale,Pinecrest Academy,Paper Towel Case,PPR-100,Paper Products,1,$39.90 ,39.9,0%,USD 0.00,39.9,21.5,,-1,-21.5,0,USD 0.00,Check,Paid,,8/2/2024,repeat customer,sales_export_2024_08.csv
TXN-000954,9/28/2025,Sale,Riverbend Brewery,Nitrile Gloves Box,GLO-100,Safety Supplies,3,$15.75 ,USD 47.25,15%,$7.09 ,$40.16 ,21.6,,-3,-21.6,40.16,$0.00 ,ACH,Open,,28-Oct-25,repeat customer,sales_export_2025_09.csv
TXN-000581,12/28/2025,SALE,Cedar & Stone Cafe,Toilet Tissue Case,PPR-200,Paper Products,2,44,$88.00 ,0.00%,USD 0.00,88,51.6,,-2,($51.60),0,$0.00 ,Check,Paid,,12/28/2025,monthly replenishment,sales_export_2025_12.csv
TXN-001988,8/30/2024,Customer Payment,Northstar Consulting,Toilet Tissue Case,,Accounts Receivable,,,,,,,,,0,$0.00 ,-264,0,Wire,Paid,,,Payment applied to customer invoice,ar_receipts_export.csv
TXN-000325,3-Sep-24,Sale,Quantum IT Services,Paper Towel Case,PPR-100,Paper Products,4,$36.10 ,144.4,0.00%,0,$144.40 ,86,,-4,-86,$144.40 ,$0.00 ,ACH,Open,,10/3/2024,web order,sales_export_2024_09.csv
TXN-001557,10/23/2025,Sale,Cedar & Stone Cafe,Microfiber Mop Head,MOP-100,Janitorial Equipment,4,18,USD 72.00,0.00%,0,USD 72.00,USD 35.60,,-4,-35.6,USD 0.00,0,ACH,Paid,,10/23/2025,repeat customer,sales_export_2025_10.csv
TXN-000441,3/30/2025,sales,Quantum IT Services,Mop Handle,MOP-200,Janitorial Equipment,5,24,$120.00 ,0%,USD 0.00,$120.00 ,$57.50 ,,-5,($57.50),120,0,Invoice,Open,,4/29/2025,,sales_export_2025_03.csv
TXN-001601,1/14/2024,SALE,Pinecrest Academy,All-Purpose Cleaner,CLN-100,Cleaning Supplies,8,8.93,$71.44 ,0%,0,71.44,24.8,,-8,-24.8,0,0,Cash,Paid,,1/14/2024,web order,sales_export_2024_01.csv
TXN-000902,4/27/2025,SALE,Ironwood Builders,Trash Bags 55 Gal,BAG-100,Waste Supplies,2,27.55,$55.10 ,0.05,$2.76 ,52.34,$30.80 ,,-2,-30.8,52.34,0,Net 30,Open,,5/27/2025,monthly replenishment,sales_export_2025_04.csv
TXN-000231,6/18/2025,SALE,Dover Legal Partners,Microfiber Mop Head,MOP-100,Janitorial Equipment,1,18,$18.00 ,0.05,0.9,17.1,$8.90 ,,-1,-8.9,USD 17.10,USD 0.00,ACH,Open,,7/18/2025,Rush delivery,sales_export_2025_06.csv
TXN-001766,5/26/2025,PURCHASE,,Glass Cleaner,CLN-200,Cleaning Supplies,72,2.45,,,,,,,72,176.26,0,$176.26 ,Net 30,Open,North Supply Co.,25-Jun-25,stock replenishment,purchases_202505.csv
TXN-001125,6/25/2025,Sale,Riverbend Brewery,Trash Bags 55 Gal,BAG-100,Waste Supplies,10,29,$290.00 ,5.00%,14.5,275.5,154,,-10,USD -154.00,275.5,$0.00 ,Net 30,Open,,7/25/2025,web order,sales_export_2025_06.csv
TXN-001438,16-Feb-25,SALE,Ironwood Builders,Glass Cleaner,CLN-200,Cleaning Supplies,5,7.25,$36.25 ,0.00%,0,36.25,12.75,,-5,($12.75),$0.00 ,0,Mastercard,Paid,,2/16/2025,,sales_export_2025_02.csv
TXN-001802,9/8/2024,Inventory Purchase,,Nitrile Gloves Box,GLO-100,Safety Supplies,60,$7.06 ,,,,,,,60,423.36,0,0,ACH,Paid,SafeHands Wholesale,10/8/2024,,purchases_202409.csv
TXN-001769,3/20/2025,PURCHASE,,Mop Handle,MOP-200,Janitorial Equipment,24,11.73,,,,,,,24,$281.52 ,$0.00 ,281.52,Net 30,Open,Facility Gear Inc,4/19/2025,stock replenishment,purchases_202503.csv
TXN-001074,6/12/2024,sales,Harborview Clinic,Mop Handle,MOP-200,Janitorial Equipment,1,24,24,0.00%,$0.00 ,24,$11.50 ,,-1,($11.50),$0.00 ,0,Check,Paid,,6/12/2024,monthly replenishment,sales_export_2024_06.csv
TXN-001058,26-Oct-24,SALE,Cedar & Stone Cafe,Mop Handle,MOP-200,Janitorial Equipment,4,$24.00 ,96,0%,0,96,46,,-4,USD -46.00,0,$0.00 ,ACH,Paid,,10/26/2024,repeat customer,sales_export_2024_10.csv
TXN-002010,5/21/2025,AR Receipt,Cedar & Stone Cafe,Mop Handle,,Accounts Receivable,,,,,,,,,0,$0.00 ,($96.00),$0.00 ,Check,Paid,,,Payment applied to customer invoice,ar_receipts_export.csv
TXN-001510,8/5/2024,sales,Zenith Logistics,Nitrile Gloves Box,GLO-100,Safety Supplies,4,$15.00 ,USD 60.00,0.00%,0,$60.00 ,28.8,,-4,-28.8,60,0,ACH,Open,,9/4/2024,Rush delivery,sales_export_2024_08.csv
TXN-002110,10/15/2025,AP Payment,,,,Accounts Payable,,,,,,,,,0,0,0,($217.87),Check,Paid,Facility Gear Inc,,Payment applied to vendor bill,ap_payment_register.csv
TXN-001276,10/21/2025,SALE,IRONWOOD BUILDERS,Toilet Tissue Case,PPR-200,Paper Products,2,USD 44.00,88,0%,0,USD 88.00,$51.60 ,,-2,USD -51.60,88,0,Net 30,Overdue,,11/20/2025,,sales_export_2025_10.csv
TXN-001406,2/24/2025,SALE,Union Square Hotel,Hand Sanitizer 1 Gal,SAN-100,Washroom Supplies,2,$20.90 ,41.8,10%,$4.18 ,37.62,21.2,,-2,-21.2,$0.00 ,0,Mastercard,Paid,,2/24/2025,,sales_export_2025_02.csv
TXN-000712,6/21/2025,SALE,Lakeside Vet Care,Hand Sanitizer 1 Gal,SAN-100,Washroom Supplies,6,$23.10 ,USD 138.60,0.00%,0,138.6,$63.60 ,,-6,($63.60),$0.00 ,0,Check,Paid,,21-Jun-25,web order,sales_export_2025_06.csv
TXN-000326,10/1/2025,SALE,Valley Fresh Grocers,Nitrile Gloves Box,GLO-100,Safety Supplies,10,$15.75 ,157.5,0.00%,USD 0.00,$157.50 ,$72.00 ,,-10,-72,157.5,0,ACH,Open,,10/31/2025,,sales_export_2025_10.csv
TXN-001594,12/16/2024,SALE,Maple Street Bakery,All-Purpose Cleaner,CLN-100,Cleaning Supplies,3,8.93,26.79,0%,$0.00 ,26.79,$9.30 ,,-3,($9.30),26.79,0,Net 30,Open,,1/15/2025,web order,sales_export_2024_12.csv
TXN-000341,3/8/2025,SALE,Maple Street Bakery,Nitrile Gloves Box,GLO-100,Safety Supplies,2,$15.00 ,30,0.1,3,27,14.4,,-2,-14.4,0,0,Cash,Paid,,3/8/2025,web order,sales_export_2025_03.csv
TXN-000629,4-Aug-25,sales,Falcon Ridge Realty,Nitrile Gloves Box,GLO-100,Safety Supplies,3,14.25,42.75,0%,0,$42.75 ,USD 21.60,,-3,USD -21.60,0,0,Mastercard,Paid,,8/4/2025,web order,sales_export_2025_08.csv
TXN-001004,9/3/2024,SALE,Summit Childcare,Microfiber Mop Head,MOP-100,Janitorial Equipment,4,18,$72.00 ,0%,0,72,$35.60 ,,-4,-35.6,$0.00 ,0,Mastercard,Paid,,9/3/2024,monthly replenishment,sales_export_2024_09.csv
TXN-002048,31-May-24,ar receipt,Lakeside Vet Care,Nitrile Gloves Box,,Accounts Receivable,,,,,,,,,0,0,($59.85),$0.00 ,ACH,Paid,,,Payment applied to customer invoice,ar_receipts_export.csv
TXN-001046,12/30/2024,Sale,Yellow Finch Design,Toilet Tissue Case,PPR-200,Paper Products,4,41.8,167.2,0,0,167.2,103.2,,-4,-103.2,$167.20 ,0,Net 30,Open,,1/29/2025,repeat customer,sales_export_2024_12.csv
TXN-001971,7/17/2025,ar receipt,Acme Property Group,Glass Cleaner,,Accounts Receivable,,,,,,,,,0,$0.00 ,-28.92,$0.00 ,ACH,Paid,,,Payment applied to customer invoice,ar_receipts_export.csv
TXN-001590,8/26/2024,sales,Ironwood Builders,Nitrile Gloves Box,GLO-100,Safety Supplies,2,$15.00 ,30,0,0,30,$14.40 ,,-2,($14.40),0,$0.00 ,Mastercard,Paid,,8/26/2024,,sales_export_2024_08.csv
TXN-001533,9/1/2024,SALE,Oak & Olive Bistro,Microfiber Mop Head,MOP-100,Janitorial Equipment,6,18.9,USD 113.40,5%,$5.67 ,107.73,53.4,,-6,-53.4,107.73,$0.00 ,Net 30,Open,,10/1/2024,Rush delivery,sales_export_2024_09.csv
TXN-001228,12/7/2024,SALE,Yellow Finch Design,Glass Cleaner,CLN-200,Cleaning Supplies,5,6.89,34.45,0.1,3.45,31,$12.75 ,,-5,USD -12.75,0,0,Mastercard,Paid,,7-Dec-24,,sales_export_2024_12.csv
TXN-000061,1/26/2024,sales,Zenith Logistics,Nitrile Gloves Box,GLO-100,Safety Supplies,2,$15.00 ,30,0.05,$1.50 ,$28.50 ,$14.40 ,,-2,USD -14.40,$0.00 ,USD 0.00,Visa,Paid,,1/26/2024,,sales_export_2024_01.csv
TXN-001354,6/25/2024,SALE,Juniper Market, Glass Cleaner ,CLN-200,Cleaning Supplies,1,6.89,USD 6.89,0.00%,0,6.89,$2.55 ,,-1,-2.55,6.89,$0.00 ,Invoice,Open,,7/25/2024,,sales_export_2024_06.csv
TXN-000896,6/10/2024,Sale,Quantum IT Services,Nitrile Gloves Box,GLO-100,Safety Supplies,2,$14.25 ,28.5,10%,2.85,$25.65 ,$14.40 ,,-2,($14.40),0,$0.00 ,Check,Paid,,10-Jun-24,web order,sales_export_2024_06.csv
TXN-001442,7/31/2025,SALE,Lakeside Vet Care,Nitrile Gloves Box,GLO-100,Safety Supplies,6,14.25,85.5,0%,0,$85.50 ,$43.20 ,,-6,-43.2,$0.00 ,0,Cash,Paid,,7/31/2025,,sales_export_2025_07.csv
TXN-000894,6/11/2024,sales,Zenith Logistics,glass cleaner,CLN-200,Cleaning Supplies,3,7.25,21.75,0,$0.00 ,21.75,7.65,,-3,USD -7.65,0,0,Visa,Paid,,6/11/2024,monthly replenishment,sales_export_2024_06.csv
TXN-001881,4/20/2024,EXPENSE,,,,Utilities,,,,,,,,$384.26 ,0,0,$0.00 ,$0.00 ,Check,Paid,BrightGrid Electric,,approved by owner,expenses_Apr_2024.csv
TXN-000266,4/20/2025,SALE,Evergreen Fitness,Glass Cleaner,CLN-200,Cleaning Supplies,1,6.89,6.89,0.00%,$0.00 ,$6.89 ,2.55,,-1,($2.55),6.89,0,ACH,Open,,5/20/2025,monthly replenishment,sales_export_2025_04.csv
TXN-000862,3/28/2024,SALE,Zenith Logistics,Microfiber Mop Head,MOP-100,Janitorial Equipment,6,18.9,$113.40 ,0,$0.00 ,$113.40 ,53.4,,-6,-53.4,0,$0.00 ,Cash,Paid,,3/28/2024,repeat customer,sales_export_2024_03.csv
TXN-001490,12/9/2024,sales,Quantum IT Services,Trash Bags 55 Gal,BAG-100,Waste Supplies,3,$30.45 ,91.35,5.00%,$4.57 ,86.78,46.2,,-3,-46.2,0,0,Mastercard,Paid,,12/9/2024,,sales_export_2024_12.csv
TXN-001720,7/13/2024,inventory purchase,,Paper Towel Case,PPR-100,Paper Products,48,USD 20.64,,,,,,,48,990.72,0,$990.72 ,Net 30,Open,PaperPro Distributors,8/12/2024,vendor shipment received,purchases_202407.csv
TXN-000779,4-Oct-24,SALE,Oak & Olive Bistro,Paper Towel Case,PPR-100,Paper Products,4,39.9,159.6,0.05,7.98,$151.62 ,$86.00 ,,-4,-86,$0.00 ,0,Visa,Paid,,10/4/2024,repeat customer,sales_export_2024_10.csv
TXN-000980,12/25/2024,sales,Westfield Theater,Glass Cleaner,CLN-200,Cleaning Supplies,3,7.25,21.75,5%,$1.09 ,USD 20.66,$7.65 ,,-3,($7.65),$20.66 ,0,Invoice,Overdue,,1/24/2025,,sales_export_2024_12.csv
TXN-000608,10/22/2024,SALE,Zenith Logistics,Soap Dispenser,DSP-100,Washroom Supplies,2,30.4,60.8,0%,0,$60.80 ,$33.60 ,,-2,($33.60),0,0,Mastercard,Paid,,10/22/2024,web order,sales_export_2024_10.csv
TXN-000007,1/28/2025,sales,Dover Legal Partners,Soap Dispenser,DSP-100,Washroom Supplies,1,32,32,0,$0.00 ,$32.00 ,$16.80 ,,-1,USD -16.80,32,0,ACH,Open,,2/27/2025,,sales_export_2025_01.csv
TXN-000844,12/23/2025,sales,Northstar Consulting,Glass Cleaner,CLN-200,Cleaning Supplies,3,$7.25 ,21.75,0%,$0.00 ,21.75,USD 7.65,,-3,-7.65,21.75,0,Invoice,Overdue,,1/22/2026,web order,sales_export_2025_12.csv
TXN-000615,2/19/2025,sales,Evergreen Fitness,Mop Handle,MOP-200,Janitorial Equipment,3,24,72,0%,$0.00 ,72,34.5,,-3,($34.50),0,USD 0.00,Mastercard,Paid,,2/19/2025,Rush delivery,sales_export_2025_02.csv
TXN-001108,6/23/2025,SALE,Oak & Olive Bistro,Hand Sanitizer 1 Gal,SAN-100,Washroom Supplies,3,$22.00 ,$66.00 ,0%,0,66,31.8,,-3,-31.8,$0.00 ,0,Check,Paid,,6/23/2025,Rush delivery,sales_export_2025_06.csv
TXN-001221,12/11/2025,Sale,Summit Childcare,Glass Cleaner,CLN-200,Cleaning Supplies,1,7.25,7.25,15%,1.09,$6.16 ,2.55,,-1,-2.55,0,$0.00 ,Mastercard,Paid,,11-Dec-25,Rush delivery,sales_export_2025_12.csv
TXN-000345,10/28/2024,SALE,Maple Street Bakery,Glass Cleaner,CLN-200,Cleaning Supplies,1,$7.61 ,7.61,0.05,0.38,7.23,$2.55 ,,-1,-2.55,$0.00 ,0,Cash,Paid,,10/28/2024,repeat customer,sales_export_2024_10.csv
TXN-002031,3/13/2024,AR Receipt,Acme Property Group,Paper Towel Case,,Accounts Receivable,,,,,,,,,0,0,($76.00),0,Wire,Paid,,,Payment applied to customer invoice,ar_receipts_export.csv
TXN-002052,6/20/2024,ap payment,,,,Accounts Payable,,,,,,,,,0,0,0,($72.91),Check,Paid,North Supply Co.,,Payment applied to vendor bill,ap_payment_register.csv
TXN-000580,5/16/2024,SALE,Juniper Market,Microfiber Mop Head,MOP-100,Janitorial Equipment,3,$17.10 ,$51.30 ,0%,$0.00 ,$51.30 ,26.7,,-3,-26.7,0,$0.00 ,Check,Paid,,5/16/2024,web order,sales_export_2024_05.csv
TXN-001972,10/30/2024,ar receipt,Summit Childcare,Paper Towel Case,,Accounts Receivable,,,,,,,,,0,0,($34.20),0,Wire,Paid,,,Payment applied to customer invoice,ar_receipts_export.csv
TXN-001179,4/9/2024,SALE,Union Square Hotel,All-Purpose Cleaner,CLN-100,Cleaning Supplies,8,8.5,USD 68.00,0.00%,$0.00 ,68,24.8,,-8,-24.8,$0.00 ,$0.00 ,Mastercard,Paid,,4/9/2024,monthly replenishment,sales_export_2024_04.csv
TXN-001773,21-Dec-25,Inventory Purchase,,Hand Sanitizer 1 Gal,SAN-100,Washroom Supplies,60,10.39,,,,,,,60,$623.28 ,0,$623.28 ,Net 30,Overdue,Hygiene Solutions,1/20/2026,,purchases_202512.csv
TXN-001647,2/8/2024,SALE,Lakeside Vet Care,Paper Towel Case,PPR-100,Paper Products,10,$38.00 ,380,0.00%,$0.00 ,USD 380.00,$215.00 ,,-10,-215,$0.00 ,0,ACH,Paid,,8-Feb-24,,sales_export_2024_02.csv
TXN-000634,10/5/2024,Sale,Pinecrest Academy,All-Purpose Cleaner,CLN-100,Cleaning Supplies,4,8.93,35.72,0%,$0.00 ,35.72,12.4,,-4,-12.4,0,0,Mastercard,Paid,,10/5/2024,monthly replenishment,sales_export_2024_10.csv
TXN-001721,5/27/2024,Inventory Purchase,,Nitrile Gloves Box,GLO-100,Safety Supplies,96,6.91,,,,,,,96,$663.55 ,$0.00 ,$663.55 ,Net 30,Open,SafeHands Wholesale,6/26/2024,stock replenishment,purchases_202405.csv
TXN-001096,6/23/2024,sales,Quantum IT Services,All-Purpose Cleaner,CLN-100,Cleaning Supplies,5,$8.08 ,$40.40 ,0,0,40.4,USD 15.50,,-5,-15.5,40.4,0,Invoice,Overdue,,7/23/2024,repeat customer,sales_export_2024_06.csv
TXN-000031,10/4/2024,SALE,Oak & Olive Bistro,TOILET TISSUE CASE,PPR-200,Paper Products,1,$41.80 ,41.8,0,0,41.8,$25.80 ,,-1,($25.80),0,$0.00 ,Cash,Paid,,10/4/2024,Rush delivery,sales_export_2024_10.csv
TXN-000780,6/13/2025,Sale,Juniper Market,Microfiber Mop Head,MOP-100,Janitorial Equipment,3,18,54,0%,0,$54.00 ,USD 26.70,,-3,-26.7,0,0,Visa,Paid,,13-Jun-25,repeat customer,sales_export_2025_06.csv
TXN-001419,7/19/2024,Sale,Pinecrest Academy,Hand Sanitizer 1 Gal,SAN-100,Washroom Supplies,3,23.1,69.3,0.00%,0,$69.30 ,31.8,,-3,-31.8,69.3,0,ACH,Overdue,,8/18/2024,,sales_export_2024_07.csv
TXN-000861,8/23/2025,Sale,Zenith Logistics,Trash Bags 55 Gal,BAG-100,Waste Supplies,1,$27.55 ,$27.55 ,15%,4.13,23.42,15.4,,-1,($15.40),$0.00 ,0,Cash,Paid,,8/23/2025,monthly replenishment,sales_export_2025_08.csv
TXN-001615,6/12/2025,SALE, Maple Street Bakery ,Mop Handle,MOP-200,Janitorial Equipment,1,22.8,USD 22.80,15.00%,3.42,$19.38 ,11.5,,-1,-11.5,$0.00 ,0,Cash,Paid,,6/12/2025,monthly replenishment,sales_export_2025_06.csv
TXN-000337,5/23/2025,SALE,Northstar Consulting,All-Purpose Cleaner,CLN-100,Cleaning Supplies,8,8.5,68,0.00%,0,$68.00 ,24.8,,-8,-24.8,USD 0.00,0,Mastercard,Paid,,5/23/2025,,sales_export_2025_05.csv
TXN-000739,9/24/2024,SALE,Golden Hour Events,Nitrile Gloves Box,GLO-100,Safety Supplies,4,15,USD 60.00,15.00%,9,51,28.8,,-4,-28.8,0,0,Check,Paid,,9/24/2024,web order,sales_export_2024_09.csv
TXN-000204,4/24/2025,Sale,Oak & Olive Bistro,Hand Sanitizer 1 Gal,SAN-100,Washroom Supplies,3,22,$66.00 ,0.00%,0,66,$31.80 ,,-3,($31.80),0,$0.00 ,Check,Paid,,4/24/2025,Rush delivery,sales_export_2025_04.csv
TXN-000653,11/3/2024,Sale,Union Square Hotel,Hand Sanitizer 1 Gal,SAN-100,Washroom Supplies,4,23.1,92.4,0.00%,0,92.4,42.4,,-4,USD -42.40,$92.40 ,0,Invoice,Open,,12/3/2024,monthly replenishment,sales_export_2024_11.csv
TXN-001507,10/26/2025,Sale,Summit Childcare,Mop Handle,MOP-200,Janitorial Equipment,8,22.8,182.4,0.00%,0,$182.40 ,$92.00 ,,-8,($92.00),$0.00 ,0,Mastercard,Paid,,10/26/2025,web order,sales_export_2025_10.csv
TXN-002114,4/26/2025,AP Payment,,,,Accounts Payable,,,,,,,,,0,0,$0.00 ,($281.52),Check,Paid,Facility Gear Inc,,Payment applied to vendor bill,ap_payment_register.csv
TXN-001920,12/23/2024,Operating Expense,,,,Software,,,,,,,,USD 164.89,0,0,$0.00 ,$0.00 ,ACH,Paid,CloudSuite,,,expenses_Dec_2024.csv
TXN-000323,9/30/2025,SALE,Keystone Auto Repair,Soap Dispenser,DSP-100,Washroom Supplies,4,$33.60 ,134.4,0.05,$6.72 ,$127.68 ,$67.20 ,,-4,-67.2,0,0,ACH,Paid,,9/30/2025,monthly replenishment,sales_export_2025_09.csv
TXN-000645,8/27/2025,Sale,Evergreen Fitness,Glass Cleaner,CLN-200,Cleaning Supplies,1,$7.25 ,USD 7.25,10.00%,0.73,$6.52 ,2.55,,-1,-2.55,$0.00 ,0,Mastercard,Paid,,8/27/2025,monthly replenishment,sales_export_2025_08.csv
TXN-001608,11/14/2025,sales,Tidal Wave Media,Mop Handle,MOP-200,Janitorial Equipment,2,24,48,0%,USD 0.00,USD 48.00,$23.00 ,,-2,($23.00),48,0,ACH,Open,,12/14/2025,repeat customer,sales_export_2025_11.csv
TXN-000932,7/14/2025,Sale,Tidal Wave Media,Nitrile Gloves Box,GLO-100,Safety Supplies,4,$15.00 ,$60.00 ,0,0,60,$28.80 ,,-4,USD -28.80,$60.00 ,0,ACH,Overdue,,8/13/2025,repeat customer,sales_export_2025_07.csv
TXN-000185,12/17/2024,Sale,Pinecrest Academy,Hand Sanitizer 1 Gal,SAN-100,Washroom Supplies,1,22,$22.00 ,0,$0.00 ,22,USD 10.60,,-1,($10.60),0,0,ACH,Paid,,12/17/2024,,sales_export_2024_12.csv
TXN-000793,6/28/2024,SALE,Cedar & Stone Cafe,Paper Towel Case,PPR-100,Paper Products,3,$38.00 ,114,0.05,5.7,108.3,64.5,,-3,-64.5,USD 0.00,0,Visa,Paid,,6/28/2024,monthly replenishment,sales_export_2024_06.csv
TXN-001532,3/10/2025,Sale,Zenith Logistics,Glass Cleaner,CLN-200,Cleaning Supplies,3,$7.61 ,$22.83 ,10%,2.28,20.55,$7.65 ,,-3,-7.65,20.55,$0.00 ,Invoice,Open,,4/9/2025,repeat customer,sales_export_2025_03.csv
TXN-000736,3/18/2025,sales,Westfield Theater,Soap Dispenser,DSP-100,Washroom Supplies,2,USD 32.00,64,0.00%,USD 0.00,64,33.6,,-2,-33.6,64,0,Invoice,Open,,4/17/2025,monthly replenishment,sales_export_2025_03.csv
TXN-001102,6/6/2024,sales,Tidal Wave Media,Mop Handle,MOP-200,Janitorial Equipment,3,$22.80 ,68.4,0.00%,0,68.4,$34.50 ,,-3,USD -34.50,68.4,0,Net 30,Overdue,,7/6/2024,,sales_export_2024_06.csv
TXN-001998,6/25/2025,AR Receipt,Oak & Olive Bistro,Soap Dispenser,,Accounts Receivable,,,,,,,,,0,$0.00 ,-172.8,0,ACH,Paid,,,Payment applied to customer invoice,ar_receipts_export.csv
TXN-000404,11/8/2024,SALE,Riverbend Brewery,Microfiber Mop Head,MOP-100,Janitorial Equipment,1,18,18,0.00%,0,USD 18.00,8.9,,-1,USD -8.90,0,$0.00 ,Mastercard,Paid,,11/8/2024,Rush delivery,sales_export_2024_11.csv
TXN-000603,3/6/2024,sales,Juniper Market,Trash Bags 55 Gal,BAG-100,Waste Supplies,4,30.45,USD 121.80,0.00%,$0.00 ,121.8,61.6,,-4,-61.6,121.8,0,ACH,Open,,4/5/2024,repeat customer,sales_export_2024_03.csv
TXN-000768,1/21/2024,Sale,Acme Property Group,Glass Cleaner,CLN-200,Cleaning Supplies,4,7.61,30.44,0.05,1.52,28.92,10.2,,-4,-10.2,28.92,0,Invoice,Open,,20-Feb-24,web order,sales_export_2024_01.csv
TXN-001158,11/7/2024,Sale,Keystone Auto Repair,mop handle,MOP-200,Janitorial Equipment,1,$24.00 ,24,5.00%,$1.20 ,22.8,$11.50 ,,-1,($11.50),USD 22.80,$0.00 ,Invoice,Open,,12/7/2024,repeat customer,sales_export_2024_11.csv
TXN-001424,11/12/2024,SALE,Northstar Consulting,Trash Bags 55 Gal,BAG-100,Waste Supplies,1,$29.00 ,$29.00 ,0.00%,0,$29.00 ,15.4,,-1,-15.4,$0.00 ,0,Cash,Paid,,11/12/2024,monthly replenishment,sales_export_2024_11.csv
TXN-001837,5/20/2025,Operating Expense,,,,Software,,,,,,,,178.39,0,0,$0.00 ,0,Check,Paid,cloudsuite,,approved by owner,expenses_May_2025.csv
TXN-001805,5/16/2024,inventory purchase,,Paper Towel Case,PPR-100,Paper Products,120,20.64,,,,,,,120,"2,476.80",$0.00 ,"2,476.80",Net 30,Open,PaperPro Distributors,6/15/2024,stock replenishment,purchases_202405.csv
TXN-001672,11/3/2024,inventory purchase,,Paper Towel Case,PPR-100,Paper Products,36,$20.64 ,,,,,,,36,743.04,0,743.04,Net 30,Open,PaperPro Distributors,12/3/2024,vendor shipment received,purchases_202411.csv
TXN-000247,1/17/2024,SALE,Westfield Theater,Microfiber Mop Head,MOP-100,Janitorial Equipment,4,18.9,$75.60 ,0.05,USD 3.78,71.82,35.6,,-4,-35.6,0,0,ACH,Paid,,1/17/2024,,sales_export_2024_01.csv
TXN-002090,6/14/2024,Vendor Payment,,,,Accounts Payable,,,,,,,,,0,0,0,($364.56),ACH,Paid,North Supply Co.,,Payment applied to vendor bill,ap_payment_register.csv
TXN-001847,6/25/2025,Operating Expense,,,,Payroll,,,,,,,,"1,304.46",0,0,0,0,Check,Paid,Staff Payroll,,recurring monthly charge,expenses_Jun_2025.csv
TXN-001316,4/23/2025,Sale, Falcon Ridge Realty ,All-Purpose Cleaner,CLN-100,Cleaning Supplies,1,8.93,8.93,0.00%,$0.00 ,8.93,3.1,,-1,-3.1,$0.00 ,$0.00 ,Mastercard,Paid,,4/23/2025,monthly replenishment,sales_export_2025_04.csv
TXN-000140,2/27/2024,Sale,Acme Property Group,Glass Cleaner,CLN-200,Cleaning Supplies,3,$7.25 ,21.75,0%,0,21.75,7.65,,-3,-7.65,21.75,$0.00 ,Net 30,Open,,3/28/2024,,sales_export_2024_02.csv
TXN-000320,25-Mar-25,SALE,Quantum IT Services,Microfiber Mop Head,MOP-100,Janitorial Equipment,3,$18.00 ,54,0.05,2.7,$51.30 ,$26.70 ,,-3,-26.7,51.3,0,Invoice,Open,,4/24/2025,monthly replenishment,sales_export_2025_03.csv
TXN-000691,7/12/2025,SALE,Evergreen Fitness,Mop Handle,MOP-200,Janitorial Equipment,4,24,$96.00 ,0%,$0.00 ,USD 96.00,$46.00 ,,-4,($46.00),0,$0.00 ,Visa,Paid,,7/12/2025,web order,sales_export_2025_07.csv
TXN-001655,4/27/2024,Inventory Purchase,,All-Purpose Cleaner,CLN-100,Cleaning Supplies,36,3.04,,,,,,,36,109.37,0,$109.37 ,Net 30,Open,North Supply Co.,27-May-24,,purchases_202404.csv
TXN-002081,2/3/2024,Vendor Payment,,,,Accounts Payable,,,,,,,,,0,$0.00 ,$0.00 ,-239.9,Check,Paid,North Supply Co.,,Payment applied to vendor bill,ap_payment_register.csv
TXN-000919,11/11/2024,Sale,Evergreen Fitness,Soap Dispenser,DSP-100,Washroom Supplies,5,$32.00 ,160,0.15,24,136,84,,-5,-84,$0.00 ,0,Cash,Paid,,11/11/2024,repeat customer,sales_export_2024_11.csv
TXN-001819,10/10/2024,inventory purchase,,Paper Towel Case,PPR-100,Paper Products,72,21.07,,,,,,,72,"1,517.04",$0.00 ,$0.00 ,ACH,Paid,PaperPro Distributors,11/9/2024,stock replenishment,purchases_202410.csv
TXN-001362,12/24/2024,sales,Ironwood Builders,Microfiber Mop Head,MOP-100,Janitorial Equipment,5,$18.90 ,94.5,0,0,USD 94.50,44.5,,-5,-44.5,94.5,0,Invoice,Open,,1/23/2025,,sales_export_2024_12.csv
TXN-001848,9/8/2025,EXPENSE,,,,Software,,,,,,,,125,0,0,0,$0.00 ,Check,Paid,CloudSuite,,,expenses_Sep_2025.csv
TXN-000043,10/12/2025,sales,Keystone Auto Repair,Microfiber Mop Head,MOP-100,Janitorial Equipment,4,$17.10 ,68.4,0%,0,$68.40 ,$35.60 ,,-4,($35.60),0,0,Check,Paid,,10/12/2025,Rush delivery,sales_export_2025_10.csv
TXN-000167,6/2/2025,sales,Oak & Olive Bistro,Soap Dispenser,DSP-100,Washroom Supplies,6,$32.00 ,$192.00 ,0.1,19.2,172.8,USD 100.80,,-6,-100.8,$172.80 ,USD 0.00,Net 30,Open,,7/2/2025,web order,sales_export_2025_06.csv
TXN-000434,10/21/2024,Sale,Dover Legal Partners,Toilet Tissue Case,PPR-200,Paper Products,4,44,USD 176.00,0%,$0.00 ,176,103.2,,-4,-103.2,0,$0.00 ,Cash,Paid,,10/21/2024,,sales_export_2024_10.csv
TXN-000438,1/24/2024,sales,Yellow Finch Design,Soap Dispenser,DSP-100,Washroom Supplies,3,33.6,$100.80 ,0,0,$100.80 ,50.4,,-3,($50.40),$100.80 ,USD 0.00,Net 30,Open,,2/23/2024,,sales_export_2024_01.csv
TXN-001860,3/14/2024,Operating Expense,,,,Insurance,,,,,,,,353.92,0,0,0,0,Visa,Paid,Crestline Insurance,,,expenses_Mar_2024.csv
TXN-000605,10/5/2025,SALE,Dover Legal Partners,Glass Cleaner,CLN-200,Cleaning Supplies,2,$6.89 ,$13.78 ,0,$0.00 ,USD 13.78,$5.10 ,,-2,-5.1,0,$0.00 ,Visa,Paid,,10/5/2025,monthly replenishment,sales_export_2025_10.csv
TXN-000764,10/26/2025,SALE,Oak & Olive Bistro,Mop Handle,MOP-200,Janitorial Equipment,5,$24.00 ,$120.00 ,0.00%,$0.00 ,$120.00 ,$57.50 ,,-5,($57.50),0,USD 0.00,ACH,Paid,,10/26/2025,repeat customer,sales_export_2025_10.csv
TXN-000214,1/21/2024,sales,Riverbend Brewery,Paper Towel Case,PPR-100,Paper Products,2,$36.10 ,72.2,0.00%,0,USD 72.20,$43.00 ,,-2,USD -43.00,$72.20 ,0,Invoice,Overdue,,20-Feb-24,,sales_export_2024_01.csv
TXN-000849,2/7/2024,SALE,Union Square Hotel,Mop Handle,MOP-200,Janitorial Equipment,1,USD 25.20,$25.20 ,0.1,2.52,22.68,11.5,,-1,($11.50),USD 0.00,0,Mastercard,Paid,,2/7/2024,web order,sales_export_2024_02.csv
TXN-001122,12/21/2025,SALE,Cedar & Stone Cafe,GLASS CLEANER,CLN-200,Cleaning Supplies,5,7.25,$36.25 ,0%,$0.00 ,USD 36.25,USD 12.75,,-5,-12.75,36.25,0,Net 30,Open,,1/20/2026,Rush delivery,sales_export_2025_12.csv
TXN-001796,11/9/2025,PURCHASE,,Soap Dispenser,DSP-100,Washroom Supplies,60,16.8,,,,,,,60,"$1,008.00 ",USD 0.00,USD 0.00,ACH,Paid,HYGIENE SOLUTIONS,12/9/2025,vendor shipment received,purchases_202511.csv
TXN-001432,3/10/2024,SALE,Falcon Ridge Realty,Paper Towel Case,PPR-100,Paper Products,4,$38.00 ,152,0.00%,$0.00 ,$152.00 ,86,,-4,($86.00),152,0,Net 30,Open,,9-Apr-24,monthly replenishment,sales_export_2024_03.csv
TXN-000723,3/1/2024,sales,Acme Property Group,Paper Towel Case,PPR-100,Paper Products,2,$38.00 ,76,0,USD 0.00,76,$43.00 ,,-2,-43,76,USD 0.00,Invoice,Open,,3/31/2024,repeat customer,sales_export_2024_03.csv
TXN-001333,8/9/2024,Sale,Acme Property Group,Paper Towels Case,PPR-100,Paper Products,1,$38.00 ,38,10.00%,USD 3.80,$34.20 ,21.5,,-1,-21.5,34.2,0,Invoice,Overdue,,9/8/2024,Rush delivery,sales_export_2024_08.csv
TXN-000985,20-Sep-25,SALE,Falcon Ridge Realty,Nitrile Gloves Box,GLO-100,Safety Supplies,3,$15.00 ,USD 45.00,0.00%,$0.00 ,45,$21.60 ,,-3,-21.6,0,0,ACH,Paid,,9/20/2025,,sales_export_2025_09.csv
TXN-001513,4/30/2024,sales,Juniper Market,Toilet Tissue Case,PPR-200,Paper Products,4,44,$176.00 ,0,0,176,103.2,,-4,($103.20),0,0,ACH,Paid,,4/30/2024,Rush delivery,sales_export_2024_04.csv
TXN-001225,8/24/2025,SALE,Northstar Consulting,Mop Handle,MOP-200,Janitorial Equipment,1,$25.20 ,USD 25.20,0.1,$2.52 ,$22.68 ,11.5,,-1,($11.50),22.68,0,Net 30,Open,,9/23/2025,repeat customer,sales_export_2025_08.csv
TXN-000340,10/2/2024,SALE,Yellow Finch Design,Glass Cleaner,CLN-200,Cleaning Supplies,4,6.89,27.56,5.00%,1.38,$26.18 ,$10.20 ,,-4,($10.20),0,$0.00 ,Visa,Paid,,10/2/2024,monthly replenishment,sales_export_2024_10.csv
TXN-001415,10-Sep-25,sales,Maple Street Bakery,Nitrile Gloves Box,GLO-100,Safety Supplies,8,$15.00 ,120,5%,6,114,57.6,,-8,($57.60),114,0,Net 30,Open,,10/10/2025,web order,sales_export_2025_09.csv
TXN-000045,7/20/2024,sales,Evergreen Fitness,Toilet Tissue Case,PPR-200,Paper Products,2,$44.00 ,$88.00 ,0,0,88,$51.60 ,,-2,-51.6,$88.00 ,$0.00 ,Net 30,Overdue,,8/19/2024,monthly replenishment,sales_export_2024_07.csv
TXN-001429,2-Jun-24,Sale, Cedar & Stone Cafe ,Paper Towel Case,PPR-100,Paper Products,6,38,$228.00 ,0.00%,0,228,129,,-6,-129,228,$0.00 ,Invoice,Open,,7/2/2024,Rush delivery,sales_export_2024_06.csv
TXN-001926,6/13/2024,expense,,,,Marketing,,,,,,,,522.39,0,0,0,$0.00 ,Check,Paid,Local Reach Media,,,expenses_Jun_2024.csv
TXN-000352,6/12/2024,SALE,Cedar & Stone Cafe,Paper Towel Case,PPR-100,Paper Products,2,38,76,0.05,$3.80 ,72.2,43,,-2,($43.00),72.2,0,Invoice,Open,,12-Jul-24,monthly replenishment,sales_export_2024_06.csv
TXN-001620,11/9/2025,SALE,Summit Childcare,Hand Sanitizer 1 Gal,SAN-100,Washroom Supplies,10,22,220,10.00%,$22.00 ,198,106,,-10,-106,$198.00 ,0,Net 30,Open,,12/9/2025,web order,sales_export_2025_11.csv
TXN-001892,8/4/2025,EXPENSE,,,,Rent,,,,,,,,"$3,471.56 ",0,0,0,0,ACH,Paid,City Center Properties,,recurring monthly charge,expenses_Aug_2025.csv
TXN-000781,24-Apr-25,Sale,Juniper Market,Soap Dispenser,DSP-100,Washroom Supplies,2,32,$64.00 ,0.00%,0,USD 64.00,$33.60 ,,-2,-33.6,$0.00 ,0,Visa,Paid,,4/24/2025,Rush delivery,sales_export_2025_04.csv
TXN-001618,9/14/2024,Sale, Dover Legal Partners ,Toilet Tissue Case,PPR-200,Paper Products,10,44,$440.00 ,0%,$0.00 ,440,$258.00 ,,-10,($258.00),$0.00 ,$0.00 ,Cash,Paid,,9/14/2024,,sales_export_2024_09.csv
TXN-000351,1/29/2025,sales,Keystone Auto Repair,All-Purpose Cleaner,CLN-100,Cleaning Supplies,2,USD 8.08,16.16,0.00%,0,16.16,6.2,,-2,-6.2,USD 0.00,0,Visa,Paid,,1/29/2025,monthly replenishment,sales_export_2025_01.csv
TXN-001121,4/19/2024,Sale,Golden Hour Events,Soap Dispenser,DSP-100,Washroom Supplies,1,$32.00 ,$32.00 ,0.00%,USD 0.00,32,USD 16.80,,-1,($16.80),0,0,Mastercard,Paid,,4/19/2024,repeat customer,sales_export_2024_04.csv
TXN-001335,4/6/2025,Sale,Summit Childcare,GLASS CLEANER,CLN-200,Cleaning Supplies,4,7.25,$29.00 ,15%,4.35,$24.65 ,10.2,,-4,-10.2,0,$0.00 ,Visa,Paid,,4/6/2025,monthly replenishment,sales_export_2025_04.csv
TXN-001120,6/20/2024,Sale,Falcon Ridge Realty,Nitrile Gloves Box,GLO-100,Safety Supplies,4,$14.25 ,$57.00 ,0.00%,$0.00 ,$57.00 ,28.8,,-4,-28.8,$57.00 ,0,ACH,Open,,7/20/2024,,sales_export_2024_06.csv
TXN-000678,6/30/2024,SALE,Dover Legal Partners,all-purpose cleaner,CLN-100,Cleaning Supplies,8,8.08,64.64,0.1,$6.46 ,$58.18 ,24.8,,-8,-24.8,0,$0.00 ,Visa,Paid,,6/30/2024,repeat customer,sales_export_2024_06.csv
TXN-000289,9/26/2025,sales,Golden Hour Events,Hand Sanitizer 1 Gal,SAN-100,Washroom Supplies,1,22,22,0.00%,$0.00 ,22,$10.60 ,,-1,USD -10.60,$0.00 ,0,Check,Paid,,9/26/2025,Rush delivery,sales_export_2025_09.csv
TXN-001792,5/21/2024,inventory purchase,,Trash Bags 55 Gal,BAG-100,Waste Supplies,36,15.4,,,,,,,36,$554.40 ,0,554.4,Net 30,Open,Metro Packaging L.L.C.,6/20/2024,stock replenishment,purchases_202405.csv
TXN-000492,6/17/2025,Sale,Dover Legal Partners,Hand Sanitizer 1 Gal,SAN-100,Washroom Supplies,1,22,22,10.00%,2.2,USD 19.80,USD 10.60,,-1,-10.6,19.8,0,Invoice,Overdue,,7/17/2025,,sales_export_2025_06.csv
TXN-001359,4/23/2024,SALE,Summit Childcare,Toilet Tissue Case,PPR-200,Paper Products,4,46.2,$184.80 ,5%,9.24,USD 175.56,USD 103.20,,-4,($103.20),$0.00 ,0,Visa,Paid,,4/23/2024,web order,sales_export_2024_04.csv
TXN-000858,4/13/2025,sales,Valley Fresh Grocers,Soap Dispenser,DSP-100,Washroom Supplies,2,$33.60 ,67.2,0%,0,$67.20 ,USD 33.60,,-2,-33.6,0,0,ACH,Paid,,13-Apr-25,monthly replenishment,sales_export_2025_04.csv
TXN-001264,12/30/2025,sales,BrightPath Dental,Hand Sanitizer 1 Gal,SAN-100,Washroom Supplies,5,22,110,0%,$0.00 ,$110.00 ,53,,-5,-53,USD 0.00,0,Cash,Paid,,12/30/2025,,sales_export_2025_12.csv
TXN-002036,7/5/2024,AR Receipt,Falcon Ridge Realty,Mop Handle,,Accounts Receivable,,,,,,,,,0,0,-96,0,Wire,Paid,,,Payment applied to customer invoice,ar_receipts_export.csv
TXN-001904,11/26/2025,EXPENSE,,,,Software,,,,,,,,162.32,0,0,$0.00 ,$0.00 ,ACH,Paid,CloudSuite,,,expenses_Nov_2025.csv
TXN-001742,2/28/2024,Inventory Purchase,,All-Purpose Cleaner,CLN-100,Cleaning Supplies,60,3.1,,,,,,,60,186,0,186,Net 30,Open,North Supply Co.,3/29/2024,stock replenishment,purchases_202402.csv
TXN-000408,2/4/2024,SALE,Lakeside Vet Care,Soap Dispenser,DSP-100,Washroom Supplies,8,30.4,$243.20 ,0.00%,0,243.2,134.4,,-8,($134.40),USD 0.00,$0.00 ,ACH,Paid,,2/4/2024,web order,sales_export_2024_02.csv
TXN-000694,4/28/2025,sales,Zenith Logistics,Soap Dispenser,DSP-100,Washroom Supplies,1,USD 32.00,$32.00 ,0,0,32,$16.80 ,,-1,-16.8,0,0,Mastercard,Paid,,4/28/2025,web order,sales_export_2025_04.csv
TXN-000847,12/31/2024,sales,Pinecrest Academy,Mop Handle,MOP-200,Janitorial Equipment,2,22.8,$45.60 ,0.05,2.28,$43.32 ,23,,-2,-23,$0.00 ,0,Mastercard,Paid,,31-Dec-24,monthly replenishment,sales_export_2024_12.csv
TXN-000422,12-Mar-24,SALE,Zenith Logistics,Toilet Tissue Case,PPR-200,Paper Products,6,44,264,0.00%,0,264,$154.80 ,,-6,-154.8,264,0,ACH,Overdue,,4/11/2024,repeat customer,sales_export_2024_03.csv
TXN-001346,3/9/2025,sales,Harborview Clinic,glass cleaner,CLN-200,Cleaning Supplies,4,$7.25 ,29,5.00%,$1.45 ,27.55,10.2,,-4,-10.2,$0.00 ,0,Cash,Paid,,3/9/2025,web order,sales_export_2025_03.csv
TXN-001283,1/13/2024,SALE,brightpath dental,Nitrile Gloves Box,GLO-100,Safety Supplies,3,15,45,0,USD 0.00,$45.00 ,$21.60 ,,-3,($21.60),0,$0.00 ,ACH,Paid,,1/13/2024,repeat customer,sales_export_2024_01.csv
TXN-000057,1/24/2024,SALE,Quantum IT Services,Hand Sanitizer 1 Gal,SAN-100,Washroom Supplies,5,$20.90 ,104.5,0.1,10.45,USD 94.05,53,,-5,-53,94.05,0,ACH,Overdue,,2/23/2024,Rush delivery,sales_export_2024_01.csv
TXN-001386,6/30/2024,Sale,Maple Street Bakery,All-Purpose Cleaner,CLN-100,Cleaning Supplies,1,$8.93 ,$8.93 ,0,0,$8.93 ,$3.10 ,,-1,($3.10),0,$0.00 ,ACH,Paid,,30-Jun-24,monthly replenishment,sales_export_2024_06.csv
TXN-000531,6/14/2025,sales,Ironwood Builders,Mop Handle,MOP-200,Janitorial Equipment,3,USD 22.80,$68.40 ,0.1,USD 6.84,$61.56 ,$34.50 ,,-3,($34.50),61.56,0,Net 30,Overdue,,7/14/2025,Rush delivery,sales_export_2025_06.csv
TXN-002096,6/4/2024,Vendor Payment,,,,Accounts Payable,,,,,,,,,0,$0.00 ,USD 0.00,"-1,185.41",Check,Paid,Hygiene Solutions,,Payment applied to vendor bill,ap_payment_register.csv
TXN-000126,10/1/2024,Sale,Westfield Theater,paper towel case,PPR-100,Paper Products,3,38,114,10%,11.4,USD 102.60,USD 64.50,,-3,-64.5,0,0,Mastercard,Paid,,10/1/2024,monthly replenishment,sales_export_2024_10.csv
TXN-000676,2/17/2024,Sale,Juniper Market,ALL-PURPOSE CLEANER,CLN-100,Cleaning Supplies,10,8.5,85,0.05,$4.25 ,80.75,$31.00 ,,-10,($31.00),80.75,$0.00 ,Invoice,Open,,3/18/2024,repeat customer,sales_export_2024_02.csv
TXN-000819,1/16/2024,SALE,Golden Hour Events,All-Purpose Cleaner,CLN-100,Cleaning Supplies,5,8.5,42.5,0.1,4.25,38.25,15.5,,-5,-15.5,0,0,Cash,Paid,,1/16/2024,web order,sales_export_2024_01.csv
TXN-000799,10/3/2025,SALE,Valley Fresh Grocers,Toilet Tissue Case,PPR-200,Paper Products,3,44,132,0.00%,$0.00 ,132,77.4,,-3,($77.40),$0.00 ,0,Cash,Paid,,10/3/2025,web order,sales_export_2025_10.csv
TXN-000999,2/12/2025,sales,BrightPath Dental,Hand Sanitizer 1 Gal,SAN-100,Washroom Supplies,5,$22.00 ,$110.00 ,0,0,110,$53.00 ,,-5,-53,110,0,Invoice,Overdue,,3/14/2025,Rush delivery,sales_export_2025_02.csv
TXN-000128,11/18/2024,SALE,Quantum IT Services,Soap Dispenser,DSP-100,Washroom Supplies,1,30.4,30.4,0.05,$1.52 ,28.88,16.8,,-1,($16.80),28.88,0,ACH,Open,,12/18/2024,repeat customer,sales_export_2024_11.csv
TXN-001278,6/5/2024,SALE,Pinecrest Academy,Mop Handle,MOP-200,Janitorial Equipment,8,25.2,$201.60 ,0,0,201.6,$92.00 ,,-8,-92,0,$0.00 ,Visa,Paid,,6/5/2024,monthly replenishment,sales_export_2024_06.csv
TXN-001499,12/15/2024,SALE,Acme Property Group,Toilet Tissue Case,PPR-200,Paper Products,2,46.2,$92.40 ,5.00%,USD 4.62,$87.78 ,51.6,,-2,($51.60),87.78,0,Net 30,Overdue,,1/14/2025,Rush delivery,sales_export_2024_12.csv
TXN-001173,8/1/2024,Sale,Zenith Logistics,Trash Bags 55 Gal,BAG-100,Waste Supplies,8,USD 30.45,$243.60 ,0.00%,0,$243.60 ,123.2,,-8,-123.2,0,0,Cash,Paid,,8/1/2024,monthly replenishment,sales_export_2024_08.csv
TXN-001319,5/28/2025,sales,FALCON RIDGE REALTY,Paper Towel Case,PPR-100,Paper Products,3,38,114,0%,0,114,USD 64.50,,-3,-64.5,114,$0.00 ,Invoice,Overdue,,6/27/2025,,sales_export_2025_05.csv
TXN-000720,9/23/2024,SALE,Riverbend Brewery,All-Purpose Cleaner,CLN-100,Cleaning Supplies,1,$8.93 ,$8.93 ,0%,$0.00 ,8.93,3.1,,-1,-3.1,0,$0.00 ,Cash,Paid,,9/23/2024,monthly replenishment,sales_export_2024_09.csv
TXN-000886,1/15/2024,Sale,Maple Street Bakery,HAND SANITIZER 1 GAL,SAN-100,Washroom Supplies,8,23.1,184.8,0%,USD 0.00,$184.80 ,84.8,,-8,USD -84.80,184.8,$0.00 ,Net 30,Overdue,,2/14/2024,Rush delivery,sales_export_2024_01.csv
TXN-001238,3/27/2025,SALE,Maple Street Bakery,Soap Dispenser,DSP-100,Washroom Supplies,4,USD 30.40,$121.60 ,0.00%,$0.00 ,121.6,67.2,,-4,-67.2,121.6,0,Invoice,Open,,4/26/2025,,sales_export_2025_03.csv
TXN-002108,4/22/2024,ap payment,,,,Accounts Payable,,,,,,,,,0,0,0,($179.93),ACH,Paid,North Supply Co.,,Payment applied to vendor bill,ap_payment_register.csv
TXN-001368,7/8/2024,sales,Pinecrest Academy,Hand Sanitizer 1 Gal,SAN-100,Washroom Supplies,12,23.1,USD 277.20,0%,0,277.2,$127.20 ,,-12,($127.20),277.2,$0.00 ,Invoice,Open,,8/7/2024,Rush delivery,sales_export_2024_07.csv
TXN-001607,12/18/2024,sales,"Northstar Consulting, LLC",Soap Dispenser,DSP-100,Washroom Supplies,5,30.4,152,0.00%,0,152,84,,-5,-84,152,0,ACH,Open,,1/17/2025,Rush delivery,sales_export_2024_12.csv
TXN-000133,1/5/2025,Sale,Harborview Clinic,Nitrile Gloves Box,GLO-100,Safety Supplies,3,$15.00 ,$45.00 ,0%,0,45,21.6,,-3,($21.60),0,USD 0.00,ACH,Paid,,1/5/2025,Rush delivery,sales_export_2025_01.csv
TXN-001633,3/10/2025,Sale,Lakeside Vet Care,Mop Handle,MOP-200,Janitorial Equipment,12,24,$288.00 ,0,$0.00 ,288,138,,-12,-138,$0.00 ,0,Visa,Paid,,3/10/2025,monthly replenishment,sales_export_2025_03.csv
TXN-000681,13-Aug-24,sales,Summit Childcare,Paper Towel Case,PPR-100,Paper Products,3,38,$114.00 ,0,USD 0.00,114,$64.50 ,,-3,-64.5,$0.00 ,$0.00 ,Check,Paid,,8/13/2024,web order,sales_export_2024_08.csv
TXN-001168,5/21/2024,SALE,Pinecrest Academy,Paper Towel Case,PPR-100,Paper Products,2,$39.90 ,79.8,0%,0,79.8,43,,-2,-43,79.8,$0.00 ,Net 30,Open,,6/20/2024,Rush delivery,sales_export_2024_05.csv
TXN-000711,2/12/2024,Sale,Quantum IT Services,Glass Cleaner,CLN-200,Cleaning Supplies,1,$7.25 ,7.25,0.00%,0,7.25,2.55,,-1,($2.55),$7.25 ,0,Net 30,Open,,3/13/2024,repeat customer,sales_export_2024_02.csv
TXN-000602,3/4/2025,sales,Juniper Market,Hand Sanitizer 1 Gal,SAN-100,Washroom Supplies,1,$20.90 ,$20.90 ,0%,0,20.9,10.6,,-1,-10.6,20.9,0,Invoice,Open,,4/3/2025,Rush delivery,sales_export_2025_03.csv
TXN-000816,6/19/2024,sales,Westfield Theater,All-Purpose Cleaner,CLN-100,Cleaning Supplies,1,8.08,$8.08 ,0%,$0.00 ,8.08,3.1,,-1,($3.10),8.08,0,ACH,Open,,7/19/2024,repeat customer,sales_export_2024_06.csv
TXN-000951,6/13/2025,Sale,Union Square Hotel,Nitrile Gloves Box,GLO-100,Safety Supplies,4,14.25,57,0%,USD 0.00,$57.00 ,$28.80 ,,-4,($28.80),$57.00 ,0,Net 30,Open,,7/13/2025,repeat customer,sales_export_2025_06.csv
TXN-000880,6/5/2024,sales,Golden Hour Events,Mop Handle,MOP-200,Janitorial Equipment,3,22.8,68.4,0%,0,USD 68.40,34.5,,-3,-34.5,0,$0.00 ,Cash,Paid,,6/5/2024,Rush delivery,sales_export_2024_06.csv
TXN-002112,6/9/2024,AP Payment,,,,Accounts Payable,,,,,,,,,0,$0.00 ,0,-820.22,Check,Paid,Facility Gear Inc,,Payment applied to vendor bill,ap_payment_register.csv
TXN-000206,9/1/2025,SALE,Juniper Market,Nitrile Gloves Box,GLO-100,Safety Supplies,4,$14.25 ,$57.00 ,10%,5.7,51.3,USD 28.80,,-4,USD -28.80,51.3,$0.00 ,Net 30,Open,,10/1/2025,repeat customer,sales_export_2025_09.csv
TXN-001740,7/20/2024,Inventory Purchase,,Toilet Tissue Case,PPR-200,Paper Products,36,26.32,,,,,,,36,$947.38 ,0,0,ACH,Paid,PaperPro Distributors,8/19/2024,,purchases_202407.csv
TXN-001157,10/26/2025,SALE,Oak & Olive Bistro,Toilet Tissue Case,PPR-200,Paper Products,2,USD 44.00,$88.00 ,0%,$0.00 ,88,51.6,,-2,-51.6,0,0,Cash,Paid,,10/26/2025,repeat customer,sales_export_2025_10.csv
TXN-000111,7/10/2025,Sale,Cedar & Stone Cafe,All-Purpose Cleaner,CLN-100,Cleaning Supplies,2,$8.50 ,$17.00 ,0.00%,0,$17.00 ,$6.20 ,,-2,-6.2,$17.00 ,0,ACH,Overdue,,8/9/2025,web order,sales_export_2025_07.csv
TXN-000548,6/22/2024,Sale,Valley Fresh Grocers,Hand Sanitizer 1 Gal,SAN-100,Washroom Supplies,2,22,$44.00 ,5.00%,2.2,41.8,21.2,,-2,($21.20),0,0,Visa,Paid,,6/22/2024,Rush delivery,sales_export_2024_06.csv
TXN-000119,10/3/2025,SALE,Juniper Market,Soap Dispenser,DSP-100,Washroom Supplies,3,USD 32.00,$96.00 ,0,0,$96.00 ,50.4,,-3,USD -50.40,$0.00 ,0,Check,Paid,,10/3/2025,Rush delivery,sales_export_2025_10.csv
TXN-000439,5/23/2024,Sale,Golden Hour Events,Nitrile Gloves Box,GLO-100,Safety Supplies,5,15.75,78.75,0%,$0.00 ,78.75,36,,-5,-36,0,0,ACH,Paid,,5/23/2024,,sales_export_2024_05.csv
TXN-000208,6/21/2024,SALE,Riverbend Brewery,All-Purpose Cleaner,CLN-100,Cleaning Supplies,1,$8.08 ,$8.08 ,0.00%,0,8.08,USD 3.10,,-1,($3.10),USD 8.08,0,ACH,Open,,7/21/2024,web order,sales_export_2024_06.csv
TXN-000983,4/29/2025,Sale,Acme Property Group,Trash Bags 55 Gal,BAG-100,Waste Supplies,8,$29.00 ,232,15%,34.8,197.2,123.2,,-8,-123.2,$197.20 ,$0.00 ,ACH,Overdue,,5/29/2025,repeat customer,sales_export_2025_04.csv
TXN-000737,11/9/2025,sales,Tidal Wave Media,Mop Handle,MOP-200,Janitorial Equipment,5,25.2,126,0.00%,0,126,57.5,,-5,-57.5,0,$0.00 ,Mastercard,Paid,,11/9/2025,repeat customer,sales_export_2025_11.csv
TXN-001033,1/4/2024,Sale,Harborview Clinic,Nitrile Gloves Box,GLO-100,Safety Supplies,8,15,$120.00 ,0.00%,0,$120.00 ,$57.60 ,,-8,-57.6,$0.00 ,$0.00 ,ACH,Paid,,1/4/2024,,sales_export_2024_01.csv
TXN-000950,4/3/2025,Sale,Keystone Auto Repair,Toilet Tissue Case,PPR-200,Paper Products,5,$41.80 ,209,0%,0,$209.00 ,$129.00 ,,-5,-129,$209.00 ,0,ACH,Open,,5/3/2025,repeat customer,sales_export_2025_04.csv
TXN-001924,12/4/2025,EXPENSE,,,,Office Supplies,,,,,,,,$110.82 ,0,0,0,0,Visa,Paid,Office Depot,,recurring monthly charge,expenses_Dec_2025.csv
TXN-000075,9/9/2025,SALE,Valley Fresh Grocers,NITRILE GLOVES BOX,GLO-100,Safety Supplies,5,15,75,0%,0,75,36,,-5,-36,$75.00 ,0,Invoice,Overdue,,10/9/2025,repeat customer,sales_export_2025_09.csv
TXN-000071,8/28/2024,sales,Oak & Olive Bistro,Nitrile Gloves Box,GLO-100,Safety Supplies,3,14.25,42.75,0.00%,$0.00 ,42.75,21.6,,-3,($21.60),0,0,Check,Paid,,8/28/2024,monthly replenishment,sales_export_2024_08.csv
TXN-002085,11/2/2024,AP Payment,,,,Accounts Payable,,,,,,,,,0,0,0,"-1,089.36",Check,Paid,Facility Gear Inc,,Payment applied to vendor bill,ap_payment_register.csv
TXN-000150,11/22/2025,sales,Union Square Hotel,Nitrile Gloves Box,GLO-100,Safety Supplies,10,15,$150.00 ,0,$0.00 ,$150.00 ,USD 72.00,,-10,-72,0,$0.00 ,Mastercard,Paid,,11/22/2025,,sales_export_2025_11.csv
TXN-000841,3/25/2024,Sale,Valley Fresh Grocers,Mop Handle,MOP-200,Janitorial Equipment,10,USD 22.80,228,0%,USD 0.00,228,115,,-10,USD -115.00,228,0,Invoice,Open,,4/24/2024,web order,sales_export_2024_03.csv
TXN-000549,12/14/2024,sales,Lakeside Vet Care,Soap Dispenser,DSP-100,Washroom Supplies,3,33.6,USD 100.80,0%,0,100.8,$50.40 ,,-3,-50.4,$100.80 ,$0.00 ,ACH,Open,,1/13/2025,,sales_export_2024_12.csv
TXN-000273,1-Aug-25,Sale,Lakeside Vet Care,Trash Bags 55 Gal,BAG-100,Waste Supplies,1,27.55,$27.55 ,0.00%,0,27.55,$15.40 ,,-1,-15.4,$27.55 ,0,ACH,Open,,8/31/2025,Rush delivery,sales_export_2025_08.csv
TXN-000382,9/7/2024,SALE,Lakeside Vet Care,Microfiber Mop Head,MOP-100,Janitorial Equipment,4,$18.00 ,72,5%,3.6,68.4,$35.60 ,,-4,-35.6,$0.00 ,0,Cash,Paid,,9/7/2024,,sales_export_2024_09.csv
TXN-001203,12/10/2025,sales,Quantum IT Services, Toilet Tissue Case ,PPR-200,Paper Products,6,44,264,0.00%,0,$264.00 ,154.8,,-6,($154.80),$0.00 ,0,Mastercard,Paid,,12/10/2025,,sales_export_2025_12.csv
TXN-001137,1/19/2024,SALE,Pinecrest Academy,Paper Towel Case,PPR-100,Paper Products,12,36.1,USD 433.20,0.00%,$0.00 ,433.2,258,,-12,-258,$0.00 ,$0.00 ,ACH,Paid,,1/19/2024,,sales_export_2024_01.csv
TXN-001299,3/9/2024,Sale,Pinecrest Academy,Soap Dispenser,DSP-100,Washroom Supplies,6,$32.00 ,192,0.00%,0,192,$100.80 ,,-6,-100.8,USD 0.00,0,Visa,Paid,,3/9/2024,web order,sales_export_2024_03.csv
TXN-001030,12/3/2025,sales,Cedar & Stone Cafe,Microfiber Mop Head,MOP-100,Janitorial Equipment,3,18,54,0.00%,0,$54.00 ,26.7,,-3,-26.7,54,$0.00 ,ACH,Overdue,,1/2/2026,repeat customer,sales_export_2025_12.csv
TXN-001265,5/10/2025,SALE,Oak & Olive Bistro,Trash Bags 55 Gal,BAG-100,Waste Supplies,5,29,145,0,0,145,$77.00 ,,-5,USD -77.00,USD 0.00,0,Visa,Paid,,5/10/2025,,sales_export_2025_05.csv
TXN-001497,12/10/2024,SALE,Quantum IT Services,Hand Sanitizer 1 Gal,SAN-100,Washroom Supplies,3,22,USD 66.00,0,0,66,$31.80 ,,-3,-31.8,$66.00 ,$0.00 ,Invoice,Overdue,,1/9/2025,Rush delivery,sales_export_2024_12.csv
TXN-001377,3/31/2025,Sale,Acme Property Group,Mop Handle,MOP-200,Janitorial Equipment,2,24,$48.00 ,0%,0,48,23,,-2,-23,$48.00 ,0,Net 30,Open,,4/30/2025,repeat customer,sales_export_2025_03.csv
TXN-001993,1/22/2025,AR Receipt,Oak & Olive Bistro,All-Purpose Cleaner,,Accounts Receivable,,,,,,,,,0,0,-50.9,0,Check,Paid,,,Payment applied to customer invoice,ar_receipts_export.csv
TXN-000551,19-May-24,SALE,Juniper Market,Soap Dispenser,DSP-100,Washroom Supplies,1,32,USD 32.00,0.00%,0,32,$16.80 ,,-1,($16.80),32,0,Invoice,Overdue,,6/18/2024,,sales_export_2024_05.csv
TXN-000153,11/6/2025,SALE,Evergreen Fitness,Glass Cleaner,CLN-200,Cleaning Supplies,3,7.25,$21.75 ,0.00%,$0.00 ,21.75,7.65,,-3,($7.65),$0.00 ,0,Check,Paid,,6-Nov-25,monthly replenishment,sales_export_2025_11.csv
TXN-000678,6/30/2024,SALE,Dover Legal Partners,all-purpose cleaner,CLN-100,Cleaning Supplies,8,8.08,64.64,0.1,$6.46 ,$58.18 ,24.8,,-8,-24.8,0,$0.00 ,Visa,Paid,,6/30/2024,repeat customer,sales_export_2024_06.csv
TXN-001139,11/24/2025,Sale,Maple Street Bakery,Paper Towel Case,PPR-100,Paper Products,5,$36.10 ,180.5,0.00%,$0.00 ,180.5,$107.50 ,,-5,-107.5,0,USD 0.00,Check,Paid,,11/24/2025,repeat customer,sales_export_2025_11.csv
TXN-000984,7/11/2024,Sale,Golden Hour Events,Paper Towel Case,PPR-100,Paper Products,6,39.9,USD 239.40,5%,11.97,227.43,129,,-6,-129,$0.00 ,USD 0.00,Cash,Paid,,7/11/2024,web order,sales_export_2024_07.csv
TXN-001056,1/17/2025,sales,Zenith Logistics,Glass Cleaner,CLN-200,Cleaning Supplies,5,7.61,$38.05 ,0,$0.00 ,$38.05 ,12.75,,-5,-12.75,0,USD 0.00,ACH,Paid,,1/17/2025,repeat customer,sales_export_2025_01.csv
TXN-000666,9/30/2024,SALE,Ironwood Builders,All-Purpose Cleaner,CLN-100,Cleaning Supplies,1,8.5,8.5,0,$0.00 ,8.5,3.1,,-1,-3.1,0,$0.00 ,Visa,Paid,,9/30/2024,web order,sales_export_2024_09.csv
TXN-002086,12/16/2025,ap payment,,,,Accounts Payable,,,,,,,,,0,$0.00 ,0,-631.58,Wire,Paid,PaperPro Distributors,,Payment applied to vendor bill,ap_payment_register.csv
TXN-002075,2/13/2025,AP Payment,,,,Accounts Payable,,,,,,,,,0,0,$0.00 ,-169.34,ACH,Paid,SafeHands Wholesale,,Payment applied to vendor bill,ap_payment_register.csv
TXN-002072,4/23/2024,Vendor Payment,,,,Accounts Payable,,,,,,,,,0,$0.00 ,0,-1419.26,Check,Paid,Metro Packaging LLC,,Payment applied to vendor bill,ap_payment_register.csv
TXN-000822,2/1/2025,sales,Dover Legal Partners,Nitrile Gloves Box,GLO-100,Safety Supplies,4,$15.00 ,60,0.00%,0,60,28.8,,-4,-28.8,$0.00 ,USD 0.00,Cash,Paid,,2/1/2025,Rush delivery,sales_export_2025_02.csv
TXN-000647,9/18/2024,sales,Golden Hour Events,Glass Cleaner,CLN-200,Cleaning Supplies,6,7.25,$43.50 ,0,0,43.5,15.3,,-6,($15.30),$0.00 ,$0.00 ,Check,Paid,,9/18/2024,,sales_export_2024_09.csv
TXN-001783,6/24/2024,Inventory Purchase,,Nitrile Gloves Box,GLO-100,Safety Supplies,48,7.34,,,,,,,48,352.51,0,0,ACH,Paid,SafeHands Wholesale,7/24/2024,vendor shipment received,purchases_202406.csv
TXN-001981,4-Aug-24,Customer Payment,Juniper Market,Glass Cleaner,,Accounts Receivable,,,,,,,,,0,0,-13.77,0,Check,Paid,,,Payment applied to customer invoice,ar_receipts_export.csv
TXN-000413,1/10/2025,Sale,Quantum IT Services,Paper Towel Case,PPR-100,Paper Products,10,38,380,0%,$0.00 ,$380.00 ,215,,-10,USD -215.00,0,0,ACH,Paid,,10-Jan-25,web order,sales_export_2025_01.csv
TXN-001947,12/24/2025,EXPENSE,,,,Payroll,,,,,,,,1183.18,0,0,0,0,Visa,Paid,Staff Payroll,,approved by owner,expenses_Dec_2025.csv
TXN-002100,1/8/2025,Vendor Payment,,,,Accounts Payable,,,,,,,,,0,$0.00 ,0,-794.88,Wire,Paid,Facility Gear Inc,,Payment applied to vendor bill,ap_payment_register.csv
TXN-000753,3/1/2025,SALE,Golden Hour Events,Soap Dispenser,DSP-100,Washroom Supplies,12,$33.60 ,$403.20 ,0.00%,$0.00 ,$403.20 ,201.6,,-12,($201.60),403.2,0,ACH,Open,,3/31/2025,repeat customer,sales_export_2025_03.csv
TXN-001303,7/7/2024,Sale,Keystone Auto Repair,Microfiber Mop Head,MOP-100,Janitorial Equipment,6,18,108,5.00%,5.4,$102.60 ,53.4,,-6,-53.4,$102.60 ,0,ACH,Open,,8/6/2024,,sales_export_2024_07.csv
TXN-001184,11/28/2025,sales,Pinecrest Academy,Hand Sanitizer 1 Gal,SAN-100,Washroom Supplies,1,$22.00 ,22,10.00%,USD 2.20,19.8,10.6,,-1,-10.6,$0.00 ,USD 0.00,Visa,Paid,,11/28/2025,repeat customer,sales_export_2025_11.csv
TXN-001596,11/7/2024,Sale,Evergreen Fitness,All-Purpose Cleaner,CLN-100,Cleaning Supplies,6,8.5,51,0%,0,$51.00 ,18.6,,-6,-18.6,0,0,Check,Paid,,11/7/2024,repeat customer,sales_export_2024_11.csv
TXN-001450,12/12/2024,SALE,BrightPath Dental,Mop Handle,MOP-200,Janitorial Equipment,12,24,USD 288.00,0%,0,288,$138.00 ,,-12,($138.00),0,$0.00 ,Cash,Paid,,12-Dec-24,Rush delivery,sales_export_2024_12.csv
TXN-001791,25-Sep-24,PURCHASE,,Microfiber Mop Head,MOP-100,Janitorial Equipment,48,$9.08 ,,,,,,,48,$435.74 ,0,$435.74 ,Net 30,Open,facility gear inc,10/25/2024,,purchases_202409.csv
TXN-001945,5/2/2025,Operating Expense,,,,Rent,,,,,,,,"3,054.98",0,$0.00 ,0,0,Visa,Paid,City Center Properties,,approved by owner,expenses_May_2025.csv
TXN-000513,10/8/2024,Sale,Keystone Auto Repair,Trash Bags 55 Gal,BAG-100,Waste Supplies,3,27.55,82.65,5.00%,4.13,$78.52 ,$46.20 ,,-3,-46.2,0,0,Visa,Paid,,10/8/2024,monthly replenishment,sales_export_2024_10.csv
TXN-000538,6/6/2024,SALE,Union Square Hotel,Hand Sanitizer 1 Gal,SAN-100,Washroom Supplies,3,22,$66.00 ,0.05,3.3,$62.70 ,31.8,,-3,($31.80),$0.00 ,$0.00 ,Mastercard,Paid,,6-Jun-24,Rush delivery,sales_export_2024_06.csv
TXN-001705,7/27/2025,Inventory Purchase,,Glass Cleaner,CLN-200,Cleaning Supplies,120,2.55,,,,,,,120,306,$0.00 ,306,Net 30,Open,North Supply Co.,8/26/2025,vendor shipment received,purchases_202507.csv
TXN-000447,2/20/2025,Sale,Valley Fresh Grocers,Glass Cleaner,CLN-200,Cleaning Supplies,1,$7.25 ,7.25,0,$0.00 ,7.25,2.55,,-1,-2.55,USD 0.00,0,Visa,Paid,,2/20/2025,repeat customer,sales_export_2025_02.csv
TXN-000366,5/4/2025,Sale,Zenith Logistics,Mop Handle,MOP-200,Janitorial Equipment,4,24,96,0,$0.00 ,96,$46.00 ,,-4,($46.00),96,0,Invoice,Open,,6/3/2025,Rush delivery,sales_export_2025_05.csv
TXN-000613,5/4/2025,SALE,Golden Hour Events,Toilet Tissue Case,PPR-200,Paper Products,12,44,528,15.00%,79.2,448.8,$309.60 ,,-12,-309.6,USD 448.80,0,Net 30,Open,,6/3/2025,monthly replenishment,sales_export_2025_05.csv
TXN-000141,10/14/2025,SALE,Harborview Clinic,trash bags 55 gal,BAG-100,Waste Supplies,1,27.55,27.55,0,USD 0.00,27.55,15.4,,-1,-15.4,0,0,Mastercard,Paid,,10/14/2025,Rush delivery,sales_export_2025_10.csv
TXN-000663,7/7/2025,SALE,Keystone Auto Repair,Toilet Tissue Case,PPR-200,Paper Products,1,44,$44.00 ,0%,$0.00 ,44,25.8,,-1,($25.80),$0.00 ,$0.00 ,Cash,Paid,,7/7/2025,repeat customer,sales_export_2025_07.csv
TXN-002004,4/15/2024,Customer Payment,Pinecrest Academy,Hand Sanitizer 1 Gal,,Accounts Receivable,,,,,,,,,0,0,-109.72,0,ACH,Paid,,,Payment applied to customer invoice,ar_receipts_export.csv
TXN-001889,7/6/2024,EXPENSE,,,,Payroll,,,,,,,,"$1,303.93 ",0,USD 0.00,0,$0.00 ,Check,Paid,Staff Payroll,,approved by owner,expenses_Jul_2024.csv
TXN-001611,2/20/2025,Sale,Valley Fresh Grocers,Trash Bags 55 Gal,BAG-100,Waste Supplies,2,29,58,0.00%,$0.00 ,USD 58.00,$30.80 ,,-2,-30.8,$0.00 ,$0.00 ,ACH,Paid,,2/20/2025,monthly replenishment,sales_export_2025_02.csv
TXN-001251,11/15/2024,sales,Westfield Theater,Microfiber Mop Head,MOP-100,Janitorial Equipment,5,$18.90 ,$94.50 ,0.00%,$0.00 ,USD 94.50,USD 44.50,,-5,-44.5,$0.00 ,0,Cash,Paid,,11/15/2024,monthly replenishment,sales_export_2024_11.csv
TXN-001517,11/3/2024,sales,Keystone Auto Repair,Soap Dispenser,DSP-100,Washroom Supplies,1,33.6,33.6,0%,$0.00 ,33.6,16.8,,-1,($16.80),0,USD 0.00,Mastercard,Paid,,11/3/2024,web order,sales_export_2024_11.csv
TXN-000881,4/28/2025,Sale,Valley Fresh Grocers,Mop Handle,MOP-200,Janitorial Equipment,10,24,240,5.00%,12,228,115,,-10,-115,0,0,ACH,Paid,,28-Apr-25,,sales_export_2025_04.csv
TXN-000229,12/3/2025,Sale,Cedar & Stone Cafe,Soap Dispenser,DSP-100,Washroom Supplies,8,32,256,0.05,12.8,243.2,134.4,,-8,-134.4,243.2,$0.00 ,Invoice,Overdue,,1/2/2026,Rush delivery,sales_export_2025_12.csv
TXN-001350,9/26/2024,SALE,Maple Street Bakery,All-Purpose Cleaner,CLN-100,Cleaning Supplies,5,$8.50 ,$42.50 ,0,$0.00 ,42.5,15.5,,-5,-15.5,42.5,0,Invoice,Open,,10/26/2024,repeat customer,sales_export_2024_09.csv
TXN-000390,8/31/2024,sales,Riverbend Brewery,Microfiber Mop Head,MOP-100,Janitorial Equipment,1,USD 18.00,18,0%,$0.00 ,$18.00 ,$8.90 ,,-1,($8.90),0,0,Check,Paid,,31-Aug-24,monthly replenishment,sales_export_2024_08.csv
TXN-001974,8-Oct-25,ar receipt,Valley Fresh Grocers,Nitrile Gloves Box,,Accounts Receivable,,,,,,,,,0,0,($75.00),$0.00 ,Wire,Paid,,,Payment applied to customer invoice,ar_receipts_export.csv
TXN-001075,12/18/2024,sales,Evergreen Fitness,Nitrile Gloves Box,GLO-100,Safety Supplies,8,$15.00 ,$120.00 ,0,0,120,57.6,,-8,($57.60),0,0,Check,Paid,,12/18/2024,Rush delivery,sales_export_2024_12.csv
TXN-001296,7/15/2024,SALE,Cedar & Stone Cafe,Paper Towel Case,PPR-100,Paper Products,5,36.1,180.5,0%,USD 0.00,$180.50 ,107.5,,-5,-107.5,0,$0.00 ,Check,Paid,,7/15/2024,Rush delivery,sales_export_2024_07.csv
TXN-000785,3/11/2025,SALE,Summit Childcare,TOILET TISSUE CASE,PPR-200,Paper Products,3,$41.80 ,125.4,0.05,6.27,119.13,$77.40 ,,-3,($77.40),0,$0.00 ,Mastercard,Paid,,3/11/2025,repeat customer,sales_export_2025_03.csv
TXN-000523,23-Sep-25,sales,Union Square Hotel,Microfiber Mop Head,MOP-100,Janitorial Equipment,5,18.9,$94.50 ,0,0,$94.50 ,44.5,,-5,-44.5,USD 94.50,0,ACH,Overdue,,10/23/2025,monthly replenishment,sales_export_2025_09.csv
TXN-001865,7/15/2024,expense,,,,Marketing,,,,,,,,$502.25 ,0,0,0,0,Visa,Paid,Local Reach Media,,recurring monthly charge,expenses_Jul_2024.csv
TXN-000400,6-Nov-24,SALE,Pinecrest Academy,Paper Towel Case,PPR-100,Paper Products,2,38,76,15.00%,11.4,64.6,USD 43.00,,-2,($43.00),0,$0.00 ,Check,Paid,,11/6/2024,monthly replenishment,sales_export_2024_11.csv
TXN-002030,2/11/2025,Customer Payment,BrightPath Dental,Mop Handle,,Accounts Receivable,,,,,,,,,0,0,-114,$0.00 ,Wire,Paid,,,Payment applied to customer invoice,ar_receipts_export.csv
TXN-001403,11/11/2025,SALE,Pinecrest Academy,Glass Cleaner,CLN-200,Cleaning Supplies,8,6.89,55.12,0%,0,USD 55.12,20.4,,-8,-20.4,55.12,0,Net 30,Open,,12/11/2025,web order,sales_export_2025_11.csv
TXN-000868,5/27/2025,Sale,Juniper Market,Paper Towel Case,PPR-100,Paper Products,1,$38.00 ,38,0.00%,0,$38.00 ,21.5,,-1,-21.5,0,0,ACH,Paid,,5/27/2025,monthly replenishment,sales_export_2025_05.csv
TXN-002074,9/24/2024,Vendor Payment,,,,Accounts Payable,,,,,,,,,0,$0.00 ,0,-117.5,ACH,Paid,North Supply Co.,,Payment applied to vendor bill,ap_payment_register.csv
TXN-000974,9/17/2025,sales,Northstar Consulting,Trash Bags 55 Gal,BAG-100,Waste Supplies,2,USD 27.55,55.1,0,0,$55.10 ,30.8,,-2,-30.8,0,$0.00 ,Visa,Paid,,9/17/2025,repeat customer,sales_export_2025_09.csv
TXN-000199,3/13/2025,Sale,Juniper Market,Paper Towel Case,PPR-100,Paper Products,5,39.9,199.5,0,0,199.5,107.5,,-5,($107.50),USD 199.50,$0.00 ,Invoice,Overdue,,4/12/2025,Rush delivery,sales_export_2025_03.csv
TXN-001172,9/13/2024,sales,Valley Fresh Grocers,Microfiber Mop Head,MOP-100,Janitorial Equipment,3,17.1,51.3,0.00%,0,51.3,$26.70 ,,-3,USD -26.70,$0.00 ,$0.00 ,Check,Paid,,9/13/2024,web order,sales_export_2024_09.csv
TXN-000922,1/11/2024,SALE,Pinecrest Academy,Soap Dispenser,DSP-100,Washroom Supplies,10,30.4,$304.00 ,0%,$0.00 ,304,$168.00 ,,-10,-168,0,0,Mastercard,Paid,,1/11/2024,Rush delivery,sales_export_2024_01.csv
TXN-000733,7/6/2025,SALE, Valley Fresh Grocers ,Microfiber Mop Head,MOP-100,Janitorial Equipment,4,$18.90 ,75.6,0%,0,$75.60 ,$35.60 ,,-4,-35.6,75.6,$0.00 ,Invoice,Open,,8/5/2025,monthly replenishment,sales_export_2025_07.csv
TXN-000873,3/14/2025,sales,Zenith Logistics,Hand Sanitizer 1 Gal,SAN-100,Washroom Supplies,2,USD 22.00,$44.00 ,0,0,$44.00 ,21.2,,-2,USD -21.20,USD 0.00,0,ACH,Paid,,3/14/2025,monthly replenishment,sales_export_2025_03.csv
TXN-000702,11/23/2024,SALE,Pinecrest Academy,Mop Handle,MOP-200,Janitorial Equipment,2,USD 24.00,48,0%,0,48,23,,-2,($23.00),48,0,Net 30,Open,,12/23/2024,Rush delivery,sales_export_2024_11.csv
TXN-002115,8/11/2024,Vendor Payment,,,,Accounts Payable,,,,,,,,,0,$0.00 ,0,USD -552.00,ACH,Paid,Facility Gear Inc,,Payment applied to vendor bill,ap_payment_register.csv
TXN-002018,7/4/2025,AR Receipt,Oak & Olive Bistro,Microfiber Mop Head,,Accounts Receivable,,,,,,,,,0,$0.00 ,-90,$0.00 ,ACH,Paid,,,Payment applied to customer invoice,ar_receipts_export.csv
TXN-001961,10/2/2024,AR Receipt,Juniper Market,Toilet Tissue Case,,Accounts Receivable,,,,,,,,,0,0,($41.80),0,Wire,Paid,,,Payment applied to customer invoice,ar_receipts_export.csv
TXN-002001,7/15/2025,ar receipt,Riverbend Brewery,Microfiber Mop Head,,Accounts Receivable,,,,,,,,,0,0,-54,0,Wire,Paid,,,Payment applied to customer invoice,ar_receipts_export.csv
TXN-000959,5/26/2025,Sale,BrightPath Dental,Glass Cleaner,CLN-200,Cleaning Supplies,5,7.61,$38.05 ,0%,$0.00 ,38.05,$12.75 ,,-5,USD -12.75,0,0,Visa,Paid,,5/26/2025,,sales_export_2025_05.csv
TXN-001771,1/22/2025,PURCHASE,,All-Purpose Cleaner,CLN-100,Cleaning Supplies,36,$2.98 ,,,,,,,36,107.14,0,107.14,Net 30,Open,North Supply Co.,2/21/2025,,purchases_202501.csv
TXN-001417,12/14/2025,SALE,Ironwood Builders,Soap Dispenser,DSP-100,Washroom Supplies,2,$32.00 ,64,5.00%,3.2,60.8,$33.60 ,,-2,-33.6,0,$0.00 ,Mastercard,Paid,,14-Dec-25,repeat customer,sales_export_2025_12.csv
TXN-001436,2/18/2024,SALE,Keystone Auto Repair,Hand Sanitizer 1 Gal,SAN-100,Washroom Supplies,3,22,$66.00 ,0.1,6.6,59.4,$31.80 ,,-3,($31.80),0,0,Visa,Paid,,2/18/2024,monthly replenishment,sales_export_2024_02.csv
TXN-002049,6/4/2024,Customer Payment,Westfield Theater,Mop Handle,,Accounts Receivable,,,,,,,,,0,0,($45.60),0,Wire,Paid,,,Payment applied to customer invoice,ar_receipts_export.csv
TXN-001624,5/16/2024,sales,Acme Property Group,Paper Towel Case,PPR-100,Paper Products,8,$38.00 ,$304.00 ,0.00%,0,304,$172.00 ,,-8,-172,0,$0.00 ,Check,Paid,,5/16/2024,repeat customer,sales_export_2024_05.csv
TXN-000194,7/26/2025,Sale,Harborview Clinic,Paper Towel Case,PPR-100,Paper Products,3,38,114,0.05,$5.70 ,108.3,$64.50 ,,-3,-64.5,0,USD 0.00,Check,Paid,,7/26/2025,repeat customer,sales_export_2025_07.csv
TXN-000918,12/9/2025,Sale,Juniper Market,Hand Sanitizer 1 Gal,SAN-100,Washroom Supplies,4,20.9,83.6,5.00%,$4.18 ,$79.42 ,42.4,,-4,USD -42.40,79.42,$0.00 ,Invoice,Overdue,,1/8/2026,monthly replenishment,sales_export_2025_12.csv
TXN-001572,10/9/2025,SALE,valley fresh grocers,Trash Bags 55 Gal,BAG-100,Waste Supplies,8,30.45,243.6,0.00%,$0.00 ,$243.60 ,123.2,,-8,($123.20),243.6,USD 0.00,ACH,Overdue,,8-Nov-25,monthly replenishment,sales_export_2025_10.csv
TXN-000058,7/23/2024,Sale,QUANTUM IT SERVICES,Trash Bags 55 Gal,BAG-100,Waste Supplies,10,$27.55 ,275.5,5%,13.78,$261.72 ,USD 154.00,,-10,($154.00),$0.00 ,$0.00 ,Mastercard,Paid,,7/23/2024,Rush delivery,sales_export_2024_07.csv
TXN-001568,6/4/2024,Sale,Dover Legal Partners,All-Purpose Cleaner,CLN-100,Cleaning Supplies,6,8.5,51,0%,0,$51.00 ,USD 18.60,,-6,-18.6,$51.00 ,0,ACH,Open,,7/4/2024,,sales_export_2024_06.csv
TXN-001483,4/11/2025,sales,Riverbend Brewery,All-Purpose Cleaner,CLN-100,Cleaning Supplies,4,8.08,USD 32.32,5%,1.62,30.7,$12.40 ,,-4,-12.4,$30.70 ,$0.00 ,Invoice,Overdue,,5/11/2025,repeat customer,sales_export_2025_04.csv
TXN-000472,4/29/2024,Sale,Falcon Ridge Realty,Toilet Tissue Case,PPR-200,Paper Products,5,44,USD 220.00,0,0,220,129,,-5,-129,$220.00 ,0,ACH,Overdue,,5/29/2024,,sales_export_2024_04.csv
TXN-001726,3/9/2025,inventory purchase,,Hand Sanitizer 1 Gal,SAN-100,Washroom Supplies,72,10.18,,,,,,,72,732.67,0,0,ACH,Paid,HYGIENE SOLUTIONS,4/8/2025,,purchases_202503.csv
TXN-002032,10/7/2024,AR Receipt,Valley Fresh Grocers,nitrile gloves box,,Accounts Receivable,,,,,,,,,0,0,($15.00),$0.00 ,Check,Paid,,,Payment applied to customer invoice,ar_receipts_export.csv
TXN-001982,3/6/2025,AR Receipt,Quantum IT Services,Soap Dispenser,,Accounts Receivable,,,,,,,,,0,0,-128,$0.00 ,ACH,Paid,,,Payment applied to customer invoice,ar_receipts_export.csv
TXN-000468,1/27/2025,Sale,Yellow Finch Design,Soap Dispenser,DSP-100,Washroom Supplies,1,$30.40 ,$30.40 ,0.00%,0,USD 30.40,16.8,,-1,-16.8,$0.00 ,USD 0.00,ACH,Paid,,1/27/2025,monthly replenishment,sales_export_2025_01.csv
TXN-001021,3/12/2025,sales,Maple Street Bakery,Soap Dispenser,DSP-100,Washroom Supplies,5,32,$160.00 ,0,USD 0.00,$160.00 ,$84.00 ,,-5,-84,160,$0.00 ,ACH,Open,,4/11/2025,web order,sales_export_2025_03.csv
TXN-000965,12/6/2025,Sale,Lakeside Vet Care,Soap Dispenser,DSP-100,Washroom Supplies,3,USD 33.60,$100.80 ,0,USD 0.00,$100.80 ,$50.40 ,,-3,-50.4,$100.80 ,0,Net 30,Open,,1/5/2026,monthly replenishment,sales_export_2025_12.csv
TXN-000596,11/17/2024,Sale,,Glass Cleaner,CLN-200,Cleaning Supplies,5,6.89,34.45,0,$0.00 ,34.45,$12.75 ,,-5,-12.75,0,0,Cash,Paid,,11/17/2024,repeat customer,sales_export_2024_11.csv
TXN-000385,2/18/2025,Sale,Cedar & Stone Cafe,Glass Cleaner,CLN-200,Cleaning Supplies,1,$6.89 ,6.89,0.05,0.34,$6.55 ,$2.55 ,,-1,-2.55,$0.00 ,$0.00 ,ACH,Paid,,2/18/2025,web order,sales_export_2025_02.csv
TXN-001212,10/22/2024,SALE,Falcon Ridge Realty,Paper Towel Case,PPR-100,Paper Products,4,$38.00 ,$152.00 ,0.15,$22.80 ,129.2,$86.00 ,,-4,($86.00),129.2,0,Invoice,Open,,11/21/2024,web order,sales_export_2024_10.csv
TXN-001197,7/20/2025,Sale,Keystone Auto Repair,Nitrile Gloves Box,GLO-100,Safety Supplies,3,15,45,0%,$0.00 ,45,21.6,,-3,($21.60),$0.00 ,$0.00 ,Cash,Paid,,7/20/2025,Rush delivery,sales_export_2025_07.csv
TXN-002029,16-Jun-25,ar receipt,Keystone Auto Repair,Nitrile Gloves Box,,Accounts Receivable,,,,,,,,,0,0,($90.00),0,Check,Paid,,,Payment applied to customer invoice,ar_receipts_export.csv
TXN-000379,8/7/2025,Sale,ironwood builders,Microfiber Mop Head,MOP-100,Janitorial Equipment,1,$18.90 ,$18.90 ,0,0,18.9,8.9,,-1,($8.90),18.9,0,Invoice,Overdue,,6-Sep-25,repeat customer,sales_export_2025_08.csv
TXN-000293,7-Aug-25,SALE,Riverbend Brewery,Paper Towel Case,PPR-100,Paper Products,5,$39.90 ,199.5,0%,0,$199.50 ,107.5,,-5,-107.5,0,$0.00 ,Visa,Paid,,8/7/2025,repeat customer,sales_export_2025_08.csv
TXN-002102,4/27/2024,ap payment,,,,Accounts Payable,,,,,,,,,0,0,USD 0.00,-186,ACH,Paid,North Supply Co.,,Payment applied to vendor bill,ap_payment_register.csv
TXN-000297,3/15/2024,Sale,Falcon Ridge Realty,Paper Towel Case,PPR-100,Paper Products,4,36.1,144.4,0,0,$144.40 ,$86.00 ,,-4,($86.00),$144.40 ,0,Invoice,Overdue,,4/14/2024,web order,sales_export_2024_03.csv
TXN-001035,17-Nov-24,sales,Ironwood Builders,Glass Cleaner,CLN-200,Cleaning Supplies,6,7.61,45.66,0%,0,45.66,15.3,,-6,($15.30),0,0,Visa,Paid,,11/17/2024,repeat customer,sales_export_2024_11.csv
TXN-000108,2/12/2025,SALE,Quantum IT Services,Soap Dispenser,DSP-100,Washroom Supplies,4,32,$128.00 ,0.00%,$0.00 ,128,67.2,,-4,-67.2,128,$0.00 ,Invoice,Open,,3/14/2025,web order,sales_export_2025_02.csv
TXN-001454,6/5/2024,SALE,BrightPath Dental,Toilet Tissue Case,PPR-200,Paper Products,2,$41.80 ,83.6,0%,0,83.6,51.6,,-2,-51.6,83.6,$0.00 ,Net 30,Open,,7/5/2024,Rush delivery,sales_export_2024_06.csv
TXN-000903,8/14/2025,SALE,Oak & Olive Bistro,Toilet Tissue Case,PPR-200,Paper Products,2,41.8,83.6,0%,0,83.6,USD 51.60,,-2,-51.6,USD 0.00,0,Check,Paid,,8/14/2025,,sales_export_2025_08.csv
TXN-000917,6/22/2025,sales,Lakeside Vet Care,Toilet Tissue Case,PPR-200,Paper Products,5,46.2,$231.00 ,5%,11.55,219.45,$129.00 ,,-5,($129.00),219.45,0,Invoice,Overdue,,7/22/2025,monthly replenishment,sales_export_2025_06.csv
TXN-001376,1/5/2025,SALE,Evergreen Fitness,Mop Handle,MOP-200,Janitorial Equipment,3,22.8,$68.40 ,5.00%,3.42,64.98,34.5,,-3,-34.5,0,0,Cash,Paid,,1/5/2025,,sales_export_2025_01.csv
TXN-000230,7/25/2024,Sale,Golden Hour Events,Toilet Tissue Case,PPR-200,Paper Products,3,44,132,0%,$0.00 ,132,$77.40 ,,-3,-77.4,0,0,Cash,Paid,,7/25/2024,,sales_export_2024_07.csv
TXN-001561,1-Feb-25,Sale,Riverbend Brewery,All-Purpose Cleaner,CLN-100,Cleaning Supplies,5,$8.08 ,USD 40.40,0,0,40.4,$15.50 ,,-5,-15.5,$40.40 ,0,Net 30,Open,,3/3/2025,repeat customer,sales_export_2025_02.csv
TXN-000277,10/6/2024,Sale,Oak & Olive Bistro,Glass Cleaner,CLN-200,Cleaning Supplies,6,7.25,43.5,15.00%,6.53,$36.97 ,$15.30 ,,-6,($15.30),0,0,Mastercard,Paid,,10/6/2024,,sales_export_2024_10.csv
TXN-000161,8/20/2025,SALE,Oak & Olive Bistro,All-Purpose Cleaner,CLN-100,Cleaning Supplies,10,8.5,$85.00 ,0.00%,USD 0.00,85,$31.00 ,,-10,-31,USD 85.00,$0.00 ,Invoice,Open,,9/19/2025,,sales_export_2025_08.csv
TXN-000338,5/16/2025,SALE,Acme Property Group,Nitrile Gloves Box,GLO-100,Safety Supplies,3,$15.00 ,$45.00 ,0.00%,$0.00 ,45,21.6,,-3,-21.6,$45.00 ,$0.00 ,ACH,Open,,6/15/2025,web order,sales_export_2025_05.csv
TXN-001789,8/7/2025,PURCHASE,,Mop Handle,MOP-200,Janitorial Equipment,120,$11.04 ,,,,,,,120,"1,324.80",USD 0.00,"USD 1,324.80",Net 30,Open,Facility Gear Inc,9/6/2025,,purchases_202508.csv
TXN-001592,8/9/2024,sales,Lakeside Vet Care,Trash Bags 55 Gal,BAG-100,Waste Supplies,6,29,174,10.00%,17.4,156.6,92.4,,-6,($92.40),$156.60 ,$0.00 ,ACH,Open,,9/8/2024,,sales_export_2024_08.csv
TXN-000590,4/24/2024,sales,Golden Hour Events,Soap Dispenser,DSP-100,Washroom Supplies,2,32,$64.00 ,0,0,64,33.6,,-2,-33.6,USD 0.00,$0.00 ,Check,Paid,,4/24/2024,Rush delivery,sales_export_2024_04.csv
TXN-001190,2/14/2025,SALE,Quantum IT Services,Soap Dispenser,DSP-100,Washroom Supplies,2,$33.60 ,67.2,0.1,$6.72 ,60.48,33.6,,-2,-33.6,$60.48 ,$0.00 ,Invoice,Open,,3/16/2025,,sales_export_2025_02.csv
TXN-000253,6/7/2024,SALE,Keystone Auto Repair,Nitrile Gloves Box,GLO-100,Safety Supplies,10,15.75,$157.50 ,0.00%,0,$157.50 ,$72.00 ,,-10,-72,$0.00 ,$0.00 ,ACH,Paid,,6/7/2024,repeat customer,sales_export_2024_06.csv
TXN-000514,5/22/2025,Sale, Keystone Auto Repair ,Paper Towel Case,PPR-100,Paper Products,3,39.9,119.7,0.00%,0,119.7,USD 64.50,,-3,-64.5,0,USD 0.00,Mastercard,Paid,,5/22/2025,web order,sales_export_2025_05.csv
TXN-001020,4/7/2025,sales,Quantum IT Services,Toilet Tissue Case,PPR-200,Paper Products,2,41.8,83.6,0,0,$83.60 ,$51.60 ,,-2,-51.6,0,$0.00 ,Check,Paid,,4/7/2025,Rush delivery,sales_export_2025_04.csv
TXN-001951,5/14/2025,EXPENSE,,,,Delivery Fuel,,,,,,,,$199.52 ,0,0,0,$0.00 ,Visa,Paid,Metro Fuel Stop,,,expenses_May_2025.csv
TXN-001405,3/7/2025,SALE,TIDAL WAVE MEDIA,Mop Handle,MOP-200,Janitorial Equipment,2,$24.00 ,$48.00 ,0.05,2.4,$45.60 ,23,,-2,-23,45.6,$0.00 ,Net 30,Overdue,,4/6/2025,Rush delivery,sales_export_2025_03.csv
TXN-000004,8/17/2024,sales,Ironwood Builders,All-Purpose Cleaner,CLN-100,Cleaning Supplies,6,8.5,USD 51.00,0.00%,$0.00 ,51,18.6,,-6,-18.6,$51.00 ,USD 0.00,Net 30,Open,,9/16/2024,repeat customer,sales_export_2024_08.csv
TXN-000829,9/1/2025,Sale,Evergreen Fitness,Nitrile Gloves Box,GLO-100,Safety Supplies,10,15,$150.00 ,0.05,7.5,142.5,72,,-10,-72,142.5,$0.00 ,Net 30,Open,,10/1/2025,monthly replenishment,sales_export_2025_09.csv
TXN-002021,6/28/2025,AR Receipt,Falcon Ridge Realty,Toilet Tissue Case,,Accounts Receivable,,,,,,,,,0,$0.00 ,-138.6,$0.00 ,Check,Paid,,,Payment applied to customer invoice,ar_receipts_export.csv
TXN-001651,4/24/2025,Inventory Purchase,,Toilet Tissue Case,PPR-200,Paper Products,36,$25.80 ,,,,,,,36,928.8,$0.00 ,928.8,Net 30,Open,PaperPro Distributors,5/24/2025,vendor shipment received,purchases_202504.csv
TXN-000078,6/10/2025,SALE,Harborview Clinic,Microfiber Mop Head,MOP-100,Janitorial Equipment,2,18,$36.00 ,0.05,1.8,$34.20 ,17.8,,-2,($17.80),$34.20 ,0,ACH,Overdue,,7/10/2025,Rush delivery,sales_export_2025_06.csv
TXN-001575,6/28/2025,sales,yellow finch design,Glass Cleaner,CLN-200,Cleaning Supplies,2,$7.25 ,14.5,5.00%,$0.73 ,13.77,$5.10 ,,-2,($5.10),$13.77 ,$0.00 ,ACH,Open,,7/28/2025,,sales_export_2025_06.csv
TXN-000359,3/18/2025,Sale,Zenith Logistics,Microfiber Mop Head,MOP-100,Janitorial Equipment,1,$18.90 ,18.9,0.00%,$0.00 ,18.9,$8.90 ,,-1,USD -8.90,$18.90 ,0,ACH,Open,,4/17/2025,Rush delivery,sales_export_2025_03.csv
TXN-000791,6/3/2025,SALE,Juniper Market,Glass Cleaner,CLN-200,Cleaning Supplies,1,$7.61 ,$7.61 ,0.05,$0.38 ,$7.23 ,2.55,,-1,($2.55),7.23,$0.00 ,Invoice,PAID?,,7/3/2025,,sales_export_2025_06.csv
TXN-001447,19-Aug-25,Sale,Quantum IT Services,Toilet Tissue Case,PPR-200,Paper Products,2,44,88,0%,0,$88.00 ,51.6,,-2,($51.60),$88.00 ,0,Invoice,Overdue,,9/18/2025,Rush delivery,sales_export_2025_08.csv
TXN-001989,8/17/2024,AR Receipt,Evergreen Fitness,Hand Sanitizer 1 Gal,,Accounts Receivable,,,,,,,,,0,USD 0.00,-110,0,Wire,Paid,,,Payment applied to customer invoice,ar_receipts_export.csv
TXN-001153,12/18/2025,Sale,Pinecrest Academy,Hand Sanitizer 1 Gal,SAN-100,Washroom Supplies,1,20.9,USD 20.90,10.00%,2.09,18.81,10.6,,-1,-10.6,0,0,Check,Paid,,12/18/2025,,sales_export_2025_12.csv
TXN-000062,4-Aug-25,Sale,Valley Fresh Grocers,Microfiber Mop Head,MOP-100,Janitorial Equipment,5,18,$90.00 ,0,0,90,USD 44.50,,-5,-44.5,0,$0.00 ,Visa,Paid,,8/4/2025,monthly replenishment,sales_export_2025_08.csv
TXN-001118,6/22/2024,Sale,Yellow Finch Design,Nitrile Gloves Box,GLO-100,Safety Supplies,6,$15.00 ,90,0.00%,$0.00 ,90,$43.20 ,,-6,-43.2,90,0,ACH,Open,,7/22/2024,web order,sales_export_2024_06.csv
TXN-000662,11/4/2025,sales,Valley Fresh Grocers,Toilet Tissue Case,PPR-200,Paper Products,6,41.8,$250.80 ,0.1,$25.08 ,225.72,USD 154.80,,-6,-154.8,$0.00 ,0,Visa,Paid,,11/4/2025,,sales_export_2025_11.csv
TXN-001978,9/16/2024,Customer Payment,Westfield Theater,Toilet Tissue Case,,Accounts Receivable,,,,,,,,,0,0,-125.4,0,ACH,Paid,,,Payment applied to customer invoice,ar_receipts_export.csv
TXN-000583,3/17/2024,sales,Ironwood Builders,Toilet Tissue Case,PPR-200,Paper Products,3,USD 46.20,$138.60 ,10%,13.86,124.74,77.4,,-3,-77.4,$0.00 ,$0.00 ,Cash,Paid,,3/17/2024,Rush delivery,sales_export_2024_03.csv
TXN-001312,4/9/2025,Sale,Harborview Clinic,Glass Cleaner,CLN-200,Cleaning Supplies,1,$6.89 ,6.89,10.00%,0.69,$6.20 ,2.55,,-1,($2.55),0,$0.00 ,Cash,Paid,,4/9/2025,monthly replenishment,sales_export_2025_04.csv
TXN-001159,2/27/2025,SALE,Riverbend Brewery,Glass Cleaner,CLN-200,Cleaning Supplies,1,7.25,USD 7.25,10.00%,USD 0.73,$6.52 ,$2.55 ,,-1,-2.55,6.52,$0.00 ,ACH,Open,,3/29/2025,web order,sales_export_2025_02.csv
TXN-001519,12/16/2025,sales,Golden Hour Events,Hand Sanitizer 1 Gal,SAN-100,Washroom Supplies,1,20.9,20.9,0,0,20.9,$10.60 ,,-1,-10.6,20.9,USD 0.00,ACH,Open,,1/15/2026,monthly replenishment,sales_export_2025_12.csv
TXN-001956,12/11/2025,expense,,,,Rent,,,,,,,,3418.49,0,0,$0.00 ,0,ACH,Paid,City Center Properties,,recurring monthly charge,expenses_Dec_2025.csv
TXN-000502,1/9/2024,Sale,Pinecrest Academy,All-Purpose Cleaner,CLN-100,Cleaning Supplies,2,8.5,$17.00 ,0.00%,0,$17.00 ,6.2,,-2,USD -6.20,$17.00 ,$0.00 ,Net 30,Open,,2/8/2024,,sales_export_2024_01.csv
TXN-000381,6/18/2024,sales,Juniper Market,All-Purpose Cleaner,CLN-100,Cleaning Supplies,2,USD 8.08,USD 16.16,0.05,0.81,15.35,6.2,,-2,-6.2,USD 0.00,0,Mastercard,Paid,,18-Jun-24,repeat customer,sales_export_2024_06.csv
TXN-001671,6/3/2024,PURCHASE,,Microfiber Mop Head,MOP-100,Janitorial Equipment,24,8.72,,,,,,,24,209.33,USD 0.00,$209.33 ,Net 30,Open,facility gear inc,7/3/2024,stock replenishment,purchases_202406.csv
TXN-000353,11/13/2024,sales,Golden Hour Events,Paper Towel Case,PPR-100,Paper Products,1,38,38,0.1,$3.80 ,$34.20 ,$21.50 ,,-1,($21.50),0,USD 0.00,Check,Paid,,11/13/2024,,sales_export_2024_11.csv
TXN-001678,11/14/2024,PURCHASE,,Microfiber Mop Head,MOP-100,Janitorial Equipment,120,9.08,,,,,,,120,"$1,089.36 ",$0.00 ,0,ACH,Paid,Facility Gear Inc,14-Dec-24,vendor shipment received,purchases_202411.csv
TXN-001039,1/24/2025,sales, Golden Hour Events ,Trash Bags 55 Gal,BAG-100,Waste Supplies,8,$30.45 ,243.6,0,0,USD 243.60,USD 123.20,,-8,-123.2,0,$0.00 ,ACH,Paid,,1/24/2025,repeat customer,sales_export_2025_01.csv
TXN-001321,7/22/2024,sales,Oak & Olive Bistro,Trash Bags 55 Gal,BAG-100,Waste Supplies,1,27.55,$27.55 ,5%,$1.38 ,26.17,15.4,,-1,-15.4,0,0,Cash,Paid,,7/22/2024,web order,sales_export_2024_07.csv
TXN-001623,4/6/2024,SALE,Union Square Hotel,Trash Bags 55 Gal,BAG-100,Waste Supplies,1,$27.55 ,27.55,0.00%,$0.00 ,$27.55 ,15.4,,-1,-15.4,0,0,Cash,Paid,,4/6/2024,web order,sales_export_2024_04.csv
TXN-001044,12/28/2025,Sale,Harborview Clinic,Hand Sanitizer 1 Gal,SAN-100,Washroom Supplies,4,USD 20.90,USD 83.60,0.05,USD 4.18,79.42,$42.40 ,,-4,-42.4,$0.00 ,0,Mastercard,Paid,,12/28/2025,repeat customer,sales_export_2025_12.csv
TXN-000041,12/2/2025,SALE,Maple Street Bakery,Glass Cleaner,CLN-200,Cleaning Supplies,12,7.25,87,0,0,USD 87.00,$30.60 ,,-12,-30.6,0,0,Check,Paid,,12/2/2025,,sales_export_2025_12.csv
TXN-001148,11/28/2025,SALE,Valley Fresh Grocers,Nitrile Gloves Box,GLO-100,Safety Supplies,10,14.25,$142.50 ,0.05,7.13,135.37,USD 72.00,,-10,($72.00),$0.00 ,USD 0.00,Cash,Paid,,11/28/2025,,sales_export_2025_11.csv
TXN-000864,6/30/2025,Sale,Maple Street Bakery,Soap Dispenser,DSP-100,Washroom Supplies,3,32,96,0.05,4.8,$91.20 ,50.4,,-3,-50.4,0,0,Visa,Paid,,6/30/2025,web order,sales_export_2025_06.csv
TXN-000792,10/5/2024,SALE,Tidal Wave Media,Toilet Tissue Case,PPR-200,Paper Products,5,41.8,209,0.00%,0,$209.00 ,$129.00 ,,-5,-129,0,0,Check,Paid,,10/5/2024,Rush delivery,sales_export_2024_10.csv
TXN-001439,2/9/2024,Sale,Lakeside Vet Care,Nitrile Gloves Box,GLO-100,Safety Supplies,5,15.75,78.75,0%,0,78.75,36,,-5,($36.00),0,$0.00 ,Check,Paid,,2/9/2024,,sales_export_2024_02.csv
TXN-000845,6-May-24,sales,BrightPath Dental,Hand Sanitizer 1 Gal,SAN-100,Washroom Supplies,6,20.9,125.4,0.00%,0,125.4,63.6,,-6,($63.60),$125.40 ,$0.00 ,ACH,Open,,6/5/2024,monthly replenishment,sales_export_2024_05.csv
TXN-000333,6/7/2024,sales,Juniper Market,Soap Dispenser,DSP-100,Washroom Supplies,6,$32.00 ,192,5%,$9.60 ,182.4,$100.80 ,,-6,-100.8,0,$0.00 ,Visa,Paid,,6/7/2024,,sales_export_2024_06.csv
TXN-000588,11/6/2025,sales,Falcon Ridge Realty,Microfiber Mop Head,MOP-100,Janitorial Equipment,6,18,108,5.00%,5.4,102.6,$53.40 ,,-6,($53.40),102.6,0,ACH,Open,,12/6/2025,web order,sales_export_2025_11.csv
TXN-001669,2/11/2024,Inventory Purchase,,Nitrile Gloves Box,GLO-100,Safety Supplies,36,USD 7.34,,,,,,,36,$264.38 ,0,264.38,Net 30,Open,SafeHands Wholesale,3/12/2024,stock replenishment,purchases_202402.csv
TXN-001880,12/26/2024,expense,,,,Payroll,,,,,,,,"1,257.70",0,$0.00 ,0,0,Check,Paid,Staff Payroll,,,expenses_Dec_2024.csv
TXN-000964,9/22/2024,SALE,Tidal Wave Media,Glass Cleaner,CLN-200,Cleaning Supplies,4,6.89,27.56,0,$0.00 ,27.56,10.2,,-4,-10.2,$27.56 ,0,Invoice,Open,,10/22/2024,,sales_export_2024_09.csv
TXN-001257,5/13/2024,sales,Acme Property Group,Soap Dispenser,DSP-100,Washroom Supplies,3,$33.60 ,$100.80 ,15.00%,$15.12 ,85.68,50.4,,-3,($50.40),0,0,ACH,Paid,,5/13/2024,repeat customer,sales_export_2024_05.csv
TXN-000969,6/15/2024,sales,Riverbend Brewery,Glass Cleaner,CLN-200,Cleaning Supplies,4,6.89,27.56,10%,2.76,$24.80 ,10.2,,-4,-10.2,$24.80 ,$0.00 ,Invoice,Overdue,,15-Jul-24,Rush delivery,sales_export_2024_06.csv
TXN-000197,5/26/2025,sales,Cedar & Stone Cafe,Glass Cleaner,CLN-200,Cleaning Supplies,5,6.89,34.45,5%,$1.72 ,32.73,USD 12.75,,-5,-12.75,$0.00 ,0,Visa,Paid,,5/26/2025,monthly replenishment,sales_export_2025_05.csv
TXN-000216,10/10/2024,Sale,Golden Hour Events,Nitrile Gloves Box,GLO-100,Safety Supplies,1,15.75,$15.75 ,0,0,15.75,USD 7.20,,-1,($7.20),$0.00 ,$0.00 ,Visa,Paid,,10-Oct-24,monthly replenishment,sales_export_2024_10.csv
TXN-001328,2/8/2025,SALE,Juniper Market,Nitrile Gloves Box,GLO-100,Safety Supplies,4,14.25,USD 57.00,0%,$0.00 ,$57.00 ,28.8,,-4,-28.8,$0.00 ,0,Cash,Paid,,2/8/2025,,sales_export_2025_02.csv
TXN-001309,6/28/2025,sales,Valley Fresh Grocers,All-Purpose Cleaner,CLN-100,Cleaning Supplies,8,8.93,71.44,0,0,$71.44 ,24.8,,-8,($24.80),71.44,0,ACH,Open,,7/28/2025,Rush delivery,sales_export_2025_06.csv
TXN-000680,8/27/2024,Sale,Cedar & Stone Cafe,Soap Dispenser,DSP-100,Washroom Supplies,3,$33.60 ,$100.80 ,0.00%,0,100.8,50.4,,-3,-50.4,$0.00 ,USD 0.00,Visa,Paid,,8/27/2024,monthly replenishment,sales_export_2024_08.csv
TXN-001466,5/9/2024,sales,Yellow Finch Design,Glass Cleaner,CLN-200,Cleaning Supplies,5,6.89,$34.45 ,5.00%,$1.72 ,USD 32.73,$12.75 ,,-5,($12.75),0,0,Check,Paid,,9-May-24,monthly replenishment,sales_export_2024_05.csv
TXN-000386,1/13/2025,Sale,Falcon Ridge Realty,Hand Sanitizer 1 Gal,SAN-100,Washroom Supplies,4,USD 22.00,$88.00 ,0.00%,0,88,42.4,,-4,-42.4,88,0,Invoice,Overdue,,2/12/2025,Rush delivery,sales_export_2025_01.csv
TXN-000084,6/19/2024,sales,BrightPath Dental,Paper Towel Case,PPR-100,Paper Products,2,$36.10 ,$72.20 ,0,$0.00 ,72.2,$43.00 ,,-2,-43,72.2,$0.00 ,Invoice,Open,,7/19/2024,monthly replenishment,sales_export_2024_06.csv
TXN-000212,24-Mar-24,Sale,Riverbend Brewery,Glass Cleaner,CLN-200,Cleaning Supplies,3,USD 6.89,20.67,10.00%,$2.07 ,$18.60 ,7.65,,-3,($7.65),$18.60 ,0,Invoice,Open,,4/23/2024,repeat customer,sales_export_2024_03.csv
TXN-000561,17-Apr-25,Sale,BrightPath Dental,Trash Bags 55 Gal,BAG-100,Waste Supplies,3,$29.00 ,$87.00 ,0%,0,87,$46.20 ,,-3,-46.2,87,0,ACH,Overdue,,5/17/2025,web order,sales_export_2025_04.csv
TXN-001431,12/2/2025,SALE,Riverbend Brewery,Nitrile Gloves Box,GLO-100,Safety Supplies,1,$15.00 ,$15.00 ,0.1,1.5,13.5,7.2,,-1,-7.2,$0.00 ,0,Check,Paid,,12/2/2025,,sales_export_2025_12.csv
TXN-001322,5/20/2024,Sale,Lakeside Vet Care,Toilet Tissue Case,PPR-200,Paper Products,6,$46.20 ,277.2,0.00%,0,277.2,USD 154.80,,-6,($154.80),USD 0.00,$0.00 ,Cash,Paid,,5/20/2024,web order,sales_export_2024_05.csv
TXN-001006,3/16/2025,SALE,Acme Property Group,Paper Towel Case,PPR-100,Paper Products,4,38,152,0,0,USD 152.00,$86.00 ,,-4,($86.00),0,$0.00 ,Visa,Paid,,3/16/2025,Rush delivery,sales_export_2025_03.csv
TXN-001218,9/2/2024,SALE,Westfield Theater,Hand Sanitizer 1 Gal,SAN-100,Miscellaneous,1,$22.00 ,USD 22.00,0%,0,$22.00 ,10.6,,-1,-10.6,$22.00 ,USD 0.00,Invoice,Open,,10/2/2024,web order,sales_export_2024_09.csv
TXN-001250,12/5/2025,SALE,Zenith Logistics, Toilet Tissue Case ,PPR-200,Paper Products,1,USD 44.00,USD 44.00,0%,$0.00 ,$44.00 ,$25.80 ,,-1,-25.8,0,0,ACH,Paid,,12/5/2025,,sales_export_2025_12.csv
TXN-000859,9/27/2025,SALE,Yellow Finch Design,Hand Sanitizer 1 Gal,SAN-100,Washroom Supplies,2,22,44,0%,$0.00 ,44,21.2,,-2,-21.2,44,0,Net 30,Open,,10/27/2025,,sales_export_2025_09.csv
TXN-000504,6-Jun-25,SALE,KEYSTONE AUTO REPAIR,Glass Cleaner,CLN-200,Cleaning Supplies,8,7.25,58,0%,$0.00 ,58,20.4,,-8,-20.4,0,0,Check,Paid,,6/6/2025,monthly replenishment,sales_export_2025_06.csv
TXN-000547,12/14/2025,sales,Evergreen Fitness,Paper Towel Case,PPR-100,Paper Products,6,38,228,0.00%,$0.00 ,228,129,,-6,($129.00),0,$0.00 ,Mastercard,Paid,,12/14/2025,Rush delivery,sales_export_2025_12.csv
TXN-000758,6/17/2024,Sale,Valley Fresh Grocers,Hand Sanitizer 1 Gal,SAN-100,Washroom Supplies,5,$22.00 ,$110.00 ,10%,11,$99.00 ,$53.00 ,,-5,-53,$0.00 ,$0.00 ,Cash,Paid,,6/17/2024,repeat customer,sales_export_2024_06.csv
TXN-001856,12/23/2024,EXPENSE,,,,Office Supplies,,,,,,,,USD 114.59,0,0,0,$0.00 ,ACH,Paid,Office Depot,,,expenses_Dec_2024.csv
TXN-000724,1/22/2024,sales,Harborview Clinic,Hand Sanitizer 1 Gal,SAN-100,Washroom Supplies,5,22,110,0,0,$110.00 ,$53.00 ,,-5,-53,$110.00 ,$0.00 ,Invoice,Overdue,,2/21/2024,monthly replenishment,sales_export_2024_01.csv
TXN-000639,2/10/2024,SALE,Northstar Consulting,Paper Towel Case,PPR-100,Paper Products,3,38,$114.00 ,10.00%,USD 11.40,$102.60 ,64.5,,-3,-64.5,$102.60 ,0,Invoice,Open,,3/11/2024,repeat customer,sales_export_2024_02.csv
TXN-002000,5/18/2024,ar receipt,Yellow Finch Design,NITRILE GLOVES BOX,,Accounts Receivable,,,,,,,,,0,0,-94.5,$0.00 ,ACH,Paid,,,Payment applied to customer invoice,ar_receipts_export.csv
TXN-000113,8/10/2025,sales,Northstar Consulting,Soap Dispenser,DSP-100,Washroom Supplies,3,32,96,0%,0,96,$50.40 ,,-3,-50.4,0,0,Visa,Paid,,8/10/2025,web order,sales_export_2025_08.csv
TXN-001828,12/7/2025,inventory purchase,,Nitrile Gloves Box,GLO-100,Safety Supplies,24,$6.91 ,,,,,,,24,$165.89 ,$0.00 ,165.89,Net 30,Open,SAFEHANDS WHOLESALE,1/6/2026,,purchases_202512.csv
TXN-000987,9/22/2025,Sale,Yellow Finch Design,soap dispenser,DSP-100,Washroom Supplies,2,33.6,$67.20 ,5%,3.36,$63.84 ,$33.60 ,,-2,-33.6,63.84,$0.00 ,Invoice,Open,,10/22/2025,,sales_export_2025_09.csv
TXN-001245,11/3/2025,SALE,Acme Property Group,Mop Handle,MOP-200,Janitorial Equipment,1,24,24,0.00%,0,$24.00 ,11.5,,-1,USD -11.50,$0.00 ,0,Check,Paid,,11/3/2025,,sales_export_2025_11.csv
TXN-000998,10/27/2025,sales,Pinecrest Academy,Hand Sanitizer 1 Gal,SAN-100,Washroom Supplies,1,$22.00 ,22,5%,1.1,20.9,$10.60 ,,-1,($10.60),20.9,$0.00 ,ACH,Open,,11/26/2025,monthly replenishment,sales_export_2025_10.csv
TXN-001156,6-Jul-25,sales,Union Square Hotel,Toilet Tissue Case,PPR-200,Paper Products,8,USD 46.20,$369.60 ,0,0,369.6,206.4,,-8,-206.4,0,0,ACH,Paid,,7/6/2025,,sales_export_2025_07.csv
TXN-000544,1/2/2025,SALE,Lakeside Vet Care, All-Purpose Cleaner ,CLN-100,Cleaning Supplies,5,8.5,42.5,0%,$0.00 ,$42.50 ,15.5,,-5,($15.50),0,$0.00 ,Visa,Paid,,1/2/2025,monthly replenishment,sales_export_2025_01.csv
TXN-000024,6/18/2024,sales,Quantum IT Services,Toilet Tissue Case,PPR-200,Paper Products,1,USD 41.80,41.8,0,0,41.8,25.8,,-1,-25.8,41.8,0,Net 30,Open,,7/18/2024,monthly replenishment,sales_export_2024_06.csv
TXN-000368,1/10/2024,sales,Pinecrest Academy,Glass Cleaner,CLN-200,Cleaning Supplies,3,$7.25 ,21.75,15.00%,USD 3.26,18.49,USD 7.65,,-3,($7.65),0,0,Mastercard,Paid,,1/10/2024,web order,sales_export_2024_01.csv
TXN-001272,19-Jul-25,Sale,union square hotel,glass cleaner,CLN-200,Cleaning Supplies,4,7.25,29,5.00%,1.45,27.55,$10.20 ,,-4,-10.2,27.55,0,Invoice,Overdue,,8/18/2025,repeat customer,sales_export_2025_07.csv
TXN-001100,12/18/2025,sales,Falcon Ridge Realty,All-Purpose Cleaner,CLN-100,Cleaning Supplies,5,8.08,$40.40 ,0.00%,$0.00 ,$40.40 ,USD 15.50,,-5,($15.50),$0.00 ,0,Cash,Paid,,12/18/2025,monthly replenishment,sales_export_2025_12.csv
TXN-000611,3/24/2025,sales,Oak & Olive Bistro,Toilet Tissue Case,PPR-200,Paper Products,2,44,$88.00 ,0.00%,$0.00 ,88,$51.60 ,,-2,-51.6,USD 0.00,$0.00 ,Cash,Paid,,3/24/2025,,sales_export_2025_03.csv
TXN-000218,4/23/2025,sales,Oak & Olive Bistro,Microfiber Mop Head,MOP-100,Janitorial Equipment,5,USD 18.00,$90.00 ,0,$0.00 ,$90.00 ,44.5,,-5,-44.5,90,$0.00 ,Invoice,Open,,5/23/2025,monthly replenishment,sales_export_2025_04.csv
TXN-001695,1/6/2024,PURCHASE,,Toilet Tissue Case,PPR-200,Paper Products,60,24.77,,,,,,,60,"1,486.08",0,"1,486.08",Net 30,Open,PaperPro Distributors,2/5/2024,,purchases_202401.csv
TXN-001446,1/19/2024,SALE,Evergreen Fitness,Glass Cleaner,CLN-200,Cleaning Supplies,5,$7.25 ,36.25,10%,3.63,$32.62 ,12.75,,-5,($12.75),$0.00 ,0,Check,Paid,,1/19/2024,monthly replenishment,sales_export_2024_01.csv
TXN-001258,11/15/2025,sales,BrightPath Dental,Mop Handle,MOP-200,Janitorial Equipment,4,25.2,USD 100.80,0.00%,0,100.8,$46.00 ,,-4,-46,100.8,0,ACH,Open,,12/15/2025,repeat customer,sales_export_2025_11.csv
TXN-001260,26-Dec-24,sales,Union Square Hotel,Nitrile Gloves Box,GLO-100,Safety Supplies,3,$14.25 ,$42.75 ,0.00%,0,USD 42.75,21.6,,-3,($21.60),$0.00 ,0,Mastercard,Paid,,12/26/2024,web order,sales_export_2024_12.csv
TXN-000484,10/15/2025,sales,Zenith Logistics,Trash Bags 55 Gal,BAG-100,Waste Supplies,3,30.45,$91.35 ,5.00%,4.57,USD 86.78,USD 46.20,,-3,($46.20),86.78,$0.00 ,ACH,Open,,11/14/2025,repeat customer,sales_export_2025_10.csv
TXN-000946,12/6/2024,sales,Ironwood Builders,Microfiber Mop Head,MOP-100,Janitorial Equipment,1,18,USD 18.00,0,$0.00 ,18,8.9,,-1,-8.9,18,$0.00 ,Invoice,Open,,5-Jan-25,,sales_export_2024_12.csv
TXN-001098,9/10/2024,Sale,juniper market,Hand Sanitizer 1 Gal,SAN-100,Washroom Supplies,2,22,44,0.05,2.2,USD 41.80,21.2,,-2,-21.2,0,0,Mastercard,Paid,,9/10/2024,monthly replenishment,sales_export_2024_09.csv
TXN-001777,12/27/2025,PURCHASE,,Mop Handle,MOP-200,Janitorial Equipment,48,$11.04 ,,,,,,,48,529.92,$0.00 ,USD 0.00,ACH,Paid,Facility Gear Inc,1/26/2026,vendor shipment received,purchases_202512.csv
TXN-001194,5/23/2024,SALE,Oak & Olive Bistro,Paper Towel Case,PPR-100,Paper Products,2,38,76,0%,0,$76.00 ,43,,-2,-43,76,0,ACH,Open,,6/22/2024,Rush delivery,sales_export_2024_05.csv
TXN-000570,4/25/2024,sales,Lakeside Vet Care,Toilet Tissue Case,PPR-200,Paper Products,10,44,$440.00 ,0,0,USD 440.00,258,,-10,($258.00),0,$0.00 ,Check,Paid,,4/25/2024,web order,sales_export_2024_04.csv
TXN-001954,2/12/2025,expense,,,,Rent,,,,,,,,"3,089.31",0,USD 0.00,0,$0.00 ,Visa,Paid,City Center Properties,,,expenses_Feb_2025.csv
TXN-000225,5/5/2025,sales,Falcon Ridge Realty,Toilet Tissue Case,PPR-200,Paper Products,3,46.2,138.6,0.00%,$0.00 ,$138.60 ,77.4,,-3,-77.4,138.6,0,ACH,Open,,6/4/2025,monthly replenishment,sales_export_2025_05.csv
TXN-000924,11/19/2025,sales,Dover Legal Partners,Nitrile Gloves Box,GLO-100,Safety Supplies,5,$14.25 ,71.25,10%,7.13,64.12,36,,-5,-36,64.12,0,Net 30,Open,,12/19/2025,Rush delivery,sales_export_2025_11.csv
TXN-001775,6/24/2025,inventory purchase,,Soap Dispenser,DSP-100,Washroom Supplies,72,16.46,,,,,,,72,1185.41,$0.00 ,"1,185.41",Net 30,Open,Hygiene Solutions,7/24/2025,,purchases_202506.csv
TXN-001653,6/10/2024,inventory purchase,,All-Purpose Cleaner,CLN-100,Cleaning Supplies,24,USD 3.04,,,,,,,24,72.91,0,72.91,Net 30,Open,North Supply Co.,7/10/2024,stock replenishment,purchases_202406.csv
TXN-001364,10/19/2025,Sale,Harborview Clinic,Trash Bags 55 Gal,BAG-100,Waste Supplies,1,29,29,0.00%,$0.00 ,$29.00 ,15.4,,-1,-15.4,29,0,Invoice,Overdue,,11/18/2025,repeat customer,sales_export_2025_10.csv
TXN-001864,4/17/2024,expense,,,,Payroll,,,,,,,,"1,434.73",0,$0.00 ,0,$0.00 ,Check,Paid,Staff Payroll,,approved by owner,expenses_Apr_2024.csv
TXN-000763,6/8/2025,sales,Evergreen Fitness,Nitrile Gloves Box,GLO-100,Safety Supplies,1,15,15,0,0,15,7.2,,-1,-7.2,15,0,Net 30,Open,,7/8/2025,web order,sales_export_2025_06.csv
TXN-001416,9/17/2024,Sale,Union Square Hotel,Hand Sanitizer 1 Gal,SAN-100,Washroom Supplies,5,23.1,115.5,5.00%,$5.78 ,109.72,53,,-5,-53,109.72,0,Net 30,Overdue,,10/17/2024,monthly replenishment,sales_export_2024_09.csv
TXN-000310,6/9/2025,SALE,Maple Street Bakery,Microfiber Mop Head,MOP-100,Janitorial Equipment,5,18,90,0.00%,USD 0.00,90,44.5,,-5,-44.5,90,USD 0.00,ACH,Overdue,,7/9/2025,web order,sales_export_2025_06.csv
TXN-000307,3/5/2024,sales,Keystone Auto Repair,Mop Handle,MOP-200,Janitorial Equipment,4,24,96,0.05,$4.80 ,USD 91.20,USD 46.00,,-4,-46,$91.20 ,0,ACH,Overdue,,4/4/2024,repeat customer,sales_export_2024_03.csv
TXN-000170,4/15/2024,SALE,Yellow Finch Design,Nitrile Gloves Box,GLO-100,Safety Supplies,6,15.75,$94.50 ,0.00%,0,94.5,$43.20 ,,-6,-43.2,USD 94.50,USD 0.00,Invoice,Open,,5/15/2024,web order,sales_export_2024_04.csv
TXN-000989,3/3/2025,Sale,VALLEY FRESH GROCERS,Paper Towel Case,PPR-100,Paper Products,12,$38.00 ,$456.00 ,0.00%,$0.00 ,456,258,,-12,USD -258.00,$0.00 ,0,Visa,Paid,,3/3/2025,web order,sales_export_2025_03.csv
TXN-000920,5-Feb-25,SALE,Yellow Finch Design,All-Purpose Cleaner,CLN-100,Cleaning Supplies,2,$8.50 ,17,0%,0,17,$6.20 ,,-2,($6.20),0,0,Mastercard,Paid,,2/5/2025,Rush delivery,sales_export_2025_02.csv
TXN-000033,10/16/2024,SALE,Zenith Logistics,Mop Handle,MOP-200,Janitorial Equipment,2,22.8,45.6,5.00%,$2.28 ,43.32,USD 23.00,,-2,($23.00),0,0,Check,Paid,,10/16/2024,repeat customer,sales_export_2024_10.csv
TXN-001042,5/30/2024,sales,Riverbend Brewery,Microfiber Mop Head,MOP-100,Janitorial Equipment,3,$18.90 ,56.7,0.00%,0,56.7,$26.70 ,,-3,-26.7,$0.00 ,0,Visa,Paid,,5/30/2024,Rush delivery,sales_export_2024_05.csv
TXN-000584,12/10/2024,Sale,Lakeside Vet Care,Paper Towel Case,PPR-100,Paper Products,2,$38.00 ,USD 76.00,0%,0,76,43,,-2,-43,76,$0.00 ,Net 30,Open,,1/9/2025,monthly replenishment,sales_export_2024_12.csv
TXN-000430,5/28/2025,Sale,Lakeside Vet Care,Mop Handle,MOP-200,Janitorial Equipment,2,$25.20 ,50.4,0.05,2.52,47.88,23,,-2,-23,USD 0.00,$0.00 ,ACH,Paid,,5/28/2025,repeat customer,sales_export_2025_05.csv
TXN-001813,3/12/2025,Inventory Purchase,,Trash Bags 55 Gal,BAG-100,Waste Supplies,48,15.4,,,,,,,48,739.2,$0.00 ,$739.20 ,Net 30,Open,Metro Packaging LLC,4/11/2025,stock replenishment,purchases_202503.csv
TXN-000798,5/12/2025,sales,Zenith Logistics,Soap Dispenser,DSP-100,Washroom Supplies,8,$32.00 ,256,0,$0.00 ,USD 256.00,$134.40 ,,-8,-134.4,USD 0.00,0,Check,Paid,,5/12/2025,,sales_export_2025_05.csv
TXN-001040,11/9/2024,sales,Maple Street Bakery,Mop Handle,MOP-200,Janitorial Equipment,1,$24.00 ,$24.00 ,15%,$3.60 ,20.4,11.5,,-1,-11.5,0,0,ACH,Paid,,11/9/2024,monthly replenishment,sales_export_2024_11.csv
TXN-001786,5/17/2024,Inventory Purchase,,Trash Bags 55 Gal,BAG-100,Waste Supplies,36,14.78,,,,,,,36,532.22,0,0,ACH,Paid,Metro Packaging LLC,6/16/2024,,purchases_202405.csv
TXN-001641,9/5/2025,SALE,Golden Hour Events,All-Purpose Cleaner,CLN-100,Cleaning Supplies,1,8.93,8.93,10%,0.89,$8.04 ,$3.10 ,,-1,USD -3.10,0,0,Visa,Paid,,9/5/2025,web order,sales_export_2025_09.csv
TXN-000944,3/21/2025,Sale,Tidal Wave Media,Glass Cleaner,CLN-200,Cleaning Supplies,3,$7.25 ,21.75,10.00%,$2.18 ,USD 19.57,7.65,,-3,-7.65,USD 0.00,$0.00 ,ACH,Paid,,3/21/2025,repeat customer,sales_export_2025_03.csv
TXN-000775,1/13/2024,Sale,Westfield Theater,Microfiber Mop Head,MOP-100,Janitorial Equipment,10,18,USD 180.00,0.05,9,USD 171.00,$89.00 ,,-10,-89,0,0,Cash,Paid,,1/13/2024,Rush delivery,sales_export_2024_01.csv
TXN-001606,4/26/2025,Sale,Riverbend Brewery,Microfiber Mop Head,MOP-100,Janitorial Equipment,10,USD 18.00,$180.00 ,0,$0.00 ,$180.00 ,$89.00 ,,-10,USD -89.00,180,$0.00 ,ACH,Overdue,,5/26/2025,monthly replenishment,sales_export_2025_04.csv
TXN-002073,7/19/2024,AP Payment,,,,Accounts Payable,,,,,,,,,0,$0.00 ,0,-640.8,Wire,Paid,Facility Gear Inc,,Payment applied to vendor bill,ap_payment_register.csv
TXN-001724,4/2/2025,PURCHASE,,Paper Towel Case,PPR-100,Paper Products,60,$21.50 ,,,,,,,60,1290,0,"1,290.00",Net 30,Open,PaperPro Distributors,5/2/2025,vendor shipment received,purchases_202504.csv
TXN-001619,11/12/2025,sales,Northstar Consulting,All-Purpose Cleaner,CLN-100,Cleaning Supplies,1,$8.93 ,$8.93 ,0,0,$8.93 ,$3.10 ,,-1,($3.10),$0.00 ,0,Cash,Paid,,12-Nov-25,monthly replenishment,sales_export_2025_11.csv
TXN-001165,10/20/2024,Sale,Cedar & Stone Cafe,Soap Dispenser,DSP-100,Washroom Supplies,1,30.4,30.4,0.00%,0,30.4,16.8,,-1,($16.80),30.4,0,Net 30,Open,,11/19/2024,repeat customer,sales_export_2024_10.csv
TXN-001177,8/25/2025,Sale,Tidal Wave Media,Glass Cleaner,CLN-200,Cleaning Supplies,3,6.89,20.67,5%,$1.03 ,19.64,USD 7.65,,-3,-7.65,$0.00 ,0,Cash,Paid,,8/25/2025,web order,sales_export_2025_08.csv
TXN-001394,9/8/2025,Sale,Golden Hour Events,Paper Towel Case,PPR-100,Paper Products,8,36.1,288.8,0,0,$288.80 ,172,,-8,-172,288.8,0,ACH,Open,,8-Oct-25,repeat customer,sales_export_2025_09.csv
TXN-000767,12/8/2025,Sale,Acme Property Group,Toilet Tissue Case,PPR-200,Paper Products,12,44,528,0%,$0.00 ,528,309.6,,-12,($309.60),528,0,Net 30,Open,,1/7/2026,,sales_export_2025_12.csv
TXN-001369,3/14/2024,SALE,Tidal Wave Media,Glass Cleaner,CLN-200,Cleaning Supplies,4,$7.61 ,30.44,0.00%,0,$30.44 ,10.2,,-4,-10.2,$30.44 ,0,Invoice,Open,,4/13/2024,Rush delivery,sales_export_2024_03.csv
TXN-000611,3/24/2025,sales,Oak & Olive Bistro,Toilet Tissue Case,PPR-200,Paper Products,2,44,$88.00 ,0.00%,$0.00 ,88,$51.60 ,,-2,-51.6,USD 0.00,$0.00 ,Cash,Paid,,3/24/2025,,sales_export_2025_03.csv
TXN-000837,10/7/2025,SALE,Maple Street Bakery,Trash Bags 55 Gal,BAG-100,Waste Supplies,2,27.55,55.1,5.00%,USD 2.76,USD 52.34,USD 30.80,,-2,-30.8,0,0,ACH,Paid,,10/7/2025,web order,sales_export_2025_10.csv
TXN-001571,11/13/2025,sales,Northstar Consulting,Soap Dispenser,DSP-100,Washroom Supplies,4,$30.40 ,$121.60 ,0.00%,$0.00 ,121.6,67.2,,-4,-67.2,121.6,0,Invoice,Overdue,,12/13/2025,web order,sales_export_2025_11.csv
TXN-000158,8/1/2025,sales,Westfield Theater,Soap Dispenser,DSP-100,Washroom Supplies,8,33.6,268.8,0%,0,268.8,134.4,,-8,-134.4,$0.00 ,0,Mastercard,Paid,,8/1/2025,repeat customer,sales_export_2025_08.csv
TXN-000714,7/5/2024,SALE,Pinecrest Academy,Glass Cleaner,CLN-200,Cleaning Supplies,5,USD 7.61,$38.05 ,5.00%,1.9,$36.15 ,12.75,,-5,($12.75),$36.15 ,0,Net 30,Open,,8/4/2024,monthly replenishment,sales_export_2024_07.csv
TXN-001727,3/18/2025,PURCHASE,,Toilet Tissue Case,PPR-200,Paper Products,96,$25.28 ,,,,,,,96,2427.26,0,"$2,427.26 ",Net 30,Overdue,PaperPro Distributors,4/17/2025,,purchases_202503.csv
TXN-000257,10/20/2025,sales,Valley Fresh Grocers,Nitrile Gloves Box,GLO-100,Safety Supplies,1,15.75,USD 15.75,0%,0,15.75,7.2,,-1,-7.2,0,0,Visa,Paid,,10/20/2025,web order,sales_export_2025_10.csv
TXN-000854,5/3/2025,SALE,Lakeside Vet Care,Nitrile Gloves Box,GLO-100,Safety Supplies,1,$15.00 ,$15.00 ,0,0,$15.00 ,$7.20 ,,-1,($7.20),$15.00 ,USD 0.00,Net 30,Overdue,,6/2/2025,web order,sales_export_2025_05.csv
TXN-000142,2/26/2025,sales,Valley Fresh Grocers,Paper Towel Case,PPR-100,Paper Products,3,38,114,5%,5.7,$108.30 ,$64.50 ,,-3,-64.5,$0.00 ,USD 0.00,Check,Paid,,2/26/2025,,sales_export_2025_02.csv
TXN-002094,3/28/2025,ap payment,,,,Accounts Payable,,,,,,,,,0,$0.00 ,$0.00 ,-172.8,Wire,Paid,SafeHands Wholesale,,Payment applied to vendor bill,ap_payment_register.csv
TXN-001234,16-Aug-24,Sale,Maple Street Bakery,Glass Cleaner,CLN-200,Cleaning Supplies,3,7.25,21.75,0%,0,$21.75 ,7.65,,-3,-7.65,USD 0.00,0,Cash,Paid,,8/16/2024,web order,sales_export_2024_08.csv
TXN-000165,9/26/2024,sales,Riverbend Brewery,Trash Bags 55 Gal,BAG-100,Waste Supplies,3,30.45,91.35,0.05,USD 4.57,$86.78 ,46.2,,-3,($46.20),$0.00 ,0,Visa,Paid,,9/26/2024,repeat customer,sales_export_2024_09.csv
TXN-001451,12/28/2024,sales,Summit Childcare,Hand Sanitizer 1 Gal,SAN-100,Washroom Supplies,5,$22.00 ,110,0%,0,110,53,,-5,-53,$0.00 ,0,Visa,Paid,,12/28/2024,web order,sales_export_2024_12.csv
TXN-000556,4/25/2025,SALE,Zenith Logistics,Soap Dispenser,DSP-100,Washroom Supplies,10,$32.00 ,$320.00 ,0%,USD 0.00,$320.00 ,168,,-10,-168,0,0,Mastercard,Paid,,4/25/2025,repeat customer,sales_export_2025_04.csv
TXN-000856,3/25/2024,SALE,Juniper Market,Microfiber Mop Head,MOP-100,Janitorial Equipment,4,18.9,USD 75.60,5.00%,3.78,71.82,35.6,,-4,-35.6,71.82,0,Invoice,Open,,4/24/2024,monthly replenishment,sales_export_2024_03.csv
TXN-001094,4/3/2025,Sale,Falcon Ridge Realty,MICROFIBER MOP HEAD,MOP-100,Janitorial Equipment,5,$18.00 ,90,5.00%,$4.50 ,85.5,44.5,,-5,($44.50),85.5,0,Invoice,Open,,5/3/2025,web order,sales_export_2025_04.csv
TXN-000392,10/31/2024,SALE,HARBORVIEW CLINIC,Glass Cleaner,CLN-200,Cleaning Supplies,1,$7.61 ,7.61,0,$0.00 ,7.61,2.55,,-1,USD -2.55,$7.61 ,USD 0.00,ACH,Open,,11/30/2024,,sales_export_2024_10.csv
TXN-000198,3/24/2025,sales,cedar & stone cafe, Mop Handle ,MOP-200,Janitorial Equipment,4,$24.00 ,$96.00 ,0.00%,0,96,46,,-4,($46.00),$96.00 ,0,Invoice,Open,,4/23/2025,monthly replenishment,sales_export_2025_03.csv
TXN-001831,9/29/2025,Operating Expense,,,,Payroll,,,,,,,,"1,073.32",0,0,$0.00 ,0,Check,Paid,Staff Payroll,,,expenses_Sep_2025.csv
TXN-000210,23-Feb-24,Sale,Golden Hour Events,Nitrile Gloves Box,GLO-100,Safety Supplies,1,14.25,$14.25 ,5%,$0.71 ,$13.54 ,7.2,,-1,-7.2,$0.00 ,$0.00 ,Check,Paid,,23-Feb-24,,sales_export_2024_02.csv
TXN-001738,6/10/2025,Inventory Purchase,,Nitrile Gloves Box,GLO-100,Safety Supplies,60,6.91,,,,,,,60,414.72,0,$414.72 ,Net 30,Overdue,SafeHands Wholesale,7/10/2025,stock replenishment,purchases_202506.csv
TXN-001912,15-Aug-24,EXPENSE,,,,Payroll,,,,,,,,"1,157.32",0,$0.00 ,$0.00 ,$0.00 ,ACH,Paid,Staff Payroll,,recurring monthly charge,expenses_Aug_2024.csv
TXN-002056,4/1/2025,Vendor Payment,,,,Accounts Payable,,,,,,,,,0,$0.00 ,0,($663.55),ACH,Paid,SafeHands Wholesale,,Payment applied to vendor bill,ap_payment_register.csv
TXN-001269,5/31/2025,Sale,Golden Hour Events,All-Purpose Cleaner,CLN-100,Cleaning Supplies,6,$8.93 ,53.58,0.05,2.68,50.9,18.6,,-6,($18.60),50.9,USD 0.00,Net 30,Open,,6/30/2025,monthly replenishment,sales_export_2025_05.csv
TXN-000499,2/6/2025,Sale,BrightPath Dental,Mop Handle,MOP-200,Janitorial Equipment,5,$22.80 ,$114.00 ,10.00%,11.4,$102.60 ,$57.50 ,,-5,-57.5,$0.00 ,$0.00 ,ACH,Paid,,2/6/2025,,sales_export_2025_02.csv
TXN-001574,2/3/2025,sales,Cedar & Stone Cafe,ALL-PURPOSE CLEANER,CLN-100,Cleaning Supplies,4,8.5,$34.00 ,0,0,34,12.4,,-4,-12.4,0,$0.00 ,Mastercard,Paid,,2/3/2025,,sales_export_2025_02.csv
TXN-000321,29-May-24,Sale,Westfield Theater,All-Purpose Cleaner,CLN-100,Cleaning Supplies,5,8.08,$40.40 ,0.05,$2.02 ,38.38,$15.50 ,,-5,-15.5,0,0,Mastercard,Paid,,5/29/2024,repeat customer,sales_export_2024_05.csv
TXN-001942,4/17/2024,expense,,,,Payroll,,,,,,,,"$1,054.32 ",0,0,0,0,Check,Paid,Staff Payroll,,recurring monthly charge,expenses_Apr_2024.csv
TXN-001202,1/21/2025,sales,Falcon Ridge Realty,All-Purpose Cleaner,CLN-100,Cleaning Supplies,3,8.5,25.5,0%,$0.00 ,$25.50 ,$9.30 ,,-3,-9.3,0,$0.00 ,Visa,Paid,,1/21/2025,,sales_export_2025_01.csv
TXN-000067,8/8/2025,Sale,Dover Legal Partners,All-Purpose Cleaner,CLN-100,Cleaning Supplies,1,8.93,8.93,5.00%,0.45,8.48,3.1,,-1,-3.1,$0.00 ,0,Visa,Paid,,8/8/2025,,sales_export_2025_08.csv
TXN-000660,9/25/2024,sales,,Toilet Tissue Case,PPR-200,Paper Products,6,46.2,277.2,0.00%,0,$277.20 ,154.8,,-6,-154.8,277.2,$0.00 ,Invoice,Open,,10/25/2024,web order,sales_export_2024_09.csv
TXN-001666,8/21/2025,inventory purchase,,Microfiber Mop Head,MOP-100,Janitorial Equipment,24,$8.54 ,,,,,,,24,205.06,0,0,ACH,Paid,Facility Gear Inc,9/20/2025,,purchases_202508.csv
TXN-001949,9-Apr-24,EXPENSE,,,,Payroll,,,,,,,,"1,102.70",0,0,$0.00 ,$0.00 ,ACH,Paid,Staff Payroll,,,expenses_Apr_2024.csv
TXN-000897,1/2/2025,Sale,Acme Property Group,Paper Towel Case,PPR-100,Paper Products,1,$38.00 ,38,0.00%,USD 0.00,38,21.5,,-1,($21.50),$38.00 ,$0.00 ,Invoice,Overdue,,2/1/2025,web order,sales_export_2025_01.csv
TXN-001693,9/30/2024,inventory purchase,,Soap Dispenser,DSP-100,Washroom Supplies,120,USD 16.13,,,,,,,120,"1,935.36",0,"$1,935.36 ",Net 30,Open,Hygiene Solutions,10/30/2024,,purchases_202409.csv
TXN-001781,7/19/2025,Inventory Purchase,,Trash Bags 55 Gal,BAG-100,Waste Supplies,120,15.09,,,,,,,120,"1,811.04",0,"1,811.04",Net 30,Open,Metro Packaging LLC,8/18/2025,vendor shipment received,purchases_202507.csv
TXN-001733,12/11/2024,inventory purchase,,Trash Bags 55 Gal,BAG-100,Waste Supplies,60,USD 15.09,,,,,,,60,905.52,0,905.52,Net 30,Open,Metro Packaging LLC,1/10/2025,vendor shipment received,purchases_202412.csv
TXN-002047,4/5/2025,ar receipt,Pinecrest Academy,Hand Sanitizer 1 Gal,,Accounts Receivable,,,,,,,,,0,0,($39.71),USD 0.00,Check,Paid,,,Payment applied to customer invoice,ar_receipts_export.csv
TXN-001045,11/1/2024,SALE,Zenith Logistics,Microfiber Mop Head,MOP-100,Janitorial Equipment,4,$18.90 ,$75.60 ,10%,7.56,$68.04 ,35.6,,-4,-35.6,0,0,Mastercard,Paid,,11/1/2024,Rush delivery,sales_export_2024_11.csv
TXN-000295,9/15/2025,sales,BrightPath Dental,All-Purpose Cleaner,CLN-100,Cleaning Supplies,5,8.5,$42.50 ,0%,0,42.5,$15.50 ,,-5,($15.50),$0.00 ,0,ACH,Paid,,9/15/2025,repeat customer,sales_export_2025_09.csv
TXN-001295,31-Dec-25,SALE,Lakeside Vet Care,Mop Handle,MOP-200,Janitorial Equipment,6,24,144,15.00%,21.6,122.4,69,,-6,($69.00),122.4,$0.00 ,Net 30,Open,,1/30/2026,monthly replenishment,sales_export_2025_12.csv
TXN-001008,5/20/2024,SALE,Keystone Auto Repair,Nitrile Gloves Box,GLO-100,Safety Supplies,3,14.25,42.75,0.00%,0,42.75,$21.60 ,,-3,($21.60),0,$0.00 ,ACH,Paid,,5/20/2024,monthly replenishment,sales_export_2024_05.csv
TXN-000512,11/20/2025,sales,Oak & Olive Bistro,Glass Cleaner,CLN-200,Cleaning Supplies,6,$6.89 ,USD 41.34,0.1,4.13,USD 37.21,15.3,,-6,-15.3,37.21,$0.00 ,Invoice,Overdue,,12/20/2025,,sales_export_2025_11.csv
TXN-001661,2/22/2025,PURCHASE,,Nitrile Gloves Box,GLO-100,Safety Supplies,96,6.91,,,,,,,96,$663.55 ,USD 0.00,$663.55 ,Net 30,Open,SafeHands Wholesale,3/24/2025,stock replenishment,purchases_202502.csv
TXN-000012,8/15/2024,Sale,Harborview Clinic,Paper Towel Case,PPR-100,Paper Products,3,38,USD 114.00,10%,$11.40 ,102.6,64.5,,-3,-64.5,102.6,USD 0.00,Invoice,Open,,9/14/2024,repeat customer,sales_export_2024_08.csv
TXN-001005,10/21/2024,Sale,Zenith Logistics,Paper Towel Case,PPR-100,Paper Products,8,$38.00 ,$304.00 ,0%,$0.00 ,304,$172.00 ,,-8,($172.00),$0.00 ,$0.00 ,Cash,Paid,,21-Oct-24,monthly replenishment,sales_export_2024_10.csv
TXN-000029,8/24/2024,SALE,Summit Childcare,Mop Handle,MOP-200,Janitorial Equipment,3,USD 25.20,75.6,0.00%,0,$75.60 ,34.5,,-3,-34.5,USD 0.00,$0.00 ,ACH,Paid,,8/24/2024,repeat customer,sales_export_2024_08.csv
TXN-000641,2/12/2025,Sale,Northstar Consulting,All-Purpose Cleaner,CLN-100,Cleaning Supplies,5,$8.50 ,42.5,0%,0,42.5,15.5,,-5,-15.5,42.5,$0.00 ,Invoice,Open,,14-Mar-25,web order,sales_export_2025_02.csv
TXN-001751,3/5/2025,inventory purchase,,Toilet Tissue Case,PPR-200,Paper Products,72,$25.80 ,,,,,,,72,"1,857.60",0,"$1,857.60 ",Net 30,Overdue,PaperPro Distributors,4/4/2025,vendor shipment received,purchases_202503.csv
TXN-001246,2/14/2025,sales,Valley Fresh Grocers,Trash Bags 55 Gal,BAG-100,Waste Supplies,2,29,58,0%,USD 0.00,58,30.8,,-2,-30.8,0,0,Visa,Paid,,2/14/2025,,sales_export_2025_02.csv
TXN-000689,7/7/2024,SALE,Harborview Clinic,Glass Cleaner,CLN-200,Cleaning Supplies,2,$7.61 ,15.22,0.05,$0.76 ,$14.46 ,5.1,,-2,USD -5.10,0,$0.00 ,Check,Paid,,7/7/2024,monthly replenishment,sales_export_2024_07.csv
TXN-001132,11/30/2025,sales,Yellow Finch Design,Soap Dispenser,DSP-100,Washroom Supplies,2,$32.00 ,64,0%,$0.00 ,USD 64.00,33.6,,-2,-33.6,$0.00 ,$0.00 ,Mastercard,Paid,,11/30/2025,monthly replenishment,sales_export_2025_11.csv
TXN-000116,10/23/2025,sales,cedar & stone cafe,Mop Handle,MOP-200,Janitorial Equipment,3,$24.00 ,72,0.05,$3.60 ,68.4,34.5,,-3,-34.5,0,$0.00 ,Check,Paid,,10/23/2025,repeat customer,sales_export_2025_10.csv
TXN-000973,8/17/2024,Sale,Dover Legal Partners,All-Purpose Cleaner,CLN-100,Cleaning Supplies,1,8.5,$8.50 ,0.00%,0,$8.50 ,USD 3.10,,-1,($3.10),$0.00 ,0,Mastercard,Paid,,8/17/2024,,sales_export_2024_08.csv
TXN-000972,12/19/2025,SALE,Valley Fresh Grocers,Toilet Tissue Case,PPR-200,Paper Products,4,$46.20 ,184.8,0%,$0.00 ,184.8,103.2,,-4,-103.2,0,0,ACH,Paid,,12/19/2025,monthly replenishment,sales_export_2025_12.csv
TXN-002054,5/28/2024,ap payment,,,,Accounts Payable,,,,,,,,,0,$0.00 ,0,($763.20),Check,Paid,Hygiene Solutions,,Payment applied to vendor bill,ap_payment_register.csv
TXN-000757,11/29/2024,sales,Summit Childcare,Microfiber Mop Head,MOP-100,Janitorial Equipment,1,18,$18.00 ,10%,1.8,$16.20 ,USD 8.90,,-1,-8.9,USD 0.00,$0.00 ,Cash,Paid,,11/29/2024,,sales_export_2024_11.csv
TXN-001181,10/2/2024,SALE,IRONWOOD BUILDERS,Hand Sanitizer 1 Gal,SAN-100,Washroom Supplies,5,23.1,115.5,0,$0.00 ,115.5,53,,-5,-53,$0.00 ,$0.00 ,Check,Paid,,10/2/2024,Rush delivery,sales_export_2024_10.csv
TXN-001233,12/26/2024,SALE,Riverbend Brewery,Hand Sanitizer 1 Gal,SAN-100,Washroom Supplies,1,22,22,10%,2.2,19.8,USD 10.60,,-1,($10.60),19.8,0,Net 30,Open,,1/25/2025,Rush delivery,sales_export_2024_12.csv
TXN-001909,7/22/2024,expense,,,,Marketing,,,,,,,,$423.62 ,0,$0.00 ,$0.00 ,0,ACH,Paid,Local Reach Media,,approved by owner,expenses_Jul_2024.csv
TXN-000883,12/9/2025,sales,Acme Property Group,Microfiber Mop Head,MOP-100,Janitorial Equipment,5,18,$90.00 ,5.00%,4.5,$85.50 ,$44.50 ,,-5,-44.5,$85.50 ,0,Invoice,Open,,1/8/2026,repeat customer,sales_export_2025_12.csv
TXN-000682,3/12/2025,SALE,Juniper Market,Soap Dispenser,DSP-100,Washroom Supplies,3,32,96,0,0,$96.00 ,$50.40 ,,-3,-50.4,$96.00 ,$0.00 ,Net 30,Open,,4/11/2025,,sales_export_2025_03.csv
TXN-001320,3/25/2025,SALE,Lakeside Vet Care,Microfiber Mop Head,MOP-100,Janitorial Equipment,1,$18.90 ,18.9,5.00%,0.95,$17.95 ,USD 8.90,,-1,-8.9,$0.00 ,0,Check,Paid,,3/25/2025,repeat customer,sales_export_2025_03.csv
TXN-000560,2/23/2025,sales,Northstar Consulting,Trash Bags 55 Gal,BAG-100,Waste Supplies,1,29,$29.00 ,0,0,29,USD 15.40,,-1,-15.4,0,$0.00 ,Mastercard,Paid,,2/23/2025,Rush delivery,sales_export_2025_02.csv
TXN-001646,3/18/2024,sales,Pinecrest Academy,Soap Dispenser,DSP-100,Washroom Supplies,2,30.4,$60.80 ,0%,0,$60.80 ,33.6,,-2,-33.6,$60.80 ,0,ACH,Overdue,,4/17/2024,web order,sales_export_2024_03.csv
TXN-001310,2/19/2025,SALE,Keystone Auto Repair,Soap Dispenser,DSP-100,Washroom Supplies,3,30.4,$91.20 ,0.00%,0,91.2,$50.40 ,,-3,($50.40),$0.00 ,0,Visa,Paid,,2/19/2025,monthly replenishment,sales_export_2025_02.csv
TXN-000574,5/2/2025,sales,ACME PROPERTY GROUP,Microfiber Mop Head,MOP-100,Janitorial Equipment,2,18,36,0.05,$1.80 ,34.2,$17.80 ,,-2,-17.8,$0.00 ,0,Visa,Paid,,5/2/2025,Rush delivery,sales_export_2025_05.csv
TXN-000077,28-Apr-24,sales,Tidal Wave Media,Hand Sanitizer 1 Gal,SAN-100,Washroom Supplies,3,22,66,0%,USD 0.00,66,31.8,,-3,-31.8,$0.00 ,0,Mastercard,Paid,,4/28/2024,monthly replenishment,sales_export_2024_04.csv
TXN-001960,12/31/2024,expense,,,,Marketing,,,,,,,,$526.04 ,0,0,0,$0.00 ,ACH,Paid,Local Reach Media,,,expenses_Dec_2024.csv
TXN-001293,7/11/2025,SALE,Pinecrest Academy,Glass Cleaner,CLN-200,Cleaning Supplies,4,7.25,29,0.00%,0,29,$10.20 ,,-4,($10.20),0,0,ACH,Paid,,7/11/2025,,sales_export_2025_07.csv
TXN-001686,2/13/2024,inventory purchase,,Trash Bags 55 Gal,BAG-100,Waste Supplies,96,14.78,,,,,,,96,"$1,419.26 ",0,"USD 1,419.26",Net 30,Open,Metro Packaging LLC,3/14/2024,vendor shipment received,purchases_202402.csv
TXN-000123,10/27/2024,Sale,Lakeside Vet Care,Hand Sanitizer 1 Gal,SAN-100,Washroom Supplies,1,22,USD 22.00,0.00%,$0.00 ,22,10.6,,-1,-10.6,0,$0.00 ,Cash,Paid,,10/27/2024,repeat customer,sales_export_2024_10.csv
TXN-001095,3/22/2024,sales,Harborview Clinic,Glass Cleaner,CLN-200,Cleaning Supplies,6,6.89,$41.34 ,0,$0.00 ,41.34,USD 15.30,,-6,($15.30),$0.00 ,$0.00 ,Check,Paid,,3/22/2024,Rush delivery,sales_export_2024_03.csv
TXN-000098,6/28/2025,sales, Tidal Wave Media ,Paper Towel Case,PPR-100,Paper Products,1,38,38,10%,$3.80 ,$34.20 ,21.5,,-1,-21.5,USD 0.00,0,Cash,Paid,,6/28/2025,repeat customer,sales_export_2025_06.csv
TXN-001621,2/3/2024,Sale, Oak & Olive Bistro ,All-Purpose Cleaner,CLN-100,Cleaning Supplies,8,$8.93 ,71.44,0%,$0.00 ,71.44,$24.80 ,,-8,($24.80),$71.44 ,0,ACH,Overdue,,3/4/2024,,sales_export_2024_02.csv
TXN-001325,5/9/2024,SALE,BrightPath Dental,Trash Bags 55 Gal,BAG-100,Waste Supplies,2,29,$58.00 ,15%,$8.70 ,$49.30 ,$30.80 ,,-2,($30.80),$49.30 ,$0.00 ,Net 30,Open,,6/8/2024,web order,sales_export_2024_05.csv
TXN-000306,4/17/2024,Sale,Ironwood Builders,Microfiber Mop Head,MOP-100,Janitorial Equipment,2,18.9,37.8,0%,0,$37.80 ,USD 17.80,,-2,($17.80),0,0,Check,Paid,,4/17/2024,repeat customer,sales_export_2024_04.csv
TXN-000104,7/1/2024,Sale,Juniper Market,Glass Cleaner,CLN-200,Cleaning Supplies,2,7.25,14.5,5%,0.73,$13.77 ,USD 5.10,,-2,-5.1,13.77,0,ACH,Open,,7/31/2024,,sales_export_2024_07.csv
TXN-001091,6/20/2024,SALE,Westfield Theater,Mop Handle,MOP-200,Janitorial Equipment,2,25.2,50.4,0,0,50.4,23,,-2,-23,50.4,0,Invoice,Overdue,,20-Jul-24,repeat customer,sales_export_2024_06.csv
TXN-000914,5/9/2025,sales,Oak & Olive Bistro,Hand Sanitizer 1 Gal,SAN-100,Washroom Supplies,1,20.9,20.9,0.00%,$0.00 ,20.9,10.6,,-1,USD -10.60,$0.00 ,$0.00 ,ACH,Paid,,9-May-25,,sales_export_2025_05.csv
TXN-001517,11/3/2024,sales,Keystone Auto Repair,Soap Dispenser,DSP-100,Washroom Supplies,1,33.6,33.6,0%,$0.00 ,33.6,16.8,,-1,($16.80),0,USD 0.00,Mastercard,Paid,,11/3/2024,web order,sales_export_2024_11.csv
TXN-001662,6/24/2025,Inventory Purchase,,All-Purpose Cleaner,CLN-100,Cleaning Supplies,120,3.04,,,,,,,120,$364.56 ,$0.00 ,$0.00 ,ACH,Paid,north supply co.,7/24/2025,stock replenishment,purchases_202506.csv
TXN-000882,3/30/2024,SALE,Falcon Ridge Realty,All-Purpose Cleaner,CLN-100,Cleaning Supplies,6,8.93,53.58,0.05,2.68,USD 50.90,18.6,,-6,($18.60),0,$0.00 ,Check,Paid,,3/30/2024,repeat customer,sales_export_2024_03.csv
TXN-000055,6/11/2024,SALE,Quantum IT Services,Mop Handle,MOP-200,Janitorial Equipment,1,22.8,22.8,0,0,USD 22.80,11.5,,-1,-11.5,0,0,Mastercard,Paid,,6/11/2024,monthly replenishment,sales_export_2024_06.csv
TXN-001542,2/15/2024,SALE,Zenith Logistics,Soap Dispenser,DSP-100,Washroom Supplies,8,30.4,USD 243.20,0.00%,$0.00 ,USD 243.20,134.4,,-8,-134.4,0,$0.00 ,Visa,Paid,,15-Feb-24,Rush delivery,sales_export_2024_02.csv
TXN-000926,3/27/2024,Sale,Pinecrest Academy,All-Purpose Cleaner,CLN-100,Cleaning Supplies,8,$8.93 ,USD 71.44,0.05,3.57,$67.87 ,24.8,,-8,-24.8,67.87,$0.00 ,ACH,Open,,4/26/2024,web order,sales_export_2024_03.csv
TXN-000507,9/14/2024,Sale,Quantum IT Services,Mop Handle,MOP-200,Janitorial Equipment,12,$22.80 ,USD 273.60,0,0,273.6,$138.00 ,,-12,USD -138.00,0,0,ACH,Paid,,9/14/2024,Rush delivery,sales_export_2024_09.csv
TXN-001501,8/23/2025,SALE,Riverbend Brewery,Mop Handle,MOP-200,Janitorial Equipment,2,24,48,10.00%,$4.80 ,43.2,$23.00 ,,-2,-23,0,0,Cash,Paid,,8/23/2025,Rush delivery,sales_export_2025_08.csv
TXN-001025,7/15/2024,Sale,Pinecrest Academy,Hand Sanitizer 1 Gal,SAN-100,Washroom Supplies,1,22,$22.00 ,0.00%,0,USD 22.00,$10.60 ,,-1,-10.6,22,$0.00 ,Net 30,Open,,8/14/2024,Rush delivery,sales_export_2024_07.csv
TXN-000937,9-Nov-24,SALE,Zenith Logistics,Paper Towel Case,PPR-100,Paper Products,3,39.9,119.7,0%,0,119.7,$64.50 ,,-3,($64.50),$0.00 ,USD 0.00,Visa,Paid,,11/9/2024,,sales_export_2024_11.csv
TXN-000927,2/26/2024,sales,Yellow Finch Design,Glass Cleaner,CLN-200,Cleaning Supplies,5,6.89,$34.45 ,10.00%,3.45,$31.00 ,12.75,,-5,-12.75,$0.00 ,0,Mastercard,Paid,,2/26/2024,,sales_export_2024_02.csv
TXN-000961,5/25/2024,sales,Tidal Wave Media,Nitrile Gloves Box,GLO-100,Safety Supplies,5,14.25,$71.25 ,0.00%,0,USD 71.25,$36.00 ,,-5,-36,0,0,Visa,Paid,,5/25/2024,web order,sales_export_2024_05.csv
TXN-000415,1/23/2025,SALE,Evergreen Fitness,All-Purpose Cleaner,CLN-100,Cleaning Supplies,4,8.93,35.72,0.00%,0,$35.72 ,USD 12.40,,-4,-12.4,$35.72 ,0,Invoice,Open,,2/22/2025,web order,sales_export_2025_01.csv
TXN-001443,11/7/2025,sales,Keystone Auto Repair,Paper Towel Case,PPR-100,Paper Products,5,$36.10 ,$180.50 ,0%,0,$180.50 ,107.5,,-5,($107.50),180.5,0,Invoice,Open,,12/7/2025,,sales_export_2025_11.csv
TXN-001009,2/27/2024,sales,Yellow Finch Design,Mop Handle,MOP-200,Janitorial Equipment,1,25.2,$25.20 ,0.00%,$0.00 ,25.2,11.5,,-1,($11.50),$25.20 ,0,ACH,Open,,3/28/2024,monthly replenishment,sales_export_2024_02.csv
TXN-001026,6/16/2025,SALE,Acme Property Group,Hand Sanitizer 1 Gal,SAN-100,Washroom Supplies,3,22,USD 66.00,0.1,6.6,$59.40 ,31.8,,-3,($31.80),$0.00 ,0,Mastercard,Paid,,6/16/2025,,sales_export_2025_06.csv
TXN-000518,12/28/2024,sales,Quantum IT Services,Hand Sanitizer 1 Gal,SAN-100,Washroom Supplies,6,USD 20.90,125.4,0,$0.00 ,125.4,63.6,,-6,-63.6,0,$0.00 ,Visa,Paid,,12/28/2024,Rush delivery,sales_export_2024_12.csv
TXN-000674,1/19/2025,SALE,Ironwood Builders,Paper Towel Case,PPR-100,Paper Products,4,36.1,144.4,0.00%,$0.00 ,USD 144.40,86,,-4,-86,$0.00 ,0,Mastercard,Paid,,1/19/2025,,sales_export_2025_01.csv
TXN-000291,1/22/2024,sales,Keystone Auto Repair,All-Purpose Cleaner,CLN-100,Cleaning Supplies,2,8.93,17.86,5.00%,$0.89 ,16.97,USD 6.20,,-2,-6.2,16.97,$0.00 ,ACH,Overdue,,21-Feb-24,web order,sales_export_2024_01.csv
TXN-000931,5/11/2025,SALE,Quantum IT Services,All-Purpose Cleaner,CLN-100,Cleaning Supplies,1,8.5,8.5,0.00%,USD 0.00,8.5,$3.10 ,,-1,USD -3.10,$0.00 ,0,Visa,Paid,,5/11/2025,Rush delivery,sales_export_2025_05.csv
TXN-000620,12/23/2025,SALE,Acme Property Group,Trash Bags 55 Gal,BAG-100,Waste Supplies,1,$29.00 ,$29.00 ,0,$0.00 ,$29.00 ,15.4,,-1,-15.4,0,0,Visa,Paid,,12/23/2025,web order,sales_export_2025_12.csv
TXN-001908,9/22/2024,EXPENSE,,,,Delivery Fuel,,,,,,,,247.24,0,0,0,0,ACH,Paid,Metro Fuel Stop,,recurring monthly charge,expenses_Sep_2024.csv
TXN-002066,12/2/2024,Vendor Payment,,,,Accounts Payable,,,,,,,,,0,0,0,($627.98),ACH,Paid,Facility Gear Inc,,Payment applied to vendor bill,ap_payment_register.csv
TXN-001826,2/6/2025,Inventory Purchase,,Hand Sanitizer 1 Gal,SAN-100,Washroom Supplies,24,10.39,,,,,,,24,$249.31 ,$0.00 ,0,ACH,Paid,Hygiene Solutions,3/8/2025,stock replenishment,purchases_202502.csv
TXN-002095,12/11/2024,Vendor Payment,,,,Accounts Payable,,,,,,,,,0,0,0,($369.60),Check,Paid,Metro Packaging L.L.C.,,Payment applied to vendor bill,ap_payment_register.csv
TXN-000795,12/15/2024,Sale, Riverbend Brewery ,Mop Handle,MOP-200,Janitorial Equipment,3,$22.80 ,68.4,0.00%,0,68.4,34.5,,-3,-34.5,0,0,Cash,Paid,,12/15/2024,Rush delivery,sales_export_2024_12.csv
TXN-001584,8/14/2025,sales,Zenith Logistics,Mop Handle,MOP-200,Janitorial Equipment,6,24,144,5.00%,7.2,136.8,69,,-6,-69,136.8,0,ACH,Open,,9/13/2025,repeat customer,sales_export_2025_08.csv
TXN-000461,9/30/2025,sales,Westfield Theater,Paper Towel Case,PPR-100,Paper Products,10,USD 38.00,380,0.00%,0,380,215,,-10,-215,380,0,Invoice,Overdue,,10/30/2025,,sales_export_2025_09.csv
TXN-000693,6/1/2025,SALE,Harborview Clinic,Paper Towel Case,PPR-100,Paper Products,2,39.9,79.8,0%,0,USD 79.80,43,,-2,($43.00),79.8,0,ACH,Open,,7/1/2025,repeat customer,sales_export_2025_06.csv
TXN-001545,4/3/2025,sales, Juniper Market ,Nitrile Gloves Box,GLO-100,Safety Supplies,4,$14.25 ,57,0.15,$8.55 ,48.45,$28.80 ,,-4,-28.8,0,0,Mastercard,Paid,,4/3/2025,repeat customer,sales_export_2025_04.csv
TXN-000992,10/1/2025,sales,Westfield Theater,Microfiber Mop Head,MOP-100,Janitorial Equipment,5,17.1,$85.50 ,5%,USD 4.28,81.22,44.5,,-5,-44.5,0,0,Mastercard,Paid,,10/1/2025,,sales_export_2025_10.csv
TXN-001381,10/3/2025,sales,Maple Street Bakery,All-Purpose Cleaner,CLN-100,Cleaning Supplies,4,8.5,34,0.00%,$0.00 ,$34.00 ,$12.40 ,,-4,-12.4,$34.00 ,$0.00 ,ACH,Open,,11/2/2025,repeat customer,sales_export_2025_10.csv
TXN-000406,11/2/2025,sales,Tidal Wave Media,Soap Dispenser,DSP-100,Washroom Supplies,10,33.6,336,0.00%,$0.00 ,$336.00 ,168,,-10,-168,$336.00 ,0,ACH,Open,,12/2/2025,repeat customer,sales_export_2025_11.csv
TXN-000093,10/12/2024,SALE,Oak & Olive Bistro,Soap Dispenser,DSP-100,Washroom Supplies,6,$30.40 ,$182.40 ,0%,USD 0.00,$182.40 ,USD 100.80,,-6,-100.8,0,$0.00 ,Visa,Paid,,10/12/2024,,sales_export_2024_10.csv
TXN-000475,2/13/2025,Sale,Ironwood Builders,Paper Towel Case,PPR-100,Paper Products,8,36.1,$288.80 ,5%,$14.44 ,274.36,$172.00 ,,-8,($172.00),$0.00 ,$0.00 ,ACH,Paid,,2/13/2025,Rush delivery,sales_export_2025_02.csv
TXN-000433,10/5/2025,sales,Evergreen Fitness,Trash Bags 55 Gal,BAG-100,Waste Supplies,4,$30.45 ,121.8,0,0,121.8,$61.60 ,,-4,-61.6,0,0,ACH,Paid,,10/5/2025,Rush delivery,sales_export_2025_10.csv
TXN-000269,9/5/2025,sales,Lakeside Vet Care,Toilet Tissue Case,PPR-200,Paper Products,4,$44.00 ,USD 176.00,0,0,176,103.2,,-4,-103.2,176,0,Net 30,Open,,10/5/2025,,sales_export_2025_09.csv
TXN-001820,4/24/2025,PURCHASE,,Soap Dispenser,DSP-100,Washroom Supplies,60,$16.80 ,,,,,,,60,"USD 1,008.00",0,"1,008.00",Net 30,Overdue,Hygiene Solutions,5/24/2025,stock replenishment,purchases_202504.csv
TXN-001244,4/2/2025,Sale,Oak & Olive Bistro,Nitrile Gloves Box,GLO-100,Safety Supplies,3,15,45,0,USD 0.00,$45.00 ,21.6,,-3,-21.6,0,0,Mastercard,Paid,,4/2/2025,monthly replenishment,sales_export_2025_04.csv
TXN-001334,3/21/2024,Sale,Lakeside Vet Care,Hand Sanitizer 1 Gal,SAN-100,Washroom Supplies,2,$20.90 ,41.8,0%,0,41.8,$21.20 ,,-2,($21.20),$0.00 ,USD 0.00,ACH,Paid,,21-Mar-24,web order,sales_export_2024_03.csv
TXN-001077,12/8/2025,Sale,Oak & Olive Bistro,Mop Handle,MOP-200,Janitorial Equipment,2,$25.20 ,USD 50.40,5.00%,2.52,47.88,$23.00 ,,-2,-23,$47.88 ,$0.00 ,ACH,Open,,1/7/2026,web order,sales_export_2025_12.csv
TXN-000336,1/8/2025,sales,Quantum IT Services,GLASS CLEANER,CLN-200,Cleaning Supplies,2,$6.89 ,$13.78 ,0,$0.00 ,13.78,$5.10 ,,-2,($5.10),$13.78 ,0,Invoice,Open,,2/7/2025,Rush delivery,sales_export_2025_01.csv
TXN-001089,12/7/2024,sales,Cedar & Stone Cafe,Nitrile Gloves Box,GLO-100,Safety Supplies,1,15.75,$15.75 ,0%,0,15.75,$7.20 ,,-1,($7.20),15.75,$0.00 ,Net 30,Open,,6-Jan-25,,sales_export_2024_12.csv
TXN-000731,2/28/2024,SALE,Pinecrest Academy,Toilet Tissue Case,PPR-200,Paper Products,1,46.2,46.2,0.00%,0,46.2,$25.80 ,,-1,-25.8,$46.20 ,0,Invoice,Open,,3/29/2024,monthly replenishment,sales_export_2024_02.csv
TXN-001551,9/1/2024,Sale,Keystone Auto Repair,NITRILE GLOVES BOX,GLO-100,Safety Supplies,1,$15.00 ,$15.00 ,0%,USD 0.00,15,$7.20 ,,-1,-7.2,$15.00 ,0,Invoice,Open,,10/1/2024,web order,sales_export_2024_09.csv
TXN-001599,5/4/2024,sales,Harborview Clinic,All-Purpose Cleaner,CLN-100,Cleaning Supplies,3,8.93,USD 26.79,0.00%,$0.00 ,26.79,9.3,,-3,-9.3,$26.79 ,$0.00 ,ACH,Open,,6/3/2024,monthly replenishment,sales_export_2024_05.csv
TXN-000410,10/7/2025,SALE,Northstar Consulting,Mop Handle,MOP-200,Janitorial Equipment,8,$25.20 ,$201.60 ,0.00%,$0.00 ,$201.60 ,$92.00 ,,-8,($92.00),201.6,0,Net 30,Overdue,,11/6/2025,,sales_export_2025_10.csv
TXN-001430,10/29/2024,Sale,falcon ridge realty,Soap Dispenser,DSP-100,Washroom Supplies,2,USD 33.60,67.2,0%,$0.00 ,67.2,33.6,,-2,-33.6,67.2,$0.00 ,Invoice,Open,,11/28/2024,Rush delivery,sales_export_2024_10.csv
TXN-001850,9/8/2025,EXPENSE,,,,Delivery Fuel,,,,,,,,168.02,0,0,0,0,ACH,Paid,Metro Fuel Stop,,,expenses_Sep_2025.csv
TXN-001200,7/9/2024,sales,Evergreen Fitness,Trash Bags 55 Gal,BAG-100,Waste Supplies,2,$29.00 ,$58.00 ,0,0,$58.00 ,30.8,,-2,-30.8,0,0,Visa,Paid,,7/9/2024,,sales_export_2024_07.csv
TXN-001142,4/22/2024,sales,Riverbend Brewery,Mop Handle,MOP-200,Janitorial Equipment,4,22.8,$91.20 ,0.05,4.56,$86.64 ,46,,-4,USD -46.00,$0.00 ,$0.00 ,Cash,Paid,,4/22/2024,Rush delivery,sales_export_2024_04.csv
TXN-001192,6/27/2024,SALE,Pinecrest Academy,Paper Towel Case,PPR-100,Paper Products,2,$36.10 ,72.2,0.05,3.61,68.59,$43.00 ,,-2,($43.00),$0.00 ,0,Mastercard,Paid,,6/27/2024,web order,sales_export_2024_06.csv
TXN-001774,5/16/2024,inventory purchase,,Soap Dispenser,DSP-100,Washroom Supplies,120,$17.14 ,,,,,,,120,"$2,056.32 ",0,0,ACH,Paid,Hygiene Solutions,6/15/2024,,purchases_202405.csv
TXN-000251,2/29/2024,SALE,Oak & Olive Bistro,All-Purpose Cleaner,CLN-100,Cleaning Supplies,5,USD 8.08,$40.40 ,10%,4.04,36.36,$15.50 ,,-5,-15.5,USD 0.00,0,ACH,Paid,,2/29/2024,repeat customer,sales_export_2024_02.csv
TXN-000112,6/9/2024,Sale,Zenith Logistics,All-Purpose Cleaner,CLN-100,Cleaning Supplies,6,8.08,48.48,0.00%,$0.00 ,48.48,18.6,,-6,USD -18.60,0,0,ACH,Paid,,6/9/2024,Rush delivery,sales_export_2024_06.csv
TXN-001969,12/19/2024,AR Receipt,Falcon Ridge Realty,Hand Sanitizer 1 Gal,,Accounts Receivable,,,,,,,,,0,0,-22,0,Wire,Paid,,,Payment applied to customer invoice,ar_receipts_export.csv
TXN-001138,9/21/2024,sales,Oak & Olive Bistro,Soap Dispenser,DSP-100,Washroom Supplies,3,$30.40 ,91.2,0.00%,0,91.2,50.4,,-3,USD -50.40,0,0,ACH,Paid,,9/21/2024,Rush delivery,sales_export_2024_09.csv
TXN-000510,1/20/2025,Sale,Maple Street Bakery,Glass Cleaner,CLN-200,Cleaning Supplies,8,7.25,58,0%,$0.00 ,58,20.4,,-8,-20.4,$58.00 ,$0.00 ,Invoice,Open,,2/19/2025,monthly replenishment,sales_export_2025_01.csv
TXN-001625,11/8/2024,SALE,BrightPath Dental,Trash Bags 55 Gal,BAG-100,Waste Supplies,3,30.45,91.35,0,$0.00 ,$91.35 ,$46.20 ,,-3,USD -46.20,0,0,Cash,Paid,,11/8/2024,,sales_export_2024_11.csv
TXN-000617,10/10/2024,SALE,Pinecrest Academy,Glass Cleaner,CLN-200,Cleaning Supplies,4,$7.25 ,29,5%,USD 1.45,27.55,10.2,,-4,($10.20),$27.55 ,0,Invoice,Open,,11/9/2024,monthly replenishment,sales_export_2024_10.csv
TXN-000025,8/29/2024,SALE,Falcon Ridge Realty,Toilet Tissue Case,PPR-200,Paper Products,1,46.2,46.2,0.00%,0,46.2,$25.80 ,,-1,-25.8,46.2,$0.00 ,Invoice,Open,,9/28/2024,Rush delivery,sales_export_2024_08.csv
TXN-000500,2/20/2025,sales,BrightPath Dental,Paper Towel Case,PPR-100,Paper Products,1,38,38,0.00%,0,38,$21.50 ,,-1,($21.50),0,0,Cash,Paid,,20-Feb-25,monthly replenishment,sales_export_2025_02.csv
TXN-001725,11/30/2025,inventory purchase,,Toilet Tissue Case,PPR-200,Paper Products,24,25.28,,,,,,,24,606.82,0,$606.82 ,Net 30,Open,PAPERPRO DISTRIBUTORS,12/30/2025,vendor shipment received,purchases_202511.csv
TXN-001161,4-Jun-24,SALE,Acme Property Group,all-purpose cleaner,CLN-100,Cleaning Supplies,1,8.08,8.08,0%,0,$8.08 ,$3.10 ,,-1,-3.1,0,$0.00 ,Cash,Paid,,6/4/2024,monthly replenishment,sales_export_2024_06.csv
TXN-000654,5/3/2024,sales,Tidal Wave Media,Microfiber Mop Head,MOP-100,Janitorial Equipment,3,18,$54.00 ,0.00%,$0.00 ,54,26.7,,-3,USD -26.70,$0.00 ,$0.00 ,Mastercard,Paid,,5/3/2024,repeat customer,sales_export_2024_05.csv
TXN-000562,4/10/2024,sales,Valley Fresh Grocers,Toilet Tissue Case,PPR-200,Paper Products,6,44,264,0.05,13.2,250.8,154.8,,-6,-154.8,250.8,$0.00 ,Net 30,Open,,5/10/2024,,sales_export_2024_04.csv
TXN-000427,3/17/2024,Sale,Harborview Clinic,Mop Handle,MOP-200,Janitorial Equipment,3,24,72,0,0,72,34.5,,-3,-34.5,$0.00 ,0,ACH,Paid,,3/17/2024,monthly replenishment,sales_export_2024_03.csv
TXN-000272,6/28/2025,Sale,Lakeside Vet Care,Soap Dispenser,DSP-100,Washroom Supplies,5,30.4,152,0.15,22.8,$129.20 ,84,,-5,-84,129.2,0,Net 30,Open,,7/28/2025,,sales_export_2025_06.csv
TXN-000493,6/20/2024,SALE,Yellow Finch Design,Mop Handle,MOP-200,Janitorial Equipment,2,$25.20 ,50.4,0,0,50.4,23,,-2,($23.00),$0.00 ,$0.00 ,Visa,Paid,,6/20/2024,repeat customer,sales_export_2024_06.csv
TXN-000069,12/19/2024,Sale,Valley Fresh Grocers, Microfiber Mop Head ,MOP-100,Janitorial Equipment,8,$17.10 ,136.8,0,0,136.8,71.2,,-8,-71.2,$0.00 ,0,ACH,Paid,,12/19/2024,monthly replenishment,sales_export_2024_12.csv
TXN-001902,10/28/2025,EXPENSE,,,,Utilities,,,,,,,,382.61,0,0,USD 0.00,USD 0.00,Check,Paid,BrightGrid Electric,,recurring monthly charge,expenses_Oct_2025.csv
TXN-001204,3/12/2025,SALE,Oak & Olive Bistro,Mop Handle,MOP-200,Janitorial Equipment,3,USD 22.80,$68.40 ,0%,$0.00 ,68.4,$34.50 ,,-3,($34.50),0,0,Visa,Paid,,3/12/2025,,sales_export_2025_03.csv
TXN-001785,8/19/2024,Inventory Purchase,,Nitrile Gloves Box,GLO-100,Safety Supplies,36,USD 7.20,,,,,,,36,259.2,USD 0.00,$0.00 ,ACH,Paid,SafeHands Wholesale,9/18/2024,stock replenishment,purchases_202408.csv
TXN-001363,7/24/2024,sales,Quantum IT Services,Glass Cleaner,CLN-200,Cleaning Supplies,6,7.25,43.5,0.00%,0,USD 43.50,$15.30 ,,-6,($15.30),USD 0.00,0,Mastercard,Paid,,24-Jul-24,monthly replenishment,sales_export_2024_07.csv
TXN-000517,9/8/2025,Sale,Riverbend Brewery,Trash Bags 55 Gal,BAG-100,Waste Supplies,1,$29.00 ,$29.00 ,0.00%,0,29,15.4,,-1,USD -15.40,$29.00 ,0,Net 30,Overdue,,10/8/2025,monthly replenishment,sales_export_2025_09.csv
TXN-001101,8/13/2025,sales,Quantum IT Services,Microfiber Mop Head,MOP-100,Janitorial Equipment,4,$17.10 ,$68.40 ,0%,0,$68.40 ,35.6,,-4,-35.6,0,0,Cash,Paid,,8/13/2025,monthly replenishment,sales_export_2025_08.csv
TXN-000533,6/11/2025,Sale,Maple Street Bakery,Toilet Tissue Case,PPR-200,Paper Products,4,41.8,167.2,0,$0.00 ,167.2,$103.20 ,,-4,-103.2,$167.20 ,0,ACH,Open,,7/11/2025,Rush delivery,sales_export_2025_06.csv
TXN-000713,2/20/2025,Sale,Lakeside Vet Care,Toilet Tissue Case,PPR-200,Paper Products,3,$46.20 ,138.6,10%,13.86,$124.74 ,77.4,,-3,($77.40),USD 0.00,$0.00 ,Check,Paid,,2/20/2025,,sales_export_2025_02.csv
TXN-001465,1/15/2025,sales,Zenith Logistics,Toilet Tissue Case,PPR-200,Paper Products,2,44,88,0.00%,0,$88.00 ,51.6,,-2,-51.6,0,0,Check,Paid,,1/15/2025,monthly replenishment,sales_export_2025_01.csv
TXN-000160,9/14/2025,Sale,"Northstar Consulting, LLC",HAND SANITIZER 1 GAL,SAN-100,Washroom Supplies,4,$23.10 ,92.4,0,$0.00 ,92.4,42.4,,-4,-42.4,0,$0.00 ,ACH,Paid,,9/14/2025,repeat customer,sales_export_2025_09.csv
TXN-000190,10/23/2025,SALE,Oak & Olive Bistro,Soap Dispenser,DSP-100,Washroom Supplies,1,$32.00 ,32,5%,1.6,$30.40 ,16.8,,-1,-16.8,0,$0.00 ,Mastercard,Paid,,10/23/2025,repeat customer,sales_export_2025_10.csv
TXN-001109,9/22/2025,Sale,Juniper Market,Mop Handle,MOP-200,Janitorial Equipment,2,25.2,50.4,0,USD 0.00,50.4,USD 23.00,,-2,-23,0,0,Visa,Paid,,9/22/2025,monthly replenishment,sales_export_2025_09.csv
TXN-000715,10/17/2024,SALE,Keystone Auto Repair,Nitrile Gloves Box,GLO-100,Safety Supplies,4,15,$60.00 ,0,$0.00 ,$60.00 ,28.8,,-4,($28.80),60,$0.00 ,Net 30,Open,,11/16/2024,web order,sales_export_2024_10.csv
TXN-001765,3/21/2024,Inventory Purchase,,Trash Bags 55 Gal,BAG-100,Waste Supplies,24,14.78,,,,,,,24,$354.82 ,$0.00 ,$354.82 ,Net 30,Open,Metro Packaging LLC,4/20/2024,vendor shipment received,purchases_202403.csv
TXN-000809,2/4/2024,sales,Pinecrest Academy,Glass Cleaner,CLN-200,Cleaning Supplies,8,6.89,$55.12 ,0%,0,$55.12 ,USD 20.40,,-8,-20.4,USD 0.00,$0.00 ,Mastercard,Paid,,2/4/2024,Rush delivery,sales_export_2024_02.csv
TXN-001809,6/28/2024,PURCHASE,,SOAP DISPENSER,DSP-100,Washroom Supplies,120,16.46,,,,,,,120,"$1,975.68 ",0,$0.00 ,ACH,Paid,hygiene solutions,7/28/2024,vendor shipment received,purchases_202406.csv
TXN-000892,10-Sep-24,Sale,Lakeside Vet Care,Soap Dispenser,DSP-100,Washroom Supplies,4,33.6,$134.40 ,0.00%,$0.00 ,134.4,67.2,,-4,($67.20),$0.00 ,$0.00 ,Check,Paid,,9/10/2024,monthly replenishment,sales_export_2024_09.csv
TXN-001824,3/3/2025,inventory purchase,,All-Purpose Cleaner,CLN-100,Cleaning Supplies,96,3.04,,,,,,,96,$291.65 ,0,291.65,Net 30,Open,North Supply Co.,4/2/2025,stock replenishment,purchases_202503.csv
TXN-001186,4/9/2024,sales,JUNIPER MARKET,Soap Dispenser,DSP-100,Washroom Supplies,2,32,64,0.05,3.2,$60.80 ,33.6,,-2,USD -33.60,60.8,0,Invoice,Open,,5/9/2024,monthly replenishment,sales_export_2024_04.csv
TXN-001220,7/10/2024,Sale,Valley Fresh Grocers,Paper Towel Case,PPR-100,Paper Products,5,$38.00 ,190,0.00%,$0.00 ,$190.00 ,$107.50 ,,-5,USD -107.50,$0.00 ,0,ACH,Paid,,7/10/2024,repeat customer,sales_export_2024_07.csv
TXN-001124,17-Jun-25,sales,Harborview Clinic,Mop Handle,MOP-200,Janitorial Equipment,4,$24.00 ,$96.00 ,5%,4.8,91.2,46,,-4,-46,91.2,$0.00 ,ACH,Open,,7/17/2025,monthly replenishment,sales_export_2025_06.csv
TXN-001277,3/18/2024,Sale,Zenith Logistics,Trash Bags 55 Gal,BAG-100,Waste Supplies,2,27.55,55.1,0%,USD 0.00,55.1,$30.80 ,,-2,-30.8,USD 0.00,0,ACH,Paid,,3/18/2024,repeat customer,sales_export_2024_03.csv
TXN-002045,6/25/2025,AR Receipt,Pinecrest Academy,Toilet Tissue Case,,Accounts Receivable,,,,,,,,,0,0,-37.4,$0.00 ,ACH,Paid,,,Payment applied to customer invoice,ar_receipts_export.csv
TXN-001559,4/5/2024,SALE,Valley Fresh Grocers,Toilet Tissue Case,PPR-200,Paper Products,1,44,44,0.1,4.4,$39.60 ,$25.80 ,,-1,($25.80),0,$0.00 ,Cash,Paid,,5-Apr-24,web order,sales_export_2024_04.csv
TXN-001768,28-May-24,Inventory Purchase,,Hand Sanitizer 1 Gal,SAN-100,Washroom Supplies,96,$10.60 ,,,,,,,96,"1,017.60",0,USD 0.00,ACH,Paid,Hygiene Solutions,6/27/2024,,purchases_202405.csv
TXN-000267,5/19/2024,sales,Acme Property Group,Soap Dispenser,DSP-100,Washroom Supplies,12,$30.40 ,364.8,0.15,54.72,USD 310.08,201.6,,-12,($201.60),0,0,Check,Paid,,5/19/2024,Rush delivery,sales_export_2024_05.csv
TXN-001521,9/24/2024,Sale,Keystone Auto Repair,Trash Bags 55 Gal,BAG-100,Waste Supplies,4,$29.00 ,USD 116.00,0,$0.00 ,116,$61.60 ,,-4,($61.60),$116.00 ,USD 0.00,Invoice,Open,,10/24/2024,web order,sales_export_2024_09.csv
TXN-000221,3/1/2024,SALE,BrightPath Dental,Soap Dispenser,DSP-100,Washroom Supplies,5,30.4,152,0%,0,152,84,,-5,USD -84.00,$0.00 ,0,Check,Paid,,3/1/2024,web order,sales_export_2024_03.csv
TXN-000443,7/8/2025,SALE,Falcon Ridge Realty,Trash Bags 55 Gal,BAG-100,Waste Supplies,2,27.55,55.1,0.00%,0,$55.10 ,30.8,,-2,($30.80),$55.10 ,$0.00 ,Net 30,Open,,8/7/2025,,sales_export_2025_07.csv
TXN-000011,2/22/2025,SALE,BrightPath Dental,Toilet Tissue Case,PPR-200,Paper Products,5,44,220,0.00%,$0.00 ,220,$129.00 ,,-5,-129,$0.00 ,USD 0.00,Visa,Paid,,2/22/2025,repeat customer,sales_export_2025_02.csv
TXN-000302,3/10/2024,Sale,Zenith Logistics,Glass Cleaner,CLN-200,Cleaning Supplies,2,$7.61 ,USD 15.22,0.00%,$0.00 ,$15.22 ,$5.10 ,,-2,($5.10),$0.00 ,0,Mastercard,Paid,,3/10/2024,Rush delivery,sales_export_2024_03.csv
TXN-000784,9/5/2024,SALE,Yellow Finch Design,Nitrile Gloves Box,GLO-100,Safety Supplies,5,15,75,0.00%,0,75,36,,-5,-36,0,0,Cash,Paid,,9/5/2024,monthly replenishment,sales_export_2024_09.csv
TXN-000022,6/10/2025,sales, Zenith Logistics ,Nitrile Gloves Box,GLO-100,Safety Supplies,1,14.25,$14.25 ,0.00%,$0.00 ,14.25,USD 7.20,,-1,($7.20),$0.00 ,$0.00 ,Cash,Paid,,6/10/2025,web order,sales_export_2025_06.csv
TXN-001341,1/2/2025,sales,Quantum IT Services,Microfiber Mop Head,MOP-100,Janitorial Equipment,3,$18.90 ,$56.70 ,0.00%,0,USD 56.70,26.7,,-3,USD -26.70,$0.00 ,0,Mastercard,Paid,,1/2/2025,Rush delivery,sales_export_2025_01.csv
TXN-000828,11-Dec-24,sales,Maple Street Bakery,Microfiber Mop Head,MOP-100,Janitorial Equipment,12,$17.10 ,205.2,0,$0.00 ,$205.20 ,$106.80 ,,-12,($106.80),205.2,USD 0.00,Invoice,Open,,1/10/2025,web order,sales_export_2024_12.csv
TXN-000756,31-Jul-24,SALE,Juniper Market,All-Purpose Cleaner,CLN-100,Cleaning Supplies,2,$8.50 ,17,5%,USD 0.85,16.15,6.2,,-2,-6.2,$16.15 ,0,Net 30,Open,,8/30/2024,web order,sales_export_2024_07.csv
TXN-000573,5/13/2025,Sale,Union Square Hotel,TRASH BAGS 55 GAL,BAG-100,Waste Supplies,2,$27.55 ,55.1,0.00%,$0.00 ,55.1,$30.80 ,,-2,($30.80),$0.00 ,$0.00 ,Cash,Paid,,5/13/2025,web order,sales_export_2025_05.csv
TXN-000259,6/9/2024,sales,Oak & Olive Bistro,Microfiber Mop Head,MOP-100,Janitorial Equipment,1,18.9,18.9,0,0,USD 18.90,8.9,,-1,($8.90),$0.00 ,0,ACH,Paid,,6/9/2024,repeat customer,sales_export_2024_06.csv
TXN-000842,1/1/2025,sales,Westfield Theater,Toilet Tissue Case,PPR-200,Paper Products,6,41.8,250.8,0.05,12.54,238.26,USD 154.80,,-6,-154.8,238.26,$0.00 ,ACH,Open,,31-Jan-25,Rush delivery,sales_export_2025_01.csv
TXN-000467,1/19/2025,sales,Valley Fresh Grocers,Microfiber Mop Head,MOP-100,Janitorial Equipment,5,18,90,0,$0.00 ,90,$44.50 ,,-5,($44.50),0,0,Check,Paid,,1/19/2025,,sales_export_2025_01.csv
TXN-001787,8/7/2024,inventory purchase,,Mop Handle,MOP-200,Janitorial Equipment,120,$11.73 ,,,,,,,120,"USD 1,407.60",$0.00 ,0,ACH,Paid,Facility Gear Inc,9/6/2024,vendor shipment received,purchases_202408.csv
TXN-000054,11/9/2025,Sale,Maple Street Bakery,Glass Cleaner,CLN-200,Cleaning Supplies,6,7.25,43.5,0.00%,0,43.5,$15.30 ,,-6,-15.3,$0.00 ,0,ACH,Paid,,11/9/2025,monthly replenishment,sales_export_2025_11.csv
TXN-001736,7/26/2025,Inventory Purchase,,Microfiber Mop Head,MOP-100,Janitorial Equipment,120,9.08,,,,,,,120,"$1,089.36 ",0,1089.36,Net 30,Open,Facility Gear Inc,8/25/2025,stock replenishment,purchases_202507.csv
TXN-000459,5/17/2024,SALE,Oak & Olive Bistro,Glass Cleaner,CLN-200,Cleaning Supplies,4,$6.89 ,27.56,0,$0.00 ,27.56,$10.20 ,,-4,-10.2,0,$0.00 ,ACH,Paid,,17-May-24,Rush delivery,sales_export_2024_05.csv
TXN-001812,5/12/2025,inventory purchase,,Glass Cleaner,CLN-200,Cleaning Supplies,72,$2.55 ,,,,,,,72,$183.60 ,$0.00 ,$183.60 ,Net 30,Open,North Supply Co.,6/11/2025,vendor shipment received,purchases_202505.csv
TXN-001162,3/15/2025,Sale,Falcon Ridge Realty,Nitrile Gloves Box,GLO-100,Safety Supplies,4,14.25,57,0%,0,57,28.8,,-4,-28.8,0,$0.00 ,Cash,Paid,,3/15/2025,,sales_export_2025_03.csv
TXN-000874,7/15/2024,SALE,Acme Property Group,Mop Handle,MOP-200,Janitorial Equipment,3,24,$72.00 ,0%,0,$72.00 ,$34.50 ,,-3,-34.5,72,0,Invoice,Open,,8/14/2024,monthly replenishment,sales_export_2024_07.csv
TXN-001585,11/14/2024,sales,Dover Legal Partners,Mop Handle,MOP-200,Janitorial Equipment,1,25.2,25.2,0.00%,0,$25.20 ,USD 11.50,,-1,($11.50),0,0,Check,Paid,,11/14/2024,Rush delivery,sales_export_2024_11.csv
TXN-001051,4/11/2025,sales,Juniper Market,All-Purpose Cleaner,CLN-100,Cleaning Supplies,1,$8.50 ,$8.50 ,0,0,8.5,3.1,,-1,($3.10),8.5,0,Net 30,Open,,5/11/2025,web order,sales_export_2025_04.csv
TXN-000627,4/3/2025,SALE,Zenith Logistics,Hand Sanitizer 1 Gal,SAN-100,Washroom Supplies,3,23.1,69.3,0%,0,69.3,$31.80 ,,-3,-31.8,0,0,Mastercard,Paid,,4/3/2025,,sales_export_2025_04.csv
TXN-000786,6/15/2024,SALE,Keystone Auto Repair,Glass Cleaner,CLN-200,Cleaning Supplies,1,7.25,7.25,0.00%,0,$7.25 ,USD 2.55,,-1,-2.55,7.25,0,Net 30,Overdue,,7/15/2024,Rush delivery,sales_export_2024_06.csv
TXN-000644,7/12/2025,Sale,Juniper Market,Hand Sanitizer 1 Gal,SAN-100,Washroom Supplies,3,20.9,$62.70 ,0,0,$62.70 ,31.8,,-3,($31.80),0,0,Check,Paid,,7/12/2025,repeat customer,sales_export_2025_07.csv
TXN-001688,11/9/2024,inventory purchase,,Microfiber Mop Head,MOP-100,Janitorial Equipment,72,8.9,,,,,,,72,640.8,0,0,ACH,Paid,FACILITY GEAR INC,12/9/2024,vendor shipment received,purchases_202411.csv
TXN-001587,3/27/2024,sales,Evergreen Fitness,Microfiber Mop Head,MOP-100,Janitorial Equipment,10,$18.00 ,180,10%,18,USD 162.00,89,,-10,-89,0,$0.00 ,Check,Paid,,3/27/2024,monthly replenishment,sales_export_2024_03.csv
TXN-000751,31-Dec-25,Sale,Northstar Consulting,All-Purpose Cleaner,CLN-100,Cleaning Supplies,3,8.5,$25.50 ,0.1,2.55,22.95,9.3,,-3,-9.3,$0.00 ,USD 0.00,Cash,Paid,,12/31/2025,web order,sales_export_2025_12.csv
TXN-002034,2/18/2024,Customer Payment,Keystone Auto Repair,All-Purpose Cleaner,,Accounts Receivable,,,,,,,,,0,$0.00 ,-16.97,0,ACH,Paid,,,Payment applied to customer invoice,ar_receipts_export.csv
TXN-001187,5/29/2024,Sale,Union Square Hotel,Nitrile Gloves Box,GLO-100,Safety Supplies,1,14.25,$14.25 ,0,$0.00 ,14.25,7.2,,-1,-7.2,0,USD 0.00,Mastercard,Paid,,5/29/2024,web order,sales_export_2024_05.csv
TXN-000895,2/7/2025,SALE,Yellow Finch Design,Soap Dispenser,DSP-100,Washroom Supplies,8,$30.40 ,USD 243.20,0.05,12.16,231.04,134.4,,-8,-134.4,0,0,Visa,Paid,,2/7/2025,repeat customer,sales_export_2025_02.csv
TXN-000869,12/5/2024,sales,keystone auto repair,Nitrile Gloves Box,GLO-100,Safety Supplies,2,15.75,$31.50 ,0.05,USD 1.58,29.92,$14.40 ,,-2,-14.4,0,0,Visa,Paid,,12/5/2024,monthly replenishment,sales_export_2024_12.csv
TXN-002109,8/6/2025,Vendor Payment,,,,Accounts Payable,,,,,,,,,0,0,0,($176.26),Check,Paid,North Supply Co.,,Payment applied to vendor bill,ap_payment_register.csv
TXN-000788,11/18/2025,sales,quantum it services,Glass Cleaner,CLN-200,Cleaning Supplies,2,7.25,$14.50 ,0.05,$0.73 ,13.77,5.1,,-2,-5.1,$0.00 ,$0.00 ,Check,Paid,,11/18/2025,monthly replenishment,sales_export_2025_11.csv
TXN-000261,7/28/2025,Sale,Evergreen Fitness,Paper Towel Case,PPR-100,Paper Products,3,$38.00 ,114,5%,5.7,108.3,USD 64.50,,-3,USD -64.50,$0.00 ,0,ACH,Paid,,28-Jul-25,,sales_export_2025_07.csv
TXN-000805,11/7/2024,Sale,Harborview Clinic,Nitrile Gloves Box,GLO-100,Safety Supplies,2,USD 15.00,$30.00 ,0.05,1.5,28.5,14.4,,-2,($14.40),$0.00 ,0,Mastercard,Paid,,11/7/2024,repeat customer,sales_export_2024_11.csv
TXN-001957,12/18/2025,expense,,,,Marketing,,,,,,,,$504.80 ,0,$0.00 ,0,0,Check,Paid,Local Reach Media,,recurring monthly charge,expenses_Dec_2025.csv
TXN-001248,5/31/2024,Sale,Yellow Finch Design,Trash Bags 55 Gal,BAG-100,Waste Supplies,3,29,87,0,0,USD 87.00,46.2,,-3,USD -46.20,87,0,ACH,Open,,6/30/2024,Rush delivery,sales_export_2024_05.csv
TXN-001468,1/20/2024,Sale,Harborview Clinic,Paper Towel Case,PPR-100,Paper Products,4,USD 36.10,144.4,0.00%,0,144.4,$86.00 ,,-4,-86,$0.00 ,$0.00 ,Cash,Paid,,1/20/2024,Rush delivery,sales_export_2024_01.csv
TXN-000811,5/22/2024,sales,Quantum IT Services,Mop Handle,MOP-200,Janitorial Equipment,5,$22.80 ,$114.00 ,0%,0,USD 114.00,USD 57.50,,-5,-57.5,114,0,Net 30,Open,,6/21/2024,repeat customer,sales_export_2024_05.csv
TXN-000934,12/13/2024,Sale,Acme Property Group,Nitrile Gloves Box,GLO-100,Safety Supplies,1,$15.75 ,15.75,0.00%,$0.00 ,$15.75 ,$7.20 ,,-1,-7.2,0,$0.00 ,Check,Paid,,12/13/2024,,sales_export_2024_12.csv
TXN-000395,4/3/2024,Sale,Evergreen Fitness,All-Purpose Cleaner,CLN-100,Cleaning Supplies,6,8.5,$51.00 ,0%,0,USD 51.00,18.6,,-6,-18.6,51,0,Invoice,Open,,5/3/2024,Rush delivery,sales_export_2024_04.csv
TXN-001631,8/21/2024,Sale,Quantum IT Services,All-Purpose Cleaner,CLN-100,Cleaning Supplies,1,USD 8.50,$8.50 ,15%,1.28,7.22,$3.10 ,,-1,($3.10),7.22,0,Invoice,Open,,9/20/2024,web order,sales_export_2024_08.csv
TXN-001798,6/15/2024,PURCHASE,,Mop Handle,MOP-200,Janitorial Equipment,24,11.04,,,,,,,24,$264.96 ,0,264.96,Net 30,Open,Facility Gear Inc,7/15/2024,,purchases_202406.csv
TXN-000685,23-Apr-24,Sale,Acme Property Group,Glass Cleaner,CLN-200,Cleaning Supplies,10,7.61,76.1,5%,3.81,$72.29 ,25.5,,-10,-25.5,72.29,0,Net 30,Open,,5/23/2024,Rush delivery,sales_export_2024_04.csv
TXN-001188,11/7/2024,SALE,Cedar & Stone Cafe,Soap Dispenser,DSP-100,Washroom Supplies,1,$32.00 ,$32.00 ,5%,$1.60 ,30.4,16.8,,-1,-16.8,0,0,Mastercard,Paid,,11/7/2024,Rush delivery,sales_export_2024_11.csv
TXN-001992,1/6/2025,AR Receipt,Northstar Consulting,Paper Towel Case,,Accounts Receivable,,,,,,,,,0,$0.00 ,($79.80),$0.00 ,Wire,Paid,,,Payment applied to customer invoice,ar_receipts_export.csv
TXN-000250,4/26/2025,Sale,Keystone Auto Repair,Nitrile Gloves Box,GLO-100,Safety Supplies,6,15,$90.00 ,0%,0,$90.00 ,$43.20 ,,-6,-43.2,90,$0.00 ,Net 30,Open,,5/26/2025,web order,sales_export_2025_04.csv
TXN-000554,6/25/2024,SALE,BrightPath Dental,Soap Dispenser,DSP-100,Washroom Supplies,1,32,32,15%,4.8,$27.20 ,16.8,,-1,-16.8,$0.00 ,0,Mastercard,Paid,,6/25/2024,monthly replenishment,sales_export_2024_06.csv
TXN-000905,9/25/2024,SALE,Ironwood Builders,Nitrile Gloves Box,GLO-100,Safety Supplies,6,$15.00 ,90,0.00%,0,$90.00 ,$43.20 ,,-6,USD -43.20,$0.00 ,USD 0.00,Cash,Paid,,9/25/2024,monthly replenishment,sales_export_2024_09.csv
TXN-000171,3/31/2024,Sale,Lakeside Vet Care,Paper Towel Case,PPR-100,Paper Products,5,$38.00 ,190,0%,$0.00 ,190,$107.50 ,,-5,-107.5,0,$0.00 ,Visa,Paid,,3/31/2024,monthly replenishment,sales_export_2024_03.csv
TXN-000489,8/15/2024,SALE,BrightPath Dental,Soap Dispenser,DSP-100,Washroom Supplies,1,30.4,$30.40 ,0.00%,$0.00 ,30.4,16.8,,-1,($16.80),$0.00 ,$0.00 ,Check,Paid,,8/15/2024,repeat customer,sales_export_2024_08.csv
TXN-000065,11/15/2025,SALE,Zenith Logistics,Trash Bags 55 Gal,BAG-100,Waste Supplies,6,USD 29.00,174,10%,17.4,$156.60 ,92.4,,-6,($92.40),156.6,USD 0.00,Invoice,Open,,15-Dec-25,,sales_export_2025_11.csv
TXN-000566,11/23/2024,sales,Union Square Hotel,Microfiber Mop Head,MOP-100,Janitorial Equipment,6,$17.10 ,102.6,5%,5.13,97.47,$53.40 ,,-6,-53.4,$0.00 ,0,Visa,Paid,,11/23/2024,repeat customer,sales_export_2024_11.csv
TXN-000971,9/11/2025,SALE,Dover Legal Partners,Hand Sanitizer 1 Gal,SAN-100,Washroom Supplies,1,22,$22.00 ,0.00%,$0.00 ,22,10.6,,-1,($10.60),$22.00 ,0,ACH,Overdue,,10/11/2025,web order,sales_export_2025_09.csv
TXN-000129,19-Jan-25,Sale,Riverbend Brewery,Trash Bags 55 Gal,BAG-100,Waste Supplies,6,$29.00 ,174,0.00%,0,$174.00 ,$92.40 ,,-6,-92.4,USD 0.00,0,Visa,Paid,,1/19/2025,web order,sales_export_2025_01.csv
TXN-000817,7/16/2025,SALE,Dover Legal Partners,Mop Handle,MOP-200,Janitorial Equipment,1,24,$24.00 ,0%,$0.00 ,24,$11.50 ,,-1,($11.50),24,$0.00 ,ACH,Open,,8/15/2025,web order,sales_export_2025_07.csv
TXN-000667,9/3/2024,sales,Pinecrest Academy,Soap Dispenser,DSP-100,Washroom Supplies,3,33.6,100.8,5.00%,$5.04 ,95.76,USD 50.40,,-3,USD -50.40,0,0,ACH,Paid,,9/3/2024,,sales_export_2024_09.csv
TXN-001936,2/28/2025,EXPENSE,,,,Delivery Fuel,,,,,,,,USD 192.66,0,0,0,USD 0.00,ACH,Paid,Metro Fuel Stop,,recurring monthly charge,expenses_Feb_2025.csv
TXN-002014,17-Mar-25,Customer Payment,Maple Street Bakery,Nitrile Gloves Box,,Accounts Receivable,,,,,,,,,0,$0.00 ,-47.25,$0.00 ,ACH,Paid,,,Payment applied to customer invoice,ar_receipts_export.csv
TXN-001622,7/6/2024,sales,Maple Street Bakery,Glass Cleaner,CLN-200,Cleaning Supplies,4,6.89,27.56,10.00%,$2.76 ,USD 24.80,10.2,,-4,-10.2,24.8,$0.00 ,Net 30,Open,,8/5/2024,web order,sales_export_2024_07.csv
TXN-000624,2/16/2024,Sale,Tidal Wave Media,Nitrile Gloves Box,GLO-100,Safety Supplies,6,15,$90.00 ,10.00%,9,81,$43.20 ,,-6,-43.2,0,$0.00 ,Visa,Paid,,2/16/2024,,sales_export_2024_02.csv
TXN-000246,10/8/2024,Sale,BrightPath Dental,Toilet Tissue Case,PPR-200,Paper Products,12,$46.20 ,554.4,0%,$0.00 ,554.4,$309.60 ,,-12,-309.6,0,USD 0.00,Check,Paid,,10/8/2024,monthly replenishment,sales_export_2024_10.csv
TXN-000889,11/15/2024,SALE,Keystone Auto Repair,Nitrile Gloves Box,GLO-100,Safety Supplies,2,$15.00 ,30,10%,3,27,14.4,,-2,($14.40),$0.00 ,0,Visa,Paid,,11/15/2024,Rush delivery,sales_export_2024_11.csv
TXN-001034,6/3/2025,Sale,Zenith Logistics,Paper Towel Case,PPR-100,Paper Products,2,38,USD 76.00,0.1,7.6,$68.40 ,43,,-2,-43,0,0,Check,Paid,,6/3/2025,web order,sales_export_2025_06.csv
TXN-001874,5/6/2024,expense,,,,Insurance,,,,,,,,364.54,0,$0.00 ,$0.00 ,0,Check,Paid,Crestline Insurance,,approved by owner,expenses_May_2024.csv
TXN-001461,5-Aug-24,SALE,JUNIPER MARKET,Paper Towel Case,PPR-100,Paper Products,2,39.9,79.8,0.00%,$0.00 ,79.8,43,,-2,($43.00),0,$0.00 ,Check,Paid,,8/5/2024,Rush delivery,sales_export_2024_08.csv
TXN-000110,4/8/2025,sales,Cedar & Stone Cafe,All-Purpose Cleaner,CLN-100,Cleaning Supplies,3,$8.93 ,USD 26.79,0%,0,26.79,$9.30 ,,-3,($9.30),$0.00 ,USD 0.00,Mastercard,Paid,,4/8/2025,web order,sales_export_2025_04.csv
TXN-001784,10/16/2024,PURCHASE,,Toilet Tissue Case,PPR-200,Paper Products,36,26.32,,,,,,,36,947.38,0,947.38,Net 30,Overdue,paperpro distributors,11/15/2024,stock replenishment,purchases_202410.csv
TXN-001639,11/8/2024,Sale,Summit Childcare,All-Purpose Cleaner,CLN-100,Cleaning Supplies,2,$8.93 ,$17.86 ,0.00%,$0.00 ,17.86,$6.20 ,,-2,-6.2,0,0,ACH,Paid,,11/8/2024,,sales_export_2024_11.csv
TXN-000466,4/9/2024,sales,Acme Property Group,Toilet Tissue Case,PPR-200,Paper Products,2,44,88,0,$0.00 ,88,51.6,,-2,($51.60),0,$0.00 ,ACH,Paid,,9-Apr-24,repeat customer,sales_export_2024_04.csv
TXN-000398,1/6/2024,Sale,Cedar & Stone Cafe,Hand Sanitizer 1 Gal,SAN-100,Washroom Supplies,1,$22.00 ,$22.00 ,0,$0.00 ,$22.00 ,$10.60 ,,-1,-10.6,0,$0.00 ,Mastercard,Paid,,1/6/2024,,sales_export_2024_01.csv
TXN-001150,2/6/2024,sales, Maple Street Bakery ,SOAP DISPENSER,DSP-100,Washroom Supplies,4,32,128,0.00%,0,128,67.2,,-4,USD -67.20,128,0,Invoice,Overdue,,3/7/2024,repeat customer,sales_export_2024_02.csv
TXN-001092,20-Feb-24,SALE,Pinecrest Academy,Microfiber Mop Head,MOP-100,Janitorial Equipment,2,$18.00 ,$36.00 ,0.00%,$0.00 ,36,17.8,,-2,-17.8,$0.00 ,$0.00 ,ACH,Paid,,2/20/2024,Rush delivery,sales_export_2024_02.csv
TXN-000282,7/20/2024,Sale,Evergreen Fitness,Paper Towel Case,PPR-100,Paper Products,6,$39.90 ,$239.40 ,0.00%,USD 0.00,239.4,129,,-6,-129,USD 0.00,$0.00 ,Cash,Paid,,7/20/2024,monthly replenishment,sales_export_2024_07.csv
TXN-001487,8/14/2024,sales,Pinecrest Academy,Paper Towel Case,PPR-100,Paper Products,2,38,76,5%,$3.80 ,72.2,43,,-2,-43,0,0,Visa,Paid,,8/14/2024,web order,sales_export_2024_08.csv
TXN-001067,9/12/2024,sales,Quantum IT Services,Soap Dispenser,DSP-100,Washroom Supplies,1,33.6,$33.60 ,0.00%,$0.00 ,33.6,16.8,,-1,-16.8,0,$0.00 ,ACH,Paid,,9/12/2024,web order,sales_export_2024_09.csv
TXN-001485,10/5/2025,sales,Golden Hour Events,Paper Towel Case,PPR-100,Paper Products,6,36.1,$216.60 ,0.00%,USD 0.00,$216.60 ,129,,-6,($129.00),$0.00 ,0,Mastercard,Paid,,10/5/2025,web order,sales_export_2025_10.csv
TXN-001515,10/19/2025,SALE,Harborview Clinic,Nitrile Gloves Box,GLO-100,Safety Supplies,3,$15.00 ,45,0.00%,0,USD 45.00,$21.60 ,,-3,-21.6,$45.00 ,$0.00 ,Net 30,Open,,11/18/2025,web order,sales_export_2025_10.csv
TXN-001336,8/28/2024,SALE,Juniper Market,Hand Sanitizer 1 Gal,SAN-100,Washroom Supplies,2,20.9,USD 41.80,0.00%,0,41.8,$21.20 ,,-2,-21.2,USD 0.00,$0.00 ,Mastercard,Paid,,8/28/2024,repeat customer,sales_export_2024_08.csv
TXN-000220,21-Sep-24,SALE,Valley Fresh Grocers, Trash Bags 55 Gal ,BAG-100,Waste Supplies,2,30.45,$60.90 ,10%,$6.09 ,$54.81 ,USD 30.80,,-2,-30.8,0,0,Check,Paid,,9/21/2024,web order,sales_export_2024_09.csv
TXN-001373,10/14/2025,Sale,Riverbend Brewery,Mop Handle,MOP-200,Janitorial Equipment,3,22.8,68.4,0.00%,0,68.4,$34.50 ,,-3,-34.5,$68.40 ,$0.00 ,Net 30,Overdue,,11/13/2025,Rush delivery,sales_export_2025_10.csv
TXN-001927,6/12/2024,expense,,,,Utilities,,,,,,,,USD 400.23,0,0,0,0,Visa,Paid,BrightGrid Electric,,,expenses_Jun_2024.csv
TXN-000300,4/16/2024,sales,Golden Hour Events,Toilet Tissue Case,PPR-200,Paper Products,1,44,44,0,0,44,25.8,,-1,-25.8,$0.00 ,0,Check,Paid,,4/16/2024,,sales_export_2024_04.csv
TXN-001834,1-Sep-25,EXPENSE,,,,Delivery Fuel,,,,,,,,$249.24 ,0,0,0,0,Check,Paid,METRO FUEL STOP,,,expenses_Sep_2025.csv
TXN-000721,3/3/2025,Sale,Oak & Olive Bistro,All-Purpose Cleaner,CLN-100,Cleaning Supplies,3,$8.50 ,25.5,0%,$0.00 ,25.5,$9.30 ,,-3,-9.3,$25.50 ,0,Invoice,Overdue,,4/2/2025,monthly replenishment,sales_export_2025_03.csv
TXN-000050,2/20/2024,SALE,Riverbend Brewery,Trash Bags 55 Gal,BAG-100,Waste Supplies,1,$29.00 ,29,5.00%,1.45,27.55,15.4,,-1,-15.4,$0.00 ,0,Visa,Paid,,2/20/2024,web order,sales_export_2024_02.csv
TXN-000658,9/24/2025,sales,Lakeside Vet Care,Hand Sanitizer 1 Gal,SAN-100,Washroom Supplies,2,22,44,0.00%,$0.00 ,$44.00 ,$21.20 ,,-2,($21.20),USD 0.00,$0.00 ,Visa,Paid,,9/24/2025,,sales_export_2025_09.csv
TXN-000144,4/26/2025,sales, Riverbend Brewery ,Mop Handle,MOP-200,Janitorial Equipment,4,25.2,$100.80 ,0%,0,$100.80 ,46,,-4,-46,0,0,Cash,Paid,,4/26/2025,repeat customer,sales_export_2025_04.csv
TXN-001770,7/26/2024,PURCHASE,,Mop Handle,MOP-200,Janitorial Equipment,48,$11.50 ,,,,,,,48,$552.00 ,0,$552.00 ,Net 30,Open,Facility Gear Inc,8/25/2024,stock replenishment,purchases_202407.csv
TXN-001081,9/6/2025,sales,Dover Legal Partners,Glass Cleaner,CLN-200,Cleaning Supplies,1,$7.61 ,$7.61 ,5.00%,0.38,USD 7.23,$2.55 ,,-1,-2.55,0,0,Check,Paid,,9/6/2025,monthly replenishment,sales_export_2025_09.csv
TXN-000127,9/24/2024,sales,Tidal Wave Media,Microfiber Mop Head,MOP-100,Janitorial Equipment,10,18.9,189,0.00%,0,189,89,,-10,-89,$189.00 ,0,Invoice,Open,,10/24/2024,web order,sales_export_2024_09.csv
TXN-000587,12/10/2024,SALE,Cedar & Stone Cafe,Microfiber Mop Head,MOP-100,Janitorial Equipment,1,18.9,18.9,0.00%,$0.00 ,18.9,$8.90 ,,-1,($8.90),$18.90 ,USD 0.00,ACH,Overdue,,1/9/2025,Rush delivery,sales_export_2024_12.csv
TXN-000807,9/6/2025,sales,Summit Childcare,All-Purpose Cleaner,CLN-100,Cleaning Supplies,1,$8.50 ,8.5,5.00%,$0.43 ,8.07,$3.10 ,,-1,($3.10),$0.00 ,0,Mastercard,Paid,,9/6/2025,monthly replenishment,sales_export_2025_09.csv
TXN-000023,11/14/2024,SALE,Golden Hour Events,Paper Towel Case,PPR-100,Paper Products,5,$39.90 ,199.5,0,0,$199.50 ,107.5,,-5,($107.50),USD 0.00,0,Mastercard,Paid,,11/14/2024,repeat customer,sales_export_2024_11.csv
TXN-000115,12/12/2025,SALE,Lakeside Vet Care,All-Purpose Cleaner,CLN-100,Cleaning Supplies,1,8.08,8.08,0.00%,$0.00 ,8.08,$3.10 ,,-1,($3.10),8.08,$0.00 ,Invoice,Open,,1/11/2026,repeat customer,sales_export_2025_12.csv
TXN-002057,3/27/2025,AP Payment,,,,Accounts Payable,,,,,,,,,0,$0.00 ,USD 0.00,USD -397.44,Check,Paid,Facility Gear Inc,,Payment applied to vendor bill,ap_payment_register.csv
TXN-000557,12/16/2024,sales,Summit Childcare,Paper Towel Case,PPR-100,Paper Products,1,38,38,0,0,$38.00 ,21.5,,-1,($21.50),0,0,Check,Paid,,12/16/2024,repeat customer,sales_export_2024_12.csv
TXN-000348,5/2/2024,Sale,Summit Childcare,Nitrile Gloves Box,GLO-100,Safety Supplies,3,15,USD 45.00,0%,0,$45.00 ,21.6,,-3,($21.60),0,$0.00 ,Visa,Paid,,5/2/2024,Rush delivery,sales_export_2024_05.csv
TXN-000332,11/21/2024,sales,Ironwood Builders,All-Purpose Cleaner,CLN-100,Cleaning Supplies,2,8.5,17,0,0,17,6.2,,-2,-6.2,0,0,Cash,Paid,,11/21/2024,repeat customer,sales_export_2024_11.csv
TXN-000735,12/28/2024,SALE,Harborview Clinic,All-Purpose Cleaner,CLN-100,Cleaning Supplies,1,8.5,$8.50 ,0.1,0.85,USD 7.65,$3.10 ,,-1,($3.10),$0.00 ,0,Cash,Paid,,12/28/2024,Rush delivery,sales_export_2024_12.csv
TXN-000244,2/13/2024,sales,Riverbend Brewery,Hand Sanitizer 1 Gal,SAN-100,Washroom Supplies,2,$22.00 ,44,0%,0,$44.00 ,21.2,,-2,($21.20),$0.00 ,$0.00 ,Visa,Paid,,2/13/2024,repeat customer,sales_export_2024_02.csv
TXN-000802,9/4/2024,SALE,Harborview Clinic,Soap Dispenser,DSP-100,Washroom Supplies,5,33.6,$168.00 ,0.1,$16.80 ,$151.20 ,$84.00 ,,-5,-84,151.2,$0.00 ,ACH,Open,,10/4/2024,monthly replenishment,sales_export_2024_09.csv
TXN-001898,12/13/2025,expense,,,,Delivery Fuel,,,,,,,,211.97,0,$0.00 ,0,$0.00 ,ACH,Paid,Metro Fuel Stop,,recurring monthly charge,expenses_Dec_2025.csv
TXN-001308,11/22/2025,sales,Maple Street Bakery,Hand Sanitizer 1 Gal,SAN-100,Washroom Supplies,3,22,USD 66.00,0.00%,$0.00 ,$66.00 ,31.8,,-3,USD -31.80,0,USD 0.00,Cash,Paid,,11/22/2025,web order,sales_export_2025_11.csv
TXN-000497,9/7/2024,sales,Maple Street Bakery,Toilet Tissue Case,PPR-200,Paper Products,1,44,44,0.05,$2.20 ,$41.80 ,25.8,,-1,-25.8,41.8,0,Net 30,Open,,10/7/2024,monthly replenishment,sales_export_2024_09.csv
TXN-000804,3/13/2024,sales,BrightPath Dental,Trash Bags 55 Gal,BAG-100,Waste Supplies,5,30.45,$152.25 ,0%,0,$152.25 ,77,,-5,($77.00),$152.25 ,USD 0.00,Invoice,Open,,12-Apr-24,,sales_export_2024_03.csv
TXN-000705,7/22/2025,sales,Riverbend Brewery,Toilet Tissue Case,PPR-200,Paper Products,5,44,USD 220.00,0%,0,$220.00 ,129,,-5,($129.00),0,0,Mastercard,Paid,,7/22/2025,Rush delivery,sales_export_2025_07.csv
TXN-000349,1-Dec-25,sales,Tidal Wave Media,Soap Dispenser,DSP-100,Washroom Supplies,3,32,$96.00 ,0,0,96,USD 50.40,,-3,-50.4,96,0,Net 30,Open,,31-Dec-25,web order,sales_export_2025_12.csv
TXN-001747,2/25/2024,PURCHASE,,Trash Bags 55 Gal,BAG-100,Waste Supplies,36,$15.71 ,,,,,,,36,565.49,$0.00 ,$565.49 ,Net 30,Open,Metro Packaging LLC,3/26/2024,,purchases_202402.csv
TXN-001106,2/11/2024,Sale,Summit Childcare,Mop Handle,MOP-200,Janitorial Equipment,2,$24.00 ,$48.00 ,0%,$0.00 ,$48.00 ,23,,-2,-23,48,0,Invoice,Open,,3/12/2024,monthly replenishment,sales_export_2024_02.csv
TXN-000436,4/1/2024,Sale,Golden Hour Events,Glass Cleaner,CLN-200,Cleaning Supplies,10,$7.25 ,$72.50 ,0.00%,0,72.5,$25.50 ,,-10,-25.5,$0.00 ,0,Cash,Paid,,4/1/2024,web order,sales_export_2024_04.csv
TXN-001523,8/22/2024,sales,Oak & Olive Bistro,Microfiber Mop Head,MOP-100,Janitorial Equipment,2,$18.90 ,37.8,0.05,$1.89 ,35.91,$17.80 ,,-2,-17.8,$0.00 ,0,Cash,Paid,,8/22/2024,repeat customer,sales_export_2024_08.csv
TXN-000867,2/25/2024,SALE,Union Square Hotel,Microfiber Mop Head,MOP-100,Janitorial Equipment,3,18.9,56.7,0%,0,56.7,26.7,,-3,($26.70),56.7,0,Invoice,Open,,3/26/2024,,sales_export_2024_02.csv
TXN-000661,12/17/2024,SALE,Dover Legal Partners,Trash Bags 55 Gal,BAG-100,Waste Supplies,2,$27.55 ,USD 55.10,0%,0,$55.10 ,$30.80 ,,-2,($30.80),USD 0.00,0,Check,Paid,,12/17/2024,Rush delivery,sales_export_2024_12.csv
TXN-002065,3/1/2024,ap payment,,,,Accounts Payable,,,,,,,,,0,0,0,($254.40),ACH,Paid,Hygiene Solutions,,Payment applied to vendor bill,ap_payment_register.csv
TXN-001852,2/14/2024,Operating Expense,,,,Rent,,,,,,,,"$2,330.47 ",0,0,0,0,Visa,Paid,City Center Properties,,approved by owner,expenses_Feb_2024.csv
TXN-000997,9/20/2025,SALE,Maple Street Bakery,All-Purpose Cleaner,CLN-100,Cleaning Supplies,12,$8.50 ,102,5.00%,$5.10 ,96.9,37.2,,-12,USD -37.20,96.9,$0.00 ,Invoice,Open,,10/20/2025,repeat customer,sales_export_2025_09.csv
TXN-000200,19-Aug-25,Sale,Yellow Finch Design,Microfiber Mop Head,MOP-100,Janitorial Equipment,4,18,72,0,0,72,$35.60 ,,-4,($35.60),0,0,Mastercard,Paid,,19-Aug-25,Rush delivery,sales_export_2025_08.csv
TXN-001049,11-Oct-24,SALE,Northstar Consulting,Soap Dispenser,DSP-100,Washroom Supplies,8,$33.60 ,268.8,0.00%,0,USD 268.80,134.4,,-8,-134.4,$268.80 ,$0.00 ,Net 30,Open,,11/10/2024,Rush delivery,sales_export_2024_10.csv
TXN-000740,12/22/2024,Sale,Golden Hour Events,All-Purpose Cleaner,CLN-100,Cleaning Supplies,2,8.5,USD 17.00,0,$0.00 ,17,6.2,,-2,-6.2,17,0,ACH,Open,,21-Jan-25,monthly replenishment,sales_export_2024_12.csv
TXN-001083,10/12/2025,sales,Cedar & Stone Cafe,All-Purpose Cleaner,CLN-100,Cleaning Supplies,6,8.93,53.58,0.00%,0,53.58,18.6,,-6,-18.6,53.58,0,Invoice,Overdue,,11/11/2025,Rush delivery,sales_export_2025_10.csv
TXN-001605,13-Sep-25,SALE,Lakeside Vet Care,Paper Towel Case,PPR-100,Paper Products,2,39.9,79.8,5%,3.99,75.81,43,,-2,-43,75.81,0,Invoice,Open,,10/13/2025,monthly replenishment,sales_export_2025_09.csv
TXN-001728,10/2/2024,inventory purchase,, Trash Bags 55 Gal ,BAG-100,Waste Supplies,24,15.4,,,,,,,24,$369.60 ,0,$369.60 ,Net 30,Open,Metro Packaging LLC,11/1/2024,,purchases_202410.csv
TXN-002050,5/27/2025,AR Receipt,Quantum IT Services,Microfiber Mop Head,,Accounts Receivable,,,,,,,,,0,$0.00 ,-51.3,0,Check,Paid,,,Payment applied to customer invoice,ar_receipts_export.csv
TXN-001116,7/19/2025,sales,Westfield Theater,Paper Towel Case,PPR-100,Paper Products,4,38,USD 152.00,0.00%,0,152,USD 86.00,,-4,-86,152,0,Invoice,Open,,8/18/2025,,sales_export_2025_07.csv
TXN-001702,1/2/2024,PURCHASE,,Glass Cleaner,CLN-200,Cleaning Supplies,96,2.5,,,,,,,96,239.9,0,USD 239.90,Net 30,Open,North Supply Co.,2/1/2024,stock replenishment,purchases_202401.csv
TXN-001113,11/9/2025,sales,Keystone Auto Repair,Nitrile Gloves Box,GLO-100,Safety Supplies,2,15.75,31.5,0%,$0.00 ,$31.50 ,$14.40 ,,-2,($14.40),0,$0.00 ,Cash,Paid,,11/9/2025,,sales_export_2025_11.csv
TXN-000032,3/27/2025,sales,Lakeside Vet Care,Toilet Tissue Case,PPR-200,Paper Products,4,44,176,0,0,$176.00 ,103.2,,-4,-103.2,$0.00 ,0,ACH,Paid,,3/27/2025,repeat customer,sales_export_2025_03.csv
TXN-001953,5/7/2025,Operating Expense,,,,Office Supplies,,,,,,,,117.33,0,$0.00 ,0,$0.00 ,Visa,Paid,Office Depot,,approved by owner,expenses_May_2025.csv
TXN-002006,9/20/2025,ar receipt,Zenith Logistics,Toilet Tissue Case,,Accounts Receivable,,,,,,,,,0,0,-46.2,0,Check,Paid,,,Payment applied to customer invoice,ar_receipts_export.csv
TXN-000797,6-Jul-25,Sale,Dover Legal Partners,Glass Cleaner,CLN-200,Cleaning Supplies,5,7.25,36.25,0%,USD 0.00,36.25,12.75,,-5,($12.75),$36.25 ,0,Net 30,Open,,8/5/2025,Rush delivery,sales_export_2025_07.csv
TXN-000103,4/2/2024,Sale,Dover Legal Partners,Toilet Tissue Case,PPR-200,Paper Products,4,$44.00 ,USD 176.00,0,0,$176.00 ,103.2,,-4,($103.20),176,$0.00 ,Invoice,Open,,5/2/2024,,sales_export_2024_04.csv
TXN-001632,5/14/2025,sales,Juniper Market,All-Purpose Cleaner,CLN-100,Cleaning Supplies,3,$8.50 ,25.5,5.00%,1.28,$24.22 ,9.3,,-3,-9.3,$0.00 ,0,ACH,Paid,,5/14/2025,Rush delivery,sales_export_2025_05.csv
TXN-001360,6/4/2025,SALE,Northstar Consulting,Glass Cleaner,CLN-200,Cleaning Supplies,6,6.89,41.34,0.05,USD 2.07,$39.27 ,15.3,,-6,($15.30),0,$0.00 ,Check,Paid,,6/4/2025,,sales_export_2025_06.csv
TXN-001687,6/7/2024,PURCHASE,,Microfiber Mop Head,MOP-100,Janitorial Equipment,72,$8.90 ,,,,,,,72,$640.80 ,$0.00 ,$640.80 ,Net 30,Open,Facility Gear Inc,7/7/2024,stock replenishment,purchases_202406.csv
TXN-001748,4/9/2025,inventory purchase,,Paper Towel Case,PPR-100,Paper Products,60,20.64,,,,,,,60,"$1,238.40 ",$0.00 ,"1,238.40",Net 30,Open,PaperPro Distributors,5/9/2025,vendor shipment received,purchases_202504.csv
TXN-000073,1/24/2025,sales,Quantum IT Services,Toilet Tissue Case,PPR-200,Paper Products,5,46.2,USD 231.00,0,$0.00 ,$231.00 ,129,,-5,-129,0,0,ACH,Paid,,1/24/2025,web order,sales_export_2025_01.csv
TXN-001886,5/26/2024,expense,,,,Office Supplies,,,,,,,,92.57,0,$0.00 ,0,0,Visa,Paid,Office Depot,,recurring monthly charge,expenses_May_2024.csv
TXN-001616,10/15/2024,Sale,Quantum IT Services,Soap Dispenser,DSP-100,Washroom Supplies,3,$32.00 ,96,0.15,14.4,81.6,50.4,,-3,-50.4,81.6,0,Net 30,Open,,11/14/2024,,sales_export_2024_10.csv
TXN-000465,3/23/2024,Sale,Maple Street Bakery,Soap Dispenser,DSP-100,Washroom Supplies,2,$30.40 ,$60.80 ,0,0,60.8,33.6,,-2,-33.6,0,$0.00 ,Cash,Paid,,3/23/2024,Rush delivery,sales_export_2024_03.csv
TXN-000526,12/21/2025,SALE,Maple Street Bakery,glass cleaner,CLN-200,Cleaning Supplies,10,7.61,76.1,0,0,$76.10 ,25.5,,-10,-25.5,0,0,Check,Paid,,12/21/2025,Rush delivery,sales_export_2025_12.csv
TXN-001822,8/22/2024,PURCHASE,,Toilet Tissue Case,PPR-200,Paper Products,72,26.32,,,,,,,72,1894.75,0,"$1,894.75 ",Net 30,Overdue,PaperPro Distributors,21-Sep-24,stock replenishment,purchases_202408.csv
TXN-001531,8/6/2024,sales,Maple Street Bakery,Trash Bags 55 Gal,BAG-100,Waste Supplies,2,27.55,USD 55.10,0%,0,55.1,30.8,,-2,($30.80),$0.00 ,0,ACH,Paid,,6-Aug-24,Rush delivery,sales_export_2024_08.csv
TXN-001836,8/7/2025,EXPENSE,,,,Delivery Fuel,,,,,,,,188.61,0,0,$0.00 ,0,Check,Paid,Metro Fuel Stop,,,expenses_Aug_2025.csv
TXN-000601,6/6/2024,Sale,Valley Fresh Grocers,Nitrile Gloves Box,GLO-100,Safety Supplies,4,15,$60.00 ,0%,0,60,28.8,,-4,($28.80),USD 0.00,$0.00 ,Visa,Paid,,6/6/2024,monthly replenishment,sales_export_2024_06.csv
TXN-000407,11/27/2025,SALE,golden hour events,Microfiber Mop Head,MOP-100,Janitorial Equipment,2,18,36,0,0,36,USD 17.80,,-2,-17.8,36,0,Net 30,Overdue,,12/27/2025,Rush delivery,sales_export_2025_11.csv
TXN-001899,10/1/2024,Operating Expense,,,,Delivery Fuel,,,,,,,,229.55,0,0,$0.00 ,$0.00 ,ACH,Paid,Metro Fuel Stop,,,expenses_Oct_2024.csv
TXN-000139,12/29/2024,SALE,Dover Legal Partners,All-Purpose Cleaner,CLN-100,Cleaning Supplies,2,$8.93 ,$17.86 ,0,0,17.86,6.2,,-2,($6.20),$17.86 ,0,Invoice,Open,,1/28/2025,repeat customer,sales_export_2024_12.csv
TXN-000815,2/18/2025,Sale,Falcon Ridge Realty,Soap Dispenser,DSP-100,Washroom Supplies,4,USD 33.60,134.4,0%,USD 0.00,134.4,67.2,,-4,-67.2,USD 0.00,0,Check,Paid,,2/18/2025,Rush delivery,sales_export_2025_02.csv
TXN-000048,11/27/2024,sales,Ironwood Builders,Hand Sanitizer 1 Gal,SAN-100,Washroom Supplies,5,$23.10 ,$115.50 ,5%,$5.78 ,USD 109.72,53,,-5,($53.00),USD 0.00,0,Cash,Paid,,11/27/2024,Rush delivery,sales_export_2024_11.csv
TXN-001503,4/2/2025,sales,Keystone Auto Repair,PAPER TOWEL CASE,PPR-100,Paper Products,4,$38.00 ,$152.00 ,0.05,7.6,144.4,86,,-4,USD -86.00,144.4,$0.00 ,Invoice,Open,,5/2/2025,monthly replenishment,sales_export_2025_04.csv
TXN-001923,10/30/2024,expense,,,,Software,,,,,,,,$160.22 ,0,0,0,$0.00 ,Check,Paid,CloudSuite,,,expenses_Oct_2024.csv
TXN-001300,10/5/2025,SALE,Ironwood Builders,Mop Handle,MOP-200,Janitorial Equipment,4,22.8,91.2,0,0,91.2,$46.00 ,,-4,-46,91.2,0,ACH,Open,,11/4/2025,,sales_export_2025_10.csv
TXN-000276,9/3/2025,Sale,Valley Fresh Grocers,Glass Cleaner,CLN-200,Cleaning Supplies,2,7.25,14.5,0,0,$14.50 ,USD 5.10,,-2,($5.10),$0.00 ,0,Mastercard,Paid,,9/3/2025,repeat customer,sales_export_2025_09.csv
TXN-000383,6/23/2024,sales,Keystone Auto Repair,All-Purpose Cleaner,CLN-100,Cleaning Supplies,12,8.5,102,5.00%,$5.10 ,$96.90 ,37.2,,-12,($37.20),USD 96.90,$0.00 ,Net 30,Open,,7/23/2024,monthly replenishment,sales_export_2024_06.csv
TXN-000363,9/24/2025,SALE,Cedar & Stone Cafe,All-Purpose Cleaner,CLN-100,Cleaning Supplies,8,8.08,64.64,0.00%,0,64.64,24.8,,-8,($24.80),64.64,0,ACH,Open,,10/24/2025,monthly replenishment,sales_export_2025_09.csv
TXN-002088,12/31/2025,AP Payment,,,,Accounts Payable,,,,,,,,,0,USD 0.00,0,($871.49),Wire,Paid,facility gear inc,,Payment applied to vendor bill,ap_payment_register.csv
TXN-000186,7/24/2025,sales,Zenith Logistics,Toilet Tissue Case,PPR-200,Paper Products,1,46.2,46.2,0%,0,46.2,$25.80 ,,-1,-25.8,46.2,USD 0.00,ACH,Open,,8/23/2025,monthly replenishment,sales_export_2025_07.csv
TXN-001506,2/10/2025,sales,Evergreen Fitness,Nitrile Gloves Box,GLO-100,Safety Supplies,12,15.75,189,0.00%,$0.00 ,$189.00 ,$86.40 ,,-12,($86.40),189,$0.00 ,Invoice,Overdue,,3/12/2025,,sales_export_2025_02.csv
TXN-000017,4/28/2025,sales,Union Square Hotel,Mop Handle,MOP-200,Janitorial Equipment,3,24,72,0.00%,$0.00 ,USD 72.00,34.5,,-3,-34.5,$72.00 ,$0.00 ,Invoice,Overdue,,28-May-25,Rush delivery,sales_export_2025_04.csv
TXN-000424,5/10/2025,sales,Oak & Olive Bistro,Trash Bags 55 Gal,BAG-100,Waste Supplies,5,27.55,137.75,0,0,USD 137.75,77,,-5,($77.00),0,$0.00 ,Visa,Paid,,5/10/2025,Rush delivery,sales_export_2025_05.csv
TXN-002038,10/4/2024,ar receipt,Ironwood Builders,Glass Cleaner,,Accounts Receivable,,,,,,,,,0,USD 0.00,USD -14.46,0,Wire,Paid,,,Payment applied to customer invoice,ar_receipts_export.csv
TXN-000593,12/3/2025,SALE,Pinecrest Academy,Hand Sanitizer 1 Gal,SAN-100,Washroom Supplies,10,20.9,$209.00 ,0.05,$10.45 ,198.55,$106.00 ,,-10,-106,$198.55 ,$0.00 ,ACH,Open,,1/2/2026,monthly replenishment,sales_export_2025_12.csv
TXN-001356,6/14/2025,Sale,Golden Hour Events,Nitrile Gloves Box,GLO-100,Safety Supplies,1,$15.00 ,15,0%,USD 0.00,15,$7.20 ,,-1,-7.2,USD 15.00,0,Invoice,Open,,7/14/2025,repeat customer,sales_export_2025_06.csv
TXN-000729,8/14/2025,SALE,Summit Childcare,Toilet Tissue Case,PPR-200,Paper Products,2,$41.80 ,83.6,0%,0,$83.60 ,51.6,,-2,($51.60),$0.00 ,0,Visa,Paid,,8/14/2025,repeat customer,sales_export_2025_08.csv
TXN-000878,4/18/2024,sales,Valley Fresh Grocers,Soap Dispenser,DSP-100,Washroom Supplies,3,33.6,$100.80 ,0,0,$100.80 ,50.4,,-3,-50.4,100.8,$0.00 ,Net 30,Open,,5/18/2024,web order,sales_export_2024_04.csv
TXN-000565,10/20/2025,Sale,Keystone Auto Repair,All-Purpose Cleaner,CLN-100,Cleaning Supplies,4,$8.50 ,$34.00 ,0.00%,0,34,$12.40 ,,-4,-12.4,USD 34.00,$0.00 ,Net 30,Open,,11/19/2025,web order,sales_export_2025_10.csv
TXN-001556,4/19/2025,sales,Acme Property Group,Trash Bags 55 Gal,BAG-100,Waste Supplies,4,$29.00 ,$116.00 ,10.00%,$11.60 ,104.4,$61.60 ,,-4,-61.6,0,0,Mastercard,Paid,,4/19/2025,,sales_export_2025_04.csv
TXN-000916,12/30/2025,SALE,Zenith Logistics,Soap Dispenser,DSP-100,Washroom Supplies,4,$32.00 ,128,0%,$0.00 ,128,67.2,,-4,-67.2,$128.00 ,$0.00 ,Net 30,Open,,1/29/2026,Rush delivery,sales_export_2025_12.csv
TXN-000086,4/21/2024,sales, Westfield Theater ,Soap Dispenser,DSP-100,Washroom Supplies,3,33.6,100.8,0%,$0.00 ,100.8,$50.40 ,,-3,-50.4,$0.00 ,0,Check,Paid,,4/21/2024,,sales_export_2024_04.csv
TXN-001940,5/22/2025,EXPENSE,,,,Payroll,,,,,,,,"$1,255.55 ",0,0,0,0,Check,Paid,Staff Payroll,,approved by owner,expenses_May_2025.csv
TXN-001086,12/28/2024,sales,Northstar Consulting,SOAP DISPENSER,DSP-100,Washroom Supplies,6,30.4,182.4,10.00%,18.24,$164.16 ,100.8,,-6,-100.8,$164.16 ,0,ACH,Open,,1/27/2025,monthly replenishment,sales_export_2024_12.csv
TXN-000855,1/28/2025,Sale,Evergreen Fitness,All-Purpose Cleaner,CLN-100,Cleaning Supplies,1,8.5,8.5,0%,0,8.5,3.1,,-1,USD -3.10,$0.00 ,0,Visa,Paid,,1/28/2025,Rush delivery,sales_export_2025_01.csv
TXN-001939,12/4/2024,EXPENSE,,,,Office Supplies,,,,,,,,86.55,0,$0.00 ,$0.00 ,$0.00 ,Visa,Paid,Office Depot,,approved by owner,expenses_Dec_2024.csv
TXN-001420,1/9/2024,SALE,Harborview Clinic,Hand Sanitizer 1 Gal,SAN-100,Washroom Supplies,3,$22.00 ,$66.00 ,0.00%,USD 0.00,66,$31.80 ,,-3,($31.80),$66.00 ,0,Net 30,Open,,2/8/2024,,sales_export_2024_01.csv
TXN-000412,5/6/2024,SALE,Tidal Wave Media,Hand Sanitizer 1 Gal,SAN-100,Washroom Supplies,1,22,$22.00 ,0.05,1.1,USD 20.90,$10.60 ,,-1,($10.60),$0.00 ,USD 0.00,Check,Paid,,5/6/2024,Rush delivery,sales_export_2024_05.csv
TXN-001911,2/3/2024,Operating Expense,,,,Insurance,,,,,,,,$448.37 ,0,0,$0.00 ,$0.00 ,Visa,Paid,Crestline Insurance,,approved by owner,expenses_Feb_2024.csv
TXN-000509,19-Aug-25,SALE,westfield theater,Trash Bags 55 Gal,BAG-100,Waste Supplies,3,29,$87.00 ,0%,$0.00 ,USD 87.00,46.2,,-3,-46.2,0,0,Visa,Paid,,8/19/2025,Rush delivery,sales_export_2025_08.csv
TXN-001428,3/31/2024,Sale,Cedar & Stone Cafe,Nitrile Gloves Box,GLO-100,Safety Supplies,4,$15.00 ,USD 60.00,0.00%,0,60,$28.80 ,,-4,-28.8,0,USD 0.00,ACH,Paid,,31-Mar-24,Rush delivery,sales_export_2024_03.csv
TXN-000154,11/26/2024,sales,Oak & Olive Bistro,All-Purpose Cleaner,CLN-100,Cleaning Supplies,6,$8.93 ,53.58,5.00%,2.68,$50.90 ,18.6,,-6,-18.6,50.9,0,ACH,Open,,12/26/2024,,sales_export_2024_11.csv
TXN-000760,7/12/2025,Sale,Riverbend Brewery,Microfiber Mop Head,MOP-100,Janitorial Equipment,3,$18.00 ,54,0,0,54,26.7,,-3,-26.7,$0.00 ,$0.00 ,Cash,Paid,,7/12/2025,web order,sales_export_2025_07.csv
TXN-001032,7/10/2025,SALE,BrightPath Dental,Glass Cleaner,CLN-200,Cleaning Supplies,12,$7.25 ,$87.00 ,15%,$13.05 ,$73.95 ,30.6,,-12,-30.6,$0.00 ,0,Mastercard,Paid,,7/10/2025,,sales_export_2025_07.csv
TXN-000642,3/26/2024,Sale,Keystone Auto Repair,glass cleaner,CLN-200,Cleaning Supplies,6,7.61,45.66,0.05,USD 2.28,43.38,15.3,,-6,-15.3,43.38,$0.00 ,Net 30,Open,,4/25/2024,Rush delivery,sales_export_2024_03.csv
TXN-001140,7/30/2024,SALE,BrightPath Dental,Glass Cleaner,CLN-200,Cleaning Supplies,4,7.25,29,5.00%,$1.45 ,27.55,$10.20 ,,-4,-10.2,27.55,0,Net 30,Overdue,,29-Aug-24,repeat customer,sales_export_2024_07.csv
TXN-000911,1/21/2025,sales,NORTHSTAR CONSULTING,Microfiber Mop Head,MOP-100,Janitorial Equipment,2,17.1,$34.20 ,0.00%,$0.00 ,34.2,$17.80 ,,-2,-17.8,0,0,Cash,Paid,,21-Jan-25,repeat customer,sales_export_2025_01.csv
TXN-000945,1/28/2024,SALE,Riverbend Brewery,Paper Towel Case,PPR-100,Paper Products,1,38,38,0,0,USD 38.00,21.5,,-1,-21.5,0,$0.00 ,Visa,Paid,,1/28/2024,repeat customer,sales_export_2024_01.csv
TXN-001399,5/15/2025,Sale,Pinecrest Academy,Nitrile Gloves Box,GLO-100,Safety Supplies,1,$14.25 ,14.25,0,0,$14.25 ,7.2,,-1,($7.20),0,0,ACH,Paid,,5/15/2025,,sales_export_2025_05.csv
TXN-001922,12/28/2024,EXPENSE,,,,Utilities,,,,,,,,$387.26 ,0,0,0,$0.00 ,Check,Paid,BrightGrid Electric,,recurring monthly charge,expenses_Dec_2024.csv
TXN-001412,10/14/2025,Sale,Cedar and Stone Cafe,Soap Dispenser,DSP-100,Washroom Supplies,10,$32.00 ,320,0%,$0.00 ,320,168,,-10,($168.00),320,0,Invoice,Open,,11/13/2025,repeat customer,sales_export_2025_10.csv
TXN-001048,7/26/2025,SALE,Evergreen Fitness, Trash Bags 55 Gal ,BAG-100,Waste Supplies,4,$27.55 ,$110.20 ,0%,0,110.2,61.6,,-4,-61.6,0,USD 0.00,Mastercard,Paid,,7/26/2025,repeat customer,sales_export_2025_07.csv
TXN-001286,2/16/2024,Sale,maple street bakery,Soap Dispenser,DSP-100,Washroom Supplies,4,$30.40 ,121.6,0,$0.00 ,121.6,67.2,,-4,-67.2,USD 0.00,$0.00 ,Cash,Paid,,2/16/2024,web order,sales_export_2024_02.csv
TXN-000432,2/2/2024,Sale,Evergreen Fitness,Microfiber Mop Head,MOP-100,Janitorial Equipment,1,18.9,18.9,0%,0,18.9,$8.90 ,,-1,($8.90),18.9,USD 0.00,Invoice,Open,,3/3/2024,Rush delivery,sales_export_2024_02.csv
TXN-001541,11/7/2025,Sale,Golden Hour Events,Trash Bags 55 Gal,BAG-100,Waste Supplies,1,29,29,5%,$1.45 ,$27.55 ,$15.40 ,,-1,-15.4,$0.00 ,$0.00 ,Visa,Paid,,11/7/2025,Rush delivery,sales_export_2025_11.csv
TXN-000303,2/8/2025,SALE,Evergreen Fitness,Soap Dispenser,DSP-100,Washroom Supplies,2,32,$64.00 ,0%,$0.00 ,64,33.6,,-2,-33.6,$0.00 ,0,Mastercard,Paid,,2/8/2025,Rush delivery,sales_export_2025_02.csv
TXN-000621,8/23/2025,sales,Quantum IT Services,Glass Cleaner,CLN-200,Cleaning Supplies,1,$7.61 ,7.61,0%,0,7.61,2.55,,-1,-2.55,7.61,0,Net 30,Open,,9/22/2025,Rush delivery,sales_export_2025_08.csv
TXN-000311,3/23/2025,SALE,Oak & Olive Bistro,Mop Handle,MOP-200,Janitorial Equipment,2,$24.00 ,$48.00 ,0.00%,0,$48.00 ,23,,-2,($23.00),$48.00 ,0,Invoice,Open,,22-Apr-25,,sales_export_2025_03.csv
TXN-000569,8/28/2024,Sale,Zenith Logistics,Paper Towel Case,PPR-100,Paper Products,3,39.9,119.7,0%,0,119.7,64.5,,-3,-64.5,$0.00 ,0,Mastercard,Paid,,8/28/2024,Rush delivery,sales_export_2024_08.csv
TXN-001323,8/29/2025,SALE,Cedar & Stone Cafe,Soap Dispenser,DSP-100,Washroom Supplies,2,$32.00 ,64,0%,$0.00 ,64,33.6,,-2,($33.60),$64.00 ,0,ACH,Open,,9/28/2025,Rush delivery,sales_export_2025_08.csv
TXN-001176,3/13/2025,Sale,Yellow Finch Design,Glass Cleaner,CLN-200,Cleaning Supplies,1,7.25,7.25,10.00%,0.73,6.52,$2.55 ,,-1,-2.55,0,0,Check,Paid,,3/13/2025,web order,sales_export_2025_03.csv
TXN-000794,1/11/2024,sales,Keystone Auto Repair,Mop Handle,MOP-200,Janitorial Equipment,2,25.2,50.4,0.05,2.52,$47.88 ,23,,-2,USD -23.00,USD 0.00,0,Cash,Paid,,1/11/2024,monthly replenishment,sales_export_2024_01.csv
TXN-001208,3/11/2025,sales,Lakeside Vet Care,Microfiber Mop Head,MOP-100,Janitorial Equipment,6,$18.90 ,113.4,0,USD 0.00,113.4,53.4,,-6,-53.4,113.4,$0.00 ,Net 30,Open,,4/10/2025,repeat customer,sales_export_2025_03.csv
TXN-000771,10/14/2024,SALE,Dover Legal Partners,Mop Handle,MOP-200,Janitorial Equipment,1,24,24,0.00%,$0.00 ,24,11.5,,-1,-11.5,0,0,Cash,Paid,,10/14/2024,web order,sales_export_2024_10.csv
TXN-000288,8/30/2024,sales,Valley Fresh Grocers,Trash Bags 55 Gal,BAG-100,Waste Supplies,4,29,$116.00 ,0%,0,$116.00 ,61.6,,-4,($61.60),116,0,Net 30,Overdue,,9/29/2024,monthly replenishment,sales_export_2024_08.csv
TXN-001331,7/4/2024,Sale,Summit Childcare,Mop Handle,MOP-200,Janitorial Equipment,1,$25.20 ,25.2,0.00%,0,$25.20 ,USD 11.50,,-1,($11.50),USD 25.20,$0.00 ,Invoice,Open,,8/3/2024,web order,sales_export_2024_07.csv
TXN-001894,3/20/2024,EXPENSE,,,,Insurance,,,,,,,,510.73,0,$0.00 ,USD 0.00,$0.00 ,ACH,Paid,crestline insurance,,approved by owner,expenses_Mar_2024.csv
TXN-001453,3/12/2025,SALE,Quantum IT Services,HAND SANITIZER 1 GAL,SAN-100,Washroom Supplies,1,$23.10 ,23.1,0%,$0.00 ,$23.10 ,10.6,,-1,-10.6,0,$0.00 ,Check,Paid,,3/12/2025,web order,sales_export_2025_03.csv
TXN-001470,4/5/2024,Sale,Pinecrest Academy,Nitrile Gloves Box,GLO-100,Safety Supplies,4,15,60,0.00%,USD 0.00,60,28.8,,-4,($28.80),$0.00 ,0,Visa,Paid,,4/5/2024,monthly replenishment,sales_export_2024_04.csv
TXN-002098,12/31/2025,Vendor Payment,,,,Accounts Payable,,,,,,,,,0,$0.00 ,$0.00 ,-149.94,Wire,Paid,North Supply Co.,,Payment applied to vendor bill,ap_payment_register.csv
TXN-000993,5/11/2025,SALE,Quantum IT Services,Hand Sanitizer 1 Gal,SAN-100,Washroom Supplies,8,$22.00 ,$176.00 ,0.00%,$0.00 ,USD 176.00,84.8,,-8,($84.80),$176.00 ,0,Invoice,Open,,6/10/2025,web order,sales_export_2025_05.csv
TXN-001980,5/23/2024,Customer Payment,Dover Legal Partners,Toilet Tissue Case,,Accounts Receivable,,,,,,,,,0,$0.00 ,($176.00),0,Check,Paid,,,Payment applied to customer invoice,ar_receipts_export.csv
TXN-001649,10/14/2025,SALE,oak & olive bistro,All-Purpose Cleaner,CLN-100,Cleaning Supplies,1,USD 8.08,USD 8.08,0.00%,0,8.08,$3.10 ,,-1,-3.1,USD 8.08,$0.00 ,ACH,Open,,11/13/2025,Rush delivery,sales_export_2025_10.csv
TXN-001229,1/14/2025,Sale,Oak & Olive Bistro,Toilet Tissue Case,PPR-200,Paper Products,1,41.8,41.8,0%,$0.00 ,$41.80 ,$25.80 ,,-1,USD -25.80,41.8,0,ACH,Open,,13-Feb-25,,sales_export_2025_01.csv
TXN-001976,7/2/2024,Customer Payment,BrightPath Dental,Paper Towel Case,,Accounts Receivable,,,,,,,,,0,0,-72.2,0,ACH,Paid,,,Payment applied to customer invoice,ar_receipts_export.csv
TXN-000149,5/24/2025,sales,Keystone Auto Repair,Toilet Tissue Case,PPR-200,Paper Products,2,41.8,$83.60 ,0%,0,83.6,51.6,,-2,-51.6,$0.00 ,0,Mastercard,Paid,,5/24/2025,web order,sales_export_2025_05.csv
TXN-000986,12/1/2024,sales,Maple Street Bakery,Mop Handle,MOP-200,Janitorial Equipment,2,$24.00 ,48,0,0,48,$23.00 ,,-2,-23,0,$0.00 ,Visa,Paid,,12/1/2024,repeat customer,sales_export_2024_12.csv
TXN-000016,3/22/2024,SALE,Juniper Market,Soap Dispenser,DSP-100,Washroom Supplies,5,32,160,0%,$0.00 ,160,$84.00 ,,-5,USD -84.00,0,$0.00 ,Cash,Paid,,3/22/2024,web order,sales_export_2024_03.csv
TXN-000268,11/5/2024,sales,Ironwood Builders,Glass Cleaner,CLN-200,Cleaning Supplies,4,7.25,29,0%,$0.00 ,$29.00 ,USD 10.20,,-4,-10.2,0,0,Check,Paid,,11/5/2024,Rush delivery,sales_export_2024_11.csv
TXN-001573,12/13/2025,Sale,Northstar Consulting,Glass Cleaner,CLN-200,Cleaning Supplies,5,$6.89 ,$34.45 ,0.00%,0,$34.45 ,12.75,,-5,($12.75),$34.45 ,0,ACH,Open,,1/12/2026,repeat customer,sales_export_2025_12.csv
TXN-000890,1/28/2025,Sale,FALCON RIDGE REALTY,Hand Sanitizer 1 Gal,SAN-100,Washroom Supplies,12,$22.00 ,264,0.00%,$0.00 ,264,127.2,,-12,USD -127.20,264,$0.00 ,Net 30,Open,,27-Feb-25,repeat customer,sales_export_2025_01.csv
TXN-001570,8/20/2024,Sale,Northstar Consulting,All-Purpose Cleaner,CLN-100,Cleaning Supplies,10,8.5,85,0.05,$4.25 ,$80.75 ,$31.00 ,,-10,-31,80.75,$0.00 ,ACH,Overdue,,19-Sep-24,monthly replenishment,sales_export_2024_08.csv
TXN-001294,2/12/2025,SALE,Maple Street Bakery,Trash Bags 55 Gal,BAG-100,Waste Supplies,1,$27.55 ,USD 27.55,0.05,1.38,$26.17 ,USD 15.40,,-1,-15.4,26.17,0,Net 30,Overdue,,3/14/2025,web order,sales_export_2025_02.csv
TXN-000915,1/13/2025,sales,Westfield Theater,All-Purpose Cleaner,CLN-100,Cleaning Supplies,2,$8.93 ,USD 17.86,5.00%,0.89,$16.97 ,6.2,,-2,($6.20),0,0,Mastercard,Paid,,1/13/2025,repeat customer,sales_export_2025_01.csv
TXN-000725,7/25/2024,SALE,Evergreen Fitness,Glass Cleaner,CLN-200,Cleaning Supplies,1,$7.25 ,7.25,0%,$0.00 ,$7.25 ,2.55,,-1,($2.55),7.25,0,Invoice,Open,,8/24/2024,repeat customer,sales_export_2024_07.csv
TXN-000925,2/28/2025,sales,Summit Childcare,Microfiber Mop Head,MOP-100,Janitorial Equipment,4,$17.10 ,68.4,0,0,$68.40 ,35.6,,-4,($35.60),0,$0.00 ,Visa,Paid,,2/28/2025,web order,sales_export_2025_02.csv
TXN-000638,7/16/2025,sales,Northstar Consulting,Toilet Tissue Case,PPR-200,Paper Products,8,41.8,334.4,5.00%,16.72,317.68,USD 206.40,,-8,-206.4,$0.00 ,$0.00 ,ACH,Paid,,7/16/2025,repeat customer,sales_export_2025_07.csv
TXN-001481,3/17/2025,Sale,Valley Fresh Grocers,Soap Dispenser,DSP-100,Washroom Supplies,8,32,256,0%,0,256,134.4,,-8,-134.4,0,USD 0.00,Mastercard,Paid,,17-Mar-25,web order,sales_export_2025_03.csv
TXN-000582,9/18/2024,sales,Yellow Finch Design,Paper Towel Case,PPR-100,Paper Products,4,$39.90 ,$159.60 ,0%,$0.00 ,$159.60 ,86,,-4,($86.00),159.6,$0.00 ,ACH,Open,,10/18/2024,repeat customer,sales_export_2024_09.csv
TXN-001347,3/3/2024,Sale,Juniper Market,Soap Dispenser,DSP-100,Washroom Supplies,2,32,$64.00 ,0.05,USD 3.20,60.8,33.6,,-2,($33.60),0,0,ACH,Paid,,3/3/2024,web order,sales_export_2024_03.csv
TXN-000981,12/5/2024,Sale,Pinecrest Academy,Nitrile Gloves Box,GLO-100,Safety Supplies,4,15,USD 60.00,0.1,6,$54.00 ,28.8,,-4,($28.80),0,0,Visa,Paid,,12/5/2024,,sales_export_2024_12.csv
TXN-002008,4/3/2024,AR Receipt,Pinecrest Academy,Mop Handle,,Accounts Receivable,,,,,,,,,0,$0.00 ,-205.2,0,Wire,Paid,,,Payment applied to customer invoice,ar_receipts_export.csv
TXN-000741,10/27/2025,Sale,Northstar Consulting,Paper Towel Case,PPR-100,Paper Products,2,$38.00 ,$76.00 ,0.00%,0,76,$43.00 ,,-2,($43.00),USD 76.00,0,Invoice,Open,,11/26/2025,monthly replenishment,sales_export_2025_10.csv
TXN-000536,11/12/2024,Sale,Lakeside Vet Care,All-Purpose Cleaner,CLN-100,Cleaning Supplies,3,$8.08 ,$24.24 ,0%,0,$24.24 ,9.3,,-3,($9.30),$0.00 ,USD 0.00,Cash,Paid,,11/12/2024,monthly replenishment,sales_export_2024_11.csv
TXN-001697,10/28/2024,Inventory Purchase,,Toilet Tissue Case,PPR-200,Paper Products,72,24.77,,,,,,,72,"1,783.30",$0.00 ,"1,783.30",Net 30,Open,PaperPro Distributors,11/27/2024,stock replenishment,purchases_202410.csv
TXN-001895,7/18/2024,Operating Expense,,,,Payroll,,,,,,,,"$1,162.57 ",0,0,$0.00 ,0,Check,Paid,Staff Payroll,,,expenses_Jul_2024.csv
TXN-000599,10/20/2024,Sale,Tidal Wave Media,Soap Dispenser,DSP-100,Washroom Supplies,2,32,64,0,0,$64.00 ,33.6,,-2,-33.6,64,0,Net 30,Overdue,,11/19/2024,monthly replenishment,sales_export_2024_10.csv
TXN-001055,3/11/2024,Sale,Keystone Auto Repair,Paper Towel Case,PPR-100,Paper Products,2,$38.00 ,76,0.00%,USD 0.00,76,43,,-2,-43,$0.00 ,$0.00 ,ACH,Paid,,3/11/2024,web order,sales_export_2024_03.csv
TXN-000237,1/11/2024,Sale,Golden Hour Events,Trash Bags 55 Gal,BAG-100,Waste Supplies,2,$30.45 ,$60.90 ,0.00%,0,60.9,30.8,,-2,-30.8,$0.00 ,0,ACH,Paid,,1/11/2024,web order,sales_export_2024_01.csv
TXN-001535,5/24/2024,SALE,Valley Fresh Grocers,mop handle,MOP-200,Janitorial Equipment,6,24,$144.00 ,0%,0,144,USD 69.00,,-6,USD -69.00,144,0,Net 30,Open,,6/23/2024,monthly replenishment,sales_export_2024_05.csv
TXN-001110,10/24/2025,SALE,Westfield Theater,Hand Sanitizer 1 Gal,SAN-100,Washroom Supplies,2,22,44,0,$0.00 ,44,21.2,,-2,-21.2,0,0,ACH,Paid,,10/24/2025,repeat customer,sales_export_2025_10.csv
TXN-000813,20-Sep-25,Sale,Pinecrest Academy,Mop Handle,MOP-200,Janitorial Equipment,3,25.2,75.6,0.00%,USD 0.00,75.6,34.5,,-3,-34.5,0,$0.00 ,Check,Paid,,9/20/2025,,sales_export_2025_09.csv
TXN-000434,10/21/2024,Sale,Dover Legal Partners,Toilet Tissue Case,PPR-200,Paper Products,4,44,USD 176.00,0%,$0.00 ,176,103.2,,-4,-103.2,0,$0.00 ,Cash,Paid,,10/21/2024,,sales_export_2024_10.csv
TXN-002058,1/11/2025,Vendor Payment,,,,Accounts Payable,,,,,,,,,0,0,0,($297.60),Check,Paid,North Supply Co.,,Payment applied to vendor bill,ap_payment_register.csv
TXN-001355,1/11/2025,SALE,Summit Childcare,Toilet Tissue Case,,Paper Products,3,$44.00 ,132,0.05,6.6,$125.40 ,$77.40 ,,-3,-77.4,$125.40 ,$0.00 ,Net 30,Open,,2/10/2025,monthly replenishment,sales_export_2025_01.csv
TXN-001511,8/7/2025,Sale,Zenith Logistics,Microfiber Mop Head,MOP-100,Janitorial Equipment,4,18,72,0%,$0.00 ,72,35.6,,-4,($35.60),0,0,Cash,Paid,,8/7/2025,monthly replenishment,sales_export_2025_08.csv
TXN-002006,9/20/2025,ar receipt,Zenith Logistics,Toilet Tissue Case,,Accounts Receivable,,,,,,,,,0,0,-46.2,0,Check,Paid,,,Payment applied to customer invoice,ar_receipts_export.csv
TXN-001129,12/24/2024,sales,Maple Street Bakery,All-Purpose Cleaner,CLN-100,Cleaning Supplies,4,$8.93 ,35.72,0,0,USD 35.72,12.4,,-4,-12.4,35.72,0,Net 30,Overdue,,1/23/2025,Rush delivery,sales_export_2024_12.csv
TXN-001858,2/19/2025,expense,,,,Marketing,,,,,,,,509.2,0,0,0,0,Visa,Paid,Local Reach Media,,,expenses_Feb_2025.csv
TXN-001643,3/7/2025,SALE,Tidal Wave Media,Toilet Tissue Case,PPR-200,Paper Products,6,44,$264.00 ,0,$0.00 ,264,$154.80 ,,-6,-154.8,$0.00 ,$0.00 ,ACH,Paid,,7-Mar-25,web order,sales_export_2025_03.csv
TXN-001527,8/29/2025,sales,Quantum IT Services,Hand Sanitizer 1 Gal,SAN-100,Washroom Supplies,8,20.9,$167.20 ,0.00%,$0.00 ,$167.20 ,84.8,,-8,USD -84.80,167.2,$0.00 ,Invoice,Open,,9/28/2025,monthly replenishment,sales_export_2025_08.csv
TXN-000738,5/29/2024,SALE,Keystone Auto Repair,Soap Dispenser,DSP-100,Washroom Supplies,4,$33.60 ,$134.40 ,10.00%,13.44,120.96,67.2,,-4,-67.2,$0.00 ,0,Cash,Paid,,5/29/2024,Rush delivery,sales_export_2024_05.csv
TXN-001282,8-Nov-25,sales,Quantum IT Services,Paper Towels Case,PPR-100,Paper Products,10,38,$380.00 ,0%,0,$380.00 ,215,,-10,($215.00),0,0,ACH,Paid,,11/8/2025,monthly replenishment,sales_export_2025_11.csv
TXN-001352,12/2/2025,Sale,Harborview Clinic,Mop Handle,MOP-200,Janitorial Equipment,1,22.8,22.8,0.00%,$0.00 ,22.8,USD 11.50,,-1,-11.5,0,$0.00 ,Check,Paid,,12/2/2025,,sales_export_2025_12.csv
TXN-000028,4/23/2024,Sale,Ironwood Builders,Soap Dispenser,DSP-100,Washroom Supplies,5,33.6,168,0.05,$8.40 ,159.6,84,,-5,-84,159.6,$0.00 ,Invoice,Overdue,,5/23/2024,,sales_export_2024_04.csv
TXN-001471,2/18/2025,Sale,Juniper Market,Toilet Tissue Case,UNKNOWN,Paper Products,5,44,220,0%,0,$220.00 ,129,,-5,-129,0,$0.00 ,Visa,Paid,,2/18/2025,Rush delivery,sales_export_2025_02.csv
TXN-001634,2/11/2025,SALE,Lakeside Vet Care,All-Purpose Cleaner,CLN-100,Cleaning Supplies,2,8.08,$16.16 ,0.00%,$0.00 ,16.16,6.2,,-2,($6.20),$16.16 ,$0.00 ,Net 30,Open,,3/13/2025,repeat customer,sales_export_2025_02.csv
TXN-000009,8/31/2025,SALE,Acme Property Group,Nitrile Gloves Box,GLO-100,Safety Supplies,3,$14.25 ,$42.75 ,0.15,$6.41 ,$36.34 ,21.6,,-3,-21.6,0,0,Check,Paid,,8/31/2025,,sales_export_2025_08.csv
TXN-001722,2/14/2025,inventory purchase,,Nitrile Gloves Box,GLO-100,Safety Supplies,24,USD 7.20,,,,,,,24,172.8,0,$172.80 ,Net 30,Open,SafeHands Wholesale,3/16/2025,stock replenishment,purchases_202502.csv
TXN-000292,3/10/2024,sales,Lakeside Vet Care,Toilet Tissue Case,PPR-200,Paper Products,2,44,USD 88.00,5.00%,$4.40 ,83.6,$51.60 ,,-2,($51.60),0,0,ACH,Paid,,3/10/2024,,sales_export_2024_03.csv
TXN-000227,6/14/2025,sales,Evergreen Fitness,Nitrile Gloves Box,GLO-100,Safety Supplies,1,15,$15.00 ,5.00%,$0.75 ,$14.25 ,$7.20 ,,-1,-7.2,$14.25 ,$0.00 ,Net 30,Open,,7/14/2025,,sales_export_2025_06.csv
TXN-000049,9/12/2025,Sale, Cedar & Stone Cafe ,Mop Handle,MOP-200,Janitorial Equipment,2,24,$48.00 ,0.05,2.4,45.6,$23.00 ,,-2,-23,USD 45.60,$0.00 ,Invoice,Open,,10/12/2025,repeat customer,sales_export_2025_09.csv
TXN-000778,6/20/2024,SALE,Union Square Hotel,All-Purpose Cleaner,CLN-100,Cleaning Supplies,1,8.5,8.5,0%,0,$8.50 ,3.1,,-1,-3.1,$0.00 ,USD 0.00,Visa,Paid,,6/20/2024,repeat customer,sales_export_2024_06.csv
TXN-001043,4/11/2025,Sale,Zenith Logistics,ALL-PURPOSE CLEANER,CLN-100,Cleaning Supplies,6,8.08,USD 48.48,0.00%,0,$48.48 ,$18.60 ,,-6,($18.60),0,0,Check,Paid,,4/11/2025,monthly replenishment,sales_export_2025_04.csv
TXN-000858,4/13/2025,sales,Valley Fresh Grocers,Soap Dispenser,DSP-100,Washroom Supplies,2,$33.60 ,67.2,0%,0,$67.20 ,USD 33.60,,-2,-33.6,0,0,ACH,Paid,,13-Apr-25,monthly replenishment,sales_export_2025_04.csv
TXN-001280,2/12/2025,sales,evergreen fitness,Microfiber Mop Head,MOP-100,Janitorial Equipment,5,$18.00 ,$90.00 ,0%,0,90,$44.50 ,,-5,-44.5,0,0,Visa,Paid,,2/12/2025,,sales_export_2025_02.csv
TXN-001053,1/11/2024,SALE,Riverbend Brewery,Toilet Tissue Case,PPR-200,Paper Products,2,$46.20 ,$92.40 ,0.00%,0,$92.40 ,$51.60 ,,-2,-51.6,$0.00 ,0,Visa,Paid,,1/11/2024,web order,sales_export_2024_01.csv
TXN-001326,3/27/2024,SALE,Summit Childcare,Nitrile Gloves Box,GLO-100,Safety Supplies,3,15,45,0.00%,0,45,21.6,,-3,-21.6,0,$0.00 ,Check,Paid,,3/27/2024,monthly replenishment,sales_export_2024_03.csv
TXN-000134,3/11/2024,Sale,Cedar & Stone Cafe,Toilet Tissue Case,PPR-200,Paper Products,3,USD 46.20,138.6,10.00%,$13.86 ,124.74,77.4,,-3,-77.4,$0.00 ,$0.00 ,Visa,Paid,,3/11/2024,repeat customer,sales_export_2024_03.csv
TXN-000683,10/4/2024,Sale,Falcon Ridge Realty,Mop Handle,MOP-200,Janitorial Equipment,2,$22.80 ,$45.60 ,0.05,$2.28 ,USD 43.32,$23.00 ,,-2,($23.00),$0.00 ,0,Mastercard,Paid,,10/4/2024,Rush delivery,sales_export_2024_10.csv
TXN-001935,10/6/2024,Operating Expense,,,,Rent,,,,,,,,"3,021.81",0,0,$0.00 ,0,Visa,Paid,City Center Properties,,,expenses_Oct_2024.csv
TXN-001648,11/2/2025,SALE,Juniper Market,Glass Cleaner,CLN-200,Cleaning Supplies,3,7.61,22.83,0%,0,$22.83 ,7.65,,-3,-7.65,USD 0.00,0,Check,Paid,,11/2/2025,web order,sales_export_2025_11.csv
TXN-001937,15-Feb-24,Operating Expense,,,,Rent,,,,,,,,"3,067.46",0,$0.00 ,$0.00 ,$0.00 ,ACH,Paid,City Center Properties,,,expenses_Feb_2024.csv
TXN-000294,11/1/2024,sales,Ironwood Builders,Soap Dispenser,DSP-100,Washroom Supplies,3,32,96,5%,4.8,$91.20 ,$50.40 ,,-3,-50.4,91.2,0,Net 30,Open,,12/1/2024,,sales_export_2024_11.csv
TXN-000350,5/3/2024,Sale,Quantum IT Services,Toilet Tissue Case,PPR-200,Paper Products,1,44,44,0.00%,$0.00 ,$44.00 ,$25.80 ,,-1,-25.8,$0.00 ,$0.00 ,Cash,Paid,,5/3/2024,,sales_export_2024_05.csv
TXN-000559,2/25/2024,SALE,Falcon Ridge Realty,Microfiber Mop Head,MOP-100,Janitorial Equipment,2,17.1,34.2,15%,5.13,29.07,17.8,,-2,USD -17.80,$29.07 ,0,Invoice,Overdue,,3/26/2024,,sales_export_2024_02.csv
TXN-001240,1/22/2024,Sale,Keystone Auto Repair,Glass Cleaner,CLN-200,Cleaning Supplies,3,$7.25 ,USD 21.75,0,$0.00 ,21.75,7.65,,-3,-7.65,$0.00 ,0,Cash,Paid,,1/22/2024,monthly replenishment,sales_export_2024_01.csv
TXN-000643,5/6/2025,SALE,UNION SQUARE HOTEL,Soap Dispenser,DSP-100,Washroom Supplies,1,32,USD 32.00,0%,0,$32.00 ,16.8,,-1,-16.8,32,0,Net 30,Open,,6/5/2025,repeat customer,sales_export_2025_05.csv
TXN-002017,8/28/2025,Customer Payment,Yellow Finch Design,Trash Bags 55 Gal,,Accounts Receivable,,,,,,,,,0,0,-152.25,0,ACH,Paid,,,Payment applied to customer invoice,ar_receipts_export.csv
TXN-001876,12/26/2025,Operating Expense,,,,Rent,,,,,,,,"$3,265.56 ",0,0,$0.00 ,$0.00 ,Visa,Paid,City Center Properties,,recurring monthly charge,expenses_Dec_2025.csv
TXN-001544,8/4/2024,SALE,Quantum IT Services,Nitrile Gloves Box,GLO-100,Safety Supplies,2,$15.00 ,30,0,0,30,14.4,,-2,($14.40),$30.00 ,0,ACH,Open,,9/3/2024,repeat customer,sales_export_2024_08.csv
TXN-001337,3/10/2024,Sale,Juniper Market,Nitrile Gloves Box,GLO-100,Safety Supplies,1,14.25,14.25,5%,0.71,13.54,$7.20 ,,-1,($7.20),13.54,0,Invoice,Open,,4/9/2024,web order,sales_export_2024_03.csv
TXN-001167,11/27/2025,sales,Keystone Auto Repair,Trash Bags 55 Gal,BAG-100,Waste Supplies,1,29,29,0%,$0.00 ,29,15.4,,-1,($15.40),USD 0.00,0,ACH,Paid,,11/27/2025,monthly replenishment,sales_export_2025_11.csv
TXN-001169,3/28/2024,SALE,Lakeside Vet Care,Glass Cleaner,CLN-200,Cleaning Supplies,1,$7.61 ,7.61,0%,$0.00 ,7.61,2.55,,-1,($2.55),0,$0.00 ,Cash,Paid,,3/28/2024,Rush delivery,sales_export_2024_03.csv
TXN-001426,8/7/2025,Sale,Tidal Wave Media,Soap Dispenser,DSP-100,Washroom Supplies,4,33.6,USD 134.40,0.00%,$0.00 ,USD 134.40,67.2,,-4,-67.2,134.4,0,ACH,Overdue,,9/6/2025,Rush delivery,sales_export_2025_08.csv
TXN-000085,7/27/2024,Sale,Valley Fresh Grocers,Toilet Tissue Case,PPR-200,Paper Products,8,$44.00 ,$352.00 ,0%,0,352,USD 206.40,,-8,-206.4,0,$0.00 ,Check,Paid,,7/27/2024,web order,sales_export_2024_07.csv
TXN-001170,4/4/2024,sales,Cedar & Stone Cafe,Mop Handle,MOP-200,Janitorial Equipment,2,24,48,0%,0,48,23,,-2,($23.00),0,0,Visa,Paid,,4/4/2024,Rush delivery,sales_export_2024_04.csv
TXN-000335,6/5/2025,Sale,Keystone Auto Repair,Hand Sanitizer 1 Gal,SAN-100,Washroom Supplies,1,$23.10 ,23.1,0%,$0.00 ,23.1,USD 10.60,,-1,($10.60),0,$0.00 ,Visa,Paid,,6/5/2025,web order,sales_export_2025_06.csv
TXN-000356,5/7/2025,SALE,Quantum IT Services,Nitrile Gloves Box,GLO-100,Safety Supplies,5,15,$75.00 ,0,0,75,36,,-5,-36,75,0,Invoice,Open,,6/6/2025,,sales_export_2025_05.csv
TXN-001387,11/9/2024,sales,Riverbend Brewery, Nitrile Gloves Box ,GLO-100,Safety Supplies,2,15,$30.00 ,0.00%,0,$30.00 ,14.4,,-2,($14.40),0,0,Cash,Paid,,11/9/2024,,sales_export_2024_11.csv
TXN-001810,10/20/2024,PURCHASE,,Toilet Tissue Case,PPR-200,Paper Products,24,26.32,,,,,,,24,631.58,$0.00 ,631.58,Net 30,Open,PaperPro Distributors,11/19/2024,vendor shipment received,purchases_202410.csv
TXN-000462,9/29/2024,sales,Yellow Finch Design,Hand Sanitizer 1 Gal,SAN-100,Washroom Supplies,3,23.1,69.3,0.00%,$0.00 ,69.3,31.8,,-3,($31.80),$0.00 ,$0.00 ,Cash,Paid,,9/29/2024,Rush delivery,sales_export_2024_09.csv
TXN-000037,11/18/2024,SALE,Lakeside Vet Care,Microfiber Mop Head,MOP-100,Janitorial Equipment,2,18,36,0.15,5.4,$30.60 ,17.8,,-2,-17.8,0,$0.00 ,Cash,Paid,,11/18/2024,repeat customer,sales_export_2024_11.csv
TXN-001144,1/8/2024,SALE,Cedar & Stone Cafe,Toilet Tissue Case,PPR-200,Paper Products,12,44,528,0.00%,0,528,309.6,,-12,($309.60),$0.00 ,0,Mastercard,Paid,,1/8/2024,repeat customer,sales_export_2024_01.csv
TXN-001984,9/6/2025,ar receipt,Quantum IT Services,Microfiber Mop Head,,Accounts Receivable,,,,,,,,,0,$0.00 ,-30.78,0,ACH,Paid,,,Payment applied to customer invoice,ar_receipts_export.csv
TXN-000631,7/22/2024,SALE,Golden Hour Events,All-Purpose Cleaner,CLN-100,Cleaning Supplies,1,$8.08 ,8.08,0.00%,0,8.08,3.1,,-1,($3.10),USD 8.08,0,ACH,Open,,8/21/2024,repeat customer,sales_export_2024_07.csv
TXN-000255,5/9/2024,sales,Oak & Olive Bistro,Trash Bags 55 Gal,BAG-100,Waste Supplies,2,30.45,60.9,0.00%,$0.00 ,USD 60.90,30.8,,-2,($30.80),0,0,Cash,Paid,,5/9/2024,repeat customer,sales_export_2024_05.csv
TXN-001469,10/14/2025,SALE,Falcon Ridge Realty,Mop Handle,MOP-200,Janitorial Equipment,1,24,24,0%,$0.00 ,24,$11.50 ,,-1,($11.50),0,USD 0.00,Check,Paid,,10/14/2025,web order,sales_export_2025_10.csv
TXN-001565,9-Aug-24,Sale,Yellow Finch Design,Nitrile Gloves Box,GLO-100,Safety Supplies,2,15,30,0.00%,0,30,$14.40 ,,-2,-14.4,0,0,ACH,Paid,,9-Aug-24,,sales_export_2024_08.csv
TXN-000089,9/3/2025,SALE,Quantum IT Services,Paper Towel Case,PPR-100,Paper Products,1,39.9,39.9,0.00%,$0.00 ,$39.90 ,$21.50 ,,-1,-21.5,$0.00 ,0,ACH,Paid,,9/3/2025,,sales_export_2025_09.csv
TXN-000477,7/25/2025,sales,Pinecrest Academy,All-Purpose Cleaner,CLN-100,Cleaning Supplies,2,8.5,17,0,0,$17.00 ,$6.20 ,,-2,-6.2,$0.00 ,0,Mastercard,Paid,,7/25/2025,Rush delivery,sales_export_2025_07.csv
TXN-000524,5/9/2024,Sale,Union Square Hotel,Trash Bags 55 Gal,BAG-100,Waste Supplies,3,27.55,82.65,5.00%,4.13,$78.52 ,$46.20 ,,-3,-46.2,USD 78.52,0,Invoice,Open,,6/8/2024,,sales_export_2024_05.csv
TXN-000699,7/6/2025,Sale,UNION SQUARE HOTEL,Soap Dispenser,DSP-100,Washroom Supplies,4,32,$128.00 ,0,$0.00 ,$128.00 ,$67.20 ,,-4,($67.20),$128.00 ,0,Net 30,Open,,8/5/2025,monthly replenishment,sales_export_2025_07.csv
TXN-000790,11/16/2025,sales,Yellow Finch Design,Nitrile Gloves Box,GLO-100,Safety Supplies,10,14.25,142.5,5.00%,7.13,135.37,$72.00 ,,-10,USD -72.00,135.37,0,Net 30,Overdue,,12/16/2025,Rush delivery,sales_export_2025_11.csv
TXN-001062,5/10/2024,sales,Acme Property Group,All-Purpose Cleaner,CLN-100,Cleaning Supplies,4,$8.50 ,34,15%,5.1,28.9,12.4,,-4,-12.4,0,0,Mastercard,Paid,,5/10/2024,Rush delivery,sales_export_2024_05.csv
TXN-001106,2/11/2024,Sale,Summit Childcare,Mop Handle,MOP-200,Janitorial Equipment,2,$24.00 ,$48.00 ,0%,$0.00 ,$48.00 ,23,,-2,-23,48,0,Invoice,Open,,3/12/2024,monthly replenishment,sales_export_2024_02.csv
TXN-000264,2/2/2024,SALE,Acme Property Group,Paper Towel Case,PPR-100,Paper Products,2,$38.00 ,76,0,0,USD 76.00,43,,-2,-43,76,0,Net 30,Open,,3/3/2024,monthly replenishment,sales_export_2024_02.csv
TXN-002013,31-Jul-25,AR Receipt,Harborview Clinic,Paper Towel Case,,Accounts Receivable,,,,,,,,,0,$0.00 ,($228.00),0,ACH,Paid,,,Payment applied to customer invoice,ar_receipts_export.csv
TXN-001001,8/2/2024,SALE,Zenith Logistics,Glass Cleaner,CLN-200,Cleaning Supplies,3,$7.25 ,21.75,5%,1.09,20.66,USD 7.65,,-3,($7.65),$0.00 ,0,ACH,Paid,,8/2/2024,monthly replenishment,sales_export_2024_08.csv
TXN-001964,7/10/2024,ar receipt,Quantum IT Services,Toilet Tissue Case,,Accounts Receivable,,,,,,,,,0,$0.00 ,-41.8,0,ACH,Paid,,,Payment applied to customer invoice,ar_receipts_export.csv
TXN-002059,12/9/2025,AP Payment,,,,Accounts Payable,,,,,,,,,0,$0.00 ,0,($62.42),ACH,Paid,North Supply Co.,,Payment applied to vendor bill,ap_payment_register.csv
TXN-000673,11/10/2024,sales,Falcon Ridge Realty,All-Purpose Cleaner,CLN-100,Cleaning Supplies,10,$8.50 ,USD 85.00,15.00%,12.75,$72.25 ,31,,-10,($31.00),72.25,0,Invoice,Open,,12/10/2024,monthly replenishment,sales_export_2024_11.csv
TXN-001756,1/23/2025,inventory purchase,,Mop Handle,MOP-200,Janitorial Equipment,48,11.27,,,,,,,48,$540.96 ,0,0,ACH,Paid,FACILITY GEAR INC,2/22/2025,vendor shipment received,purchases_202501.csv
TXN-001569,4/4/2024,sales,Riverbend Brewery,Hand Sanitizer 1 Gal,SAN-100,Washroom Supplies,1,USD 22.00,$22.00 ,0.00%,$0.00 ,22,10.6,,-1,-10.6,$0.00 ,0,ACH,Paid,,4/4/2024,web order,sales_export_2024_04.csv
TXN-000879,5/25/2025,SALE,Acme Property Group,Soap Dispenser,DSP-100,Washroom Supplies,4,$32.00 ,128,10.00%,$12.80 ,115.2,67.2,,-4,($67.20),0,$0.00 ,Mastercard,Paid,,5/25/2025,repeat customer,sales_export_2025_05.csv
TXN-000942,7/2/2025,sales,Valley Fresh Grocers,Nitrile Gloves Box,GLO-100,Safety Supplies,5,14.25,71.25,0,0,71.25,36,,-5,-36,0,0,Visa,Paid,,7/2/2025,repeat customer,sales_export_2025_07.csv
TXN-001232,3/19/2024,Sale,Maple Street Bakery,Trash Bags 55 Gal,BAG-100,Waste Supplies,1,$27.55 ,27.55,0.00%,0,27.55,15.4,,-1,-15.4,27.55,USD 0.00,Invoice,Open,,4/18/2024,,sales_export_2024_03.csv
TXN-000242,12/11/2025,SALE,Keystone Auto Repair,All-Purpose Cleaner,CLN-100,Cleaning Supplies,6,8.93,53.58,0.05,USD 2.68,50.9,$18.60 ,,-6,-18.6,0,0,ACH,Paid,,12/11/2025,,sales_export_2025_12.csv
TXN-000178,3/18/2025,Sale,Cedar & Stone Cafe,All-Purpose Cleaner,CLN-100,Cleaning Supplies,8,8.5,$68.00 ,10.00%,$6.80 ,$61.20 ,24.8,,-8,($24.80),61.2,0,Net 30,Overdue,,4/17/2025,Rush delivery,sales_export_2025_03.csv
TXN-000464,5/13/2024,SALE,DOVER LEGAL PARTNERS,Toilet Tissue Case,PPR-200,Paper Products,1,44,$44.00 ,0%,0,44,25.8,,-1,-25.8,0,$0.00 ,ACH,Paid,,5/13/2024,,sales_export_2024_05.csv
TXN-001640,1/5/2024,sales,Keystone Auto Repair,Paper Towel Case,PPR-100,Paper Products,2,36.1,72.2,0,$0.00 ,$72.20 ,43,,-2,-43,$0.00 ,0,Mastercard,Paid,,1/5/2024,repeat customer,sales_export_2024_01.csv
TXN-000679,8/19/2025,Sale,BrightPath Dental,Microfiber Mop Head,MOP-100,Janitorial Equipment,3,$18.00 ,54,0.05,USD 2.70,51.3,26.7,,-3,-26.7,$51.30 ,0,Net 30,Overdue,,9/18/2025,repeat customer,sales_export_2025_08.csv
TXN-001114,12/3/2024,SALE,Acme Property Group,Glass Cleaner,CLN-200,Cleaning Supplies,3,USD 7.61,22.83,15.00%,$3.42 ,$19.41 ,7.65,,-3,-7.65,0,0,Check,Paid,,12/3/2024,,sales_export_2024_12.csv
TXN-001087,5/9/2024,sales,Summit Childcare,Soap Dispenser,DSP-100,Washroom Supplies,4,$30.40 ,121.6,0%,0,USD 121.60,67.2,,-4,-67.2,0,0,ACH,Paid,,5/9/2024,Rush delivery,sales_export_2024_05.csv
TXN-000929,1/22/2025,SALE,Yellow Finch Design,All-Purpose Cleaner,CLN-100,Cleaning Supplies,6,$8.08 ,$48.48 ,0%,$0.00 ,48.48,18.6,,-6,-18.6,$0.00 ,0,Check,Paid,,1/22/2025,,sales_export_2025_01.csv
TXN-001682,6/20/2024,inventory purchase,,Microfiber Mop Head,MOP-100,Janitorial Equipment,96,8.72,,,,,,,96,837.31,0,837.31,Net 30,Overdue,Facility Gear Inc,7/20/2024,vendor shipment received,purchases_202406.csv
TXN-002113,5/11/2024,ap payment,,,,Accounts Payable,,,,,,,,,0,$0.00 ,0,-354.82,Check,Paid,Metro Packaging LLC,,Payment applied to vendor bill,ap_payment_register.csv
TXN-001762,3/8/2024,Inventory Purchase,,Nitrile Gloves Box,GLO-100,Safety Supplies,72,7.34,,,,,,,72,$528.77 ,0,$528.77 ,Net 30,Open,SafeHands Wholesale,4/7/2024,stock replenishment,purchases_202403.csv
TXN-001201,6-May-24,SALE,Oak & Olive Bistro,Microfiber Mop Head,MOP-100,Janitorial Equipment,1,17.1,$17.10 ,0.00%,0,$17.10 ,8.9,,-1,-8.9,0,$0.00 ,Visa,Paid,,5/6/2024,Rush delivery,sales_export_2024_05.csv
TXN-001273,10/29/2024,SALE,Keystone Auto Repair,Glass Cleaner,CLN-200,Cleaning Supplies,1,7.61,$7.61 ,10.00%,0.76,6.85,2.55,,-1,-2.55,$6.85 ,0,Invoice,Open,,11/28/2024,monthly replenishment,sales_export_2024_10.csv
TXN-000313,6/15/2025,SALE,Pinecrest Academy,Toilet Tissue Case,PPR-200,Paper Products,1,44,$44.00 ,15%,6.6,$37.40 ,25.8,,-1,($25.80),37.4,$0.00 ,Net 30,Open,,7/15/2025,,sales_export_2025_06.csv
TXN-001656,4/5/2024,inventory purchase,,Hand Sanitizer 1 Gal,SAN-100,Washroom Supplies,72,$10.60 ,,,,,,,72,$763.20 ,0,763.2,Net 30,Open,Hygiene Solutions,5/5/2024,stock replenishment,purchases_202404.csv
TXN-000097,8/11/2024,Sale,Golden Hour Events,Hand Sanitizer 1 Gal,SAN-100,Washroom Supplies,3,22,$66.00 ,0.00%,0,66,$31.80 ,,-3,-31.8,$66.00 ,0,Invoice,Overdue,,9/10/2024,,sales_export_2024_08.csv
TXN-001230,9/14/2024,Sale,Keystone Auto Repair,Hand Sanitizer 1 Gal,SAN-100,Washroom Supplies,3,23.1,$69.30 ,0.00%,$0.00 ,69.3,31.8,,-3,-31.8,$0.00 ,0,Visa,Paid,,9/14/2024,,sales_export_2024_09.csv
TXN-000099,12/7/2025,SALE,Harborview Clinic,Glass Cleaner,CLN-200,Cleaning Supplies,8,$7.61 ,$60.88 ,10%,USD 6.09,54.79,20.4,,-8,-20.4,0,0,Visa,Paid,,12/7/2025,Rush delivery,sales_export_2025_12.csv
TXN-000042,5/15/2024,SALE,Dover Legal Partners,nitrile gloves box,GLO-100,Safety Supplies,1,15,$15.00 ,0.00%,0,$15.00 ,7.2,,-1,-7.2,USD 15.00,0,Net 30,Overdue,,6/14/2024,monthly replenishment,sales_export_2024_05.csv
TXN-000455,11/11/2025,SALE,Cedar & Stone Cafe, Glass Cleaner ,CLN-200,Cleaning Supplies,4,7.25,29,0.05,USD 1.45,27.55,10.2,,-4,-10.2,$0.00 ,0,ACH,Paid,,11/11/2025,Rush delivery,sales_export_2025_11.csv
TXN-001329,8/2/2025,Sale,Westfield Theater,Hand Sanitizer 1 Gal,SAN-100,Washroom Supplies,3,22,66,5%,$3.30 ,USD 62.70,31.8,,-3,($31.80),USD 0.00,0,Check,Paid,,8/2/2025,repeat customer,sales_export_2025_08.csv
TXN-000121,9/21/2024,SALE,Oak & Olive Bistro, Paper Towel Case ,PPR-100,Paper Products,8,38,$304.00 ,0,0,304,$172.00 ,,-8,($172.00),0,0,Cash,Paid,,9/21/2024,,sales_export_2024_09.csv
TXN-000835,3/9/2024,sales,Maple Street Bakery,Hand Sanitizer 1 Gal,SAN-100,Washroom Supplies,6,22,132,0.00%,0,$132.00 ,63.6,,-6,($63.60),132,0,ACH,Open,,4/8/2024,Rush delivery,sales_export_2024_03.csv
TXN-001437,6/19/2025,sales,Golden Hour Events,Glass Cleaner,CLN-200,Cleaning Supplies,1,7.25,$7.25 ,0.00%,$0.00 ,$7.25 ,2.55,,-1,($2.55),7.25,$0.00 ,Invoice,Open,,7/19/2025,web order,sales_export_2025_06.csv
TXN-001385,7/7/2024,Sale,Cedar & Stone Cafe, Nitrile Gloves Box ,GLO-100,Safety Supplies,5,15,75,0,0,$75.00 ,$36.00 ,,-5,-36,$0.00 ,$0.00 ,Cash,Paid,,7/7/2024,Rush delivery,sales_export_2024_07.csv
TXN-000301,28-Jun-24,sales,Dover Legal Partners,Nitrile Gloves Box,GLO-100,Safety Supplies,1,15,USD 15.00,5.00%,$0.75 ,14.25,USD 7.20,,-1,($7.20),14.25,USD 0.00,Invoice,Open,,7/28/2024,,sales_export_2024_06.csv
TXN-001776,4/14/2025,inventory purchase,,Microfiber Mop Head,MOP-100,Janitorial Equipment,36,$8.54 ,,,,,,,36,307.58,0,$307.58 ,Net 30,Open,Facility Gear Inc,5/14/2025,vendor shipment received,purchases_202504.csv
TXN-000824,11/24/2025,SALE, Westfield Theater ,Toilet Tissue Case,PPR-200,Paper Products,4,$44.00 ,176,5%,8.8,$167.20 ,$103.20 ,,-4,-103.2,167.2,0,Invoice,Open,,12/24/2025,Rush delivery,sales_export_2025_11.csv
TXN-000690,16-Jun-25,SALE, Lakeside Vet Care ,Soap Dispenser,DSP-100,Washroom Supplies,5,USD 32.00,$160.00 ,10.00%,16,144,84,,-5,-84,$0.00 ,0,ACH,Paid,,6/16/2025,repeat customer,sales_export_2025_06.csv
TXN-001602,9/30/2025,sales,Westfield Theater,Paper Towel Case,PPR-100,Paper Products,3,38,114,0.00%,$0.00 ,114,$64.50 ,,-3,-64.5,USD 114.00,0,Invoice,Open,,30-Oct-25,repeat customer,sales_export_2025_09.csv
TXN-000254,10/6/2024,sales,Valley Fresh Grocers,Paper Towel Case,PPR-100,Paper Products,4,USD 36.10,144.4,5%,7.22,137.18,86,,-4,USD -86.00,$0.00 ,USD 0.00,Cash,Paid,,6-Oct-24,monthly replenishment,sales_export_2024_10.csv
TXN-000309,7/10/2024,SALE,Golden Hour Events,Hand Sanitizer 1 Gal,SAN-100,Washroom Supplies,4,20.9,83.6,0%,0,83.6,42.4,,-4,-42.4,83.6,0,Invoice,Overdue,,8/9/2024,web order,sales_export_2024_07.csv
TXN-001076,1/13/2024,sales,Harborview Clinic,Hand Sanitizer 1 Gal,SAN-100,Washroom Supplies,5,23.1,$115.50 ,0.00%,0,$115.50 ,53,,-5,-53,$0.00 ,USD 0.00,ACH,Paid,,13-Jan-24,repeat customer,sales_export_2024_01.csv
TXN-000982,9/30/2024,Sale,Riverbend Brewery,Mop Handle,MOP-200,Janitorial Equipment,3,$25.20 ,75.6,0.05,3.78,71.82,$34.50 ,,-3,($34.50),$0.00 ,$0.00 ,Visa,Paid,,9/30/2024,repeat customer,sales_export_2024_09.csv
TXN-001764,5/28/2024,Inventory Purchase,,Microfiber Mop Head,MOP-100,Janitorial Equipment,96,8.54,,,,,,,96,820.22,0,820.22,Net 30,Open,Facility Gear Inc,6/27/2024,stock replenishment,purchases_202405.csv
TXN-000174,5/29/2025,SALE,Riverbend Brewery,Microfiber Mop Head,MOP-100,Janitorial Equipment,3,$18.00 ,54,0%,0,54,$26.70 ,,-3,-26.7,$54.00 ,$0.00 ,ACH,Overdue,,6/28/2025,monthly replenishment,sales_export_2025_05.csv
TXN-001226,3/16/2024,sales,Union Square Hotel,Paper Towel Case,PPR-100,Paper Products,3,$38.00 ,114,0.1,11.4,$102.60 ,USD 64.50,,-3,($64.50),$0.00 ,0,ACH,Paid,,3/16/2024,repeat customer,sales_export_2024_03.csv
TXN-000082,4/26/2025,SALE,Harborview Clinic,Paper Towel Case,PPR-100,Paper Products,10,$38.00 ,$380.00 ,0.1,$38.00 ,342,215,,-10,-215,USD 342.00,$0.00 ,Invoice,Open,,5/26/2025,monthly replenishment,sales_export_2025_04.csv
TXN-001207,10/19/2024,sales,Pinecrest Academy,toilet tissue case,PPR-200,Paper Products,10,44,$440.00 ,10.00%,44,$396.00 ,USD 258.00,,-10,($258.00),0,0,Visa,Paid,,10/19/2024,,sales_export_2024_10.csv
TXN-000278,3/30/2025,sales,Summit Childcare,Paper Towel Case,PPR-100,Paper Products,1,$39.90 ,39.9,0%,$0.00 ,39.9,21.5,,-1,-21.5,0,$0.00 ,Cash,Paid,,3/30/2025,repeat customer,sales_export_2025_03.csv
TXN-000343,5/23/2025,SALE,Westfield Theater,Microfiber Mop Head,MOP-100,Janitorial Equipment,4,18.9,75.6,0%,0,USD 75.60,35.6,,-4,USD -35.60,$75.60 ,0,Invoice,Open,,6/22/2025,,sales_export_2025_05.csv
TXN-000626,11/30/2024,SALE,Keystone Auto Repair,Nitrile Gloves Box,GLO-100,Safety Supplies,4,$15.00 ,60,10.00%,6,$54.00 ,USD 28.80,,-4,($28.80),54,0,ACH,Overdue,,30-Dec-24,repeat customer,sales_export_2024_11.csv
TXN-001843,1/13/2024,expense,,,,Utilities,,,,,,,,436.57,0,$0.00 ,0,0,ACH,Paid,brightgrid electric,,,expenses_Jan_2024.csv
TXN-000403,2/20/2024,Sale,Union Square Hotel,Microfiber Mop Head,MOP-100,Janitorial Equipment,5,$18.90 ,$94.50 ,0,0,$94.50 ,USD 44.50,,-5,($44.50),USD 0.00,0,Mastercard,Paid,,2/20/2024,Rush delivery,sales_export_2024_02.csv
TXN-001198,8/19/2024,Sale,Acme Property Group,Mop Handle,MOP-200,Janitorial Equipment,12,22.8,273.6,10.00%,27.36,246.24,$138.00 ,,-12,-138,0,USD 0.00,Mastercard,Paid,,8/19/2024,monthly replenishment,sales_export_2024_08.csv
TXN-002093,7/13/2024,ap payment,,,,Accounts Payable,,,,,,,,,0,0,$0.00 ,-663.55,ACH,Paid,SafeHands Wholesale,,Payment applied to vendor bill,ap_payment_register.csv
TXN-001115,7/9/2024,Sale,Maple Street Bakery,Toilet Tissue Case,PPR-200,Paper Products,3,44,132,0.05,6.6,$125.40 ,$77.40 ,,-3,USD -77.40,$125.40 ,0,Invoice,Open,,8/8/2024,repeat customer,sales_export_2024_07.csv
TXN-000906,12/28/2024,SALE,Falcon Ridge Realty,Trash Bags 55 Gal,BAG-100,Waste Supplies,6,29,174,5.00%,USD 8.70,$165.30 ,92.4,,-6,-92.4,$0.00 ,0,Cash,Paid,,12/28/2024,repeat customer,sales_export_2024_12.csv
TXN-000312,5/24/2024,sales,Evergreen Fitness,Soap Dispenser,DSP-100,Washroom Supplies,8,32,USD 256.00,0.1,$25.60 ,230.4,134.4,,-8,($134.40),$230.40 ,$0.00 ,ACH,Overdue,,23-Jun-24,Rush delivery,sales_export_2024_05.csv
TXN-001872,8/11/2024,EXPENSE,,,,Insurance,,,,,,,,$510.14 ,0,0,$0.00 ,0,Check,Paid,Crestline Insurance,,,expenses_Aug_2024.csv
TXN-001237,10/20/2024,sales,westfield theater,Glass Cleaner,CLN-200,Cleaning Supplies,3,$6.89 ,20.67,0.1,USD 2.07,18.6,USD 7.65,,-3,-7.65,0,0,Check,Paid,,10/20/2024,monthly replenishment,sales_export_2024_10.csv
TXN-001131,12/6/2024,SALE,dover legal partners,Paper Towel Case,PPR-100,Paper Products,3,38,$114.00 ,0%,0,114,$64.50 ,,-3,-64.5,USD 0.00,0,Mastercard,Paid,,12/6/2024,web order,sales_export_2024_12.csv
TXN-000182,1/17/2025,Sale,Evergreen Fitness,GLASS CLEANER,CLN-200,Cleaning Supplies,6,$7.25 ,43.5,0,$0.00 ,$43.50 ,15.3,,-6,-15.3,$0.00 ,$0.00 ,Mastercard,Paid,,1/17/2025,repeat customer,sales_export_2025_01.csv
TXN-000891,4/15/2025,Sale,Riverbend Brewery,Hand Sanitizer 1 Gal,SAN-100,Washroom Supplies,3,USD 23.10,69.3,0.00%,USD 0.00,USD 69.30,$31.80 ,,-3,($31.80),0,$0.00 ,Visa,Paid,,4/15/2025,repeat customer,sales_export_2025_04.csv
TXN-000184,12/29/2025,SALE,Lakeside Vet Care,Paper Towel Case,PPR-100,Paper Products,2,38,76,0,$0.00 ,76,43,,-2,($43.00),76,0,Invoice,Overdue,,1/28/2026,web order,sales_export_2025_12.csv
TXN-001434,11/9/2024,SALE,Northstar Consulting,Hand Sanitizer 1 Gal,SAN-100,Washroom Supplies,5,23.1,$115.50 ,0.15,17.33,98.17,53,,-5,-53,98.17,0,ACH,Overdue,,12/9/2024,web order,sales_export_2024_11.csv
TXN-000393,7/24/2024,Sale,Cedar & Stone Cafe,All-Purpose Cleaner,CLN-100,Cleaning Supplies,8,$8.08 ,64.64,5%,3.23,61.41,24.8,,-8,USD -24.80,61.41,0,Invoice,Open,,8/23/2024,repeat customer,sales_export_2024_07.csv
TXN-000329,4/7/2024,Sale,Westfield Theater,Hand Sanitizer 1 Gal,SAN-100,Washroom Supplies,4,20.9,$83.60 ,5.00%,$4.18 ,79.42,42.4,,-4,($42.40),79.42,$0.00 ,ACH,Open,,5/7/2024,monthly replenishment,sales_export_2024_04.csv
TXN-001870,12/27/2025,EXPENSE,,,,Insurance,,,,,,,,384.4,0,0,$0.00 ,0,Visa,Paid,Crestline Insurance,,,expenses_Dec_2025.csv
TXN-001804,11/5/2025,inventory purchase,,Mop Handle,MOP-200,Janitorial Equipment,120,11.04,,,,,,,120,"$1,324.80 ",$0.00 ,$0.00 ,ACH,Paid,Facility Gear Inc,12/5/2025,vendor shipment received,purchases_202511.csv
TXN-001301,5/4/2025,Sale,BrightPath Dental,MICROFIBER MOP HEAD,MOP-100,Janitorial Equipment,1,18.9,$18.90 ,5.00%,0.95,$17.95 ,USD 8.90,,-1,-8.9,USD 0.00,$0.00 ,ACH,Paid,,5/4/2025,web order,sales_export_2025_05.csv
TXN-001665,12/22/2024,inventory purchase,,All-Purpose Cleaner,CLN-100,Cleaning Supplies,96,3.1,,,,,,,96,$297.60 ,0,USD 297.60,Net 30,Open,North Supply Co.,1/21/2025,stock replenishment,purchases_202412.csv
TXN-001256,11/26/2024,SALE,Oak & Olive Bistro,Microfiber Mop Head,MOP-100,Janitorial Equipment,4,18,72,0%,0,72,35.6,,-4,-35.6,$0.00 ,0,Check,Paid,,11/26/2024,monthly replenishment,sales_export_2024_11.csv
TXN-001918,6/9/2025,EXPENSE,,,,Delivery Fuel,,,,,,,,$214.51 ,0,USD 0.00,0,0,Visa,Paid,Metro Fuel Stop,,recurring monthly charge,expenses_Jun_2025.csv
TXN-000871,21-Apr-25,SALE,Dover Legal Partners,Mop Handle,MOP-200,Janitorial Equipment,3,$24.00 ,72,10.00%,$7.20 ,64.8,34.5,,-3,-34.5,$0.00 ,0,ACH,Paid,,4/21/2025,repeat customer,sales_export_2025_04.csv
TXN-002106,3/16/2024,AP Payment,,,,Accounts Payable,,,,,,,,,0,USD 0.00,$0.00 ,USD -565.49,ACH,Paid,Metro Packaging LLC,,Payment applied to vendor bill,ap_payment_register.csv
TXN-001928,8/26/2024,expense,,,,Marketing,,,,,,,,407.71,0,0,0,0,Visa,Paid,Local Reach Media,,recurring monthly charge,expenses_Aug_2024.csv
TXN-000286,11/5/2025,SALE,Pinecrest Academy,Trash Bags 55 Gal,BAG-100,Waste Supplies,2,29,58,10.00%,$5.80 ,52.2,30.8,,-2,($30.80),0,$0.00 ,Check,Paid,,11/5/2025,,sales_export_2025_11.csv
TXN-000734,9/4/2025,sales,Riverbend Brewery,Toilet Tissue Case,PPR-200,Paper Products,5,USD 41.80,209,0,0,209,129,,-5,-129,209,$0.00 ,Net 30,Overdue,,10/4/2025,monthly replenishment,sales_export_2025_09.csv
TXN-001480,19-Jan-25,SALE,Yellow Finch Design,Toilet Tissue Case,PPR-200,Paper Products,4,44,176,0%,0,$176.00 ,$103.20 ,,-4,-103.2,176,0,Net 30,Open,,2/18/2025,web order,sales_export_2025_01.csv
TXN-001930,8/31/2025,EXPENSE,,,,Software,,,,,,,,167.16,0,0,$0.00 ,$0.00 ,Check,Paid,CloudSuite,,approved by owner,expenses_Aug_2025.csv
TXN-001393,9/12/2025,SALE,Falcon Ridge Realty,Paper Towel Case,PPR-100,Paper Products,1,38,38,15%,USD 5.70,USD 32.30,21.5,,-1,-21.5,0,0,ACH,Paid,,9/12/2025,,sales_export_2025_09.csv
TXN-001479,3/30/2025,sales,Dover Legal Partners,All-Purpose Cleaner,CLN-100,Cleaning Supplies,8,$8.08 ,USD 64.64,0.00%,0,64.64,$24.80 ,,-8,-24.8,USD 0.00,0,Cash,Pending-ish,,3/30/2025,monthly replenishment,sales_export_2025_03.csv
TXN-001576,1/30/2025,sales,Juniper Market,Mop Handle,MOP-200,Janitorial Equipment,2,25.2,50.4,0%,0,50.4,23,,-2,-23,$0.00 ,$0.00 ,Visa,Paid,,1/30/2025,repeat customer,sales_export_2025_01.csv
TXN-000718,2/11/2025,SALE,Juniper Market,Hand Sanitizer 1 Gal,SAN-100,Washroom Supplies,1,23.1,23.1,0.00%,0,23.1,10.6,,-1,($10.60),23.1,$0.00 ,ACH,Open,,3/13/2025,monthly replenishment,sales_export_2025_02.csv
TXN-000770,10/19/2025,SALE,Lakeside Vet Care,Nitrile Gloves Box,GLO-100,Safety Supplies,3,USD 14.25,42.75,0.00%,0,42.75,$21.60 ,,-3,($21.60),$0.00 ,0,Check,Paid,,10/19/2025,,sales_export_2025_10.csv
TXN-001261,3/14/2024,SALE,Riverbend Brewery,Glass Cleaner,CLN-200,Cleaning Supplies,2,7.61,$15.22 ,0.05,$0.76 ,14.46,5.1,,-2,-5.1,0,0,Cash,Paid,,3/14/2024,web order,sales_export_2024_03.csv
TXN-001130,6/1/2024,Sale,Cedar & Stone Cafe,Paper Towel Case,PPR-100,Paper Products,2,$38.00 ,76,0,0,76,43,,-2,-43,76,0,ACH,Overdue,,7/1/2024,repeat customer,sales_export_2024_06.csv
TXN-001563,4/28/2024,Sale,Summit Childcare,Glass Cleaner,CLN-200,Cleaning Supplies,3,7.25,21.75,5.00%,1.09,20.66,7.65,,-3,($7.65),0,$0.00 ,Check,Paid,,4/28/2024,,sales_export_2024_04.csv
TXN-001534,25-Feb-24,sales,Juniper Market,Toilet Tissue Case,PPR-200,Paper Products,6,44,264,0,$0.00 ,264,$154.80 ,,-6,-154.8,264,0,ACH,Open,,3/26/2024,,sales_export_2024_02.csv
TXN-000330,1/30/2025,sales,Evergreen Fitness,Hand Sanitizer 1 Gal,SAN-100,Washroom Supplies,10,23.1,$231.00 ,0.00%,0,231,106,,-10,($106.00),USD 0.00,0,ACH,Paid,,1/30/2025,monthly replenishment,sales_export_2025_01.csv
TXN-000708,8/27/2025,sales,Juniper Market,Soap Dispenser,DSP-100,Washroom Supplies,5,$33.60 ,$168.00 ,0.00%,0,168,84,,-5,-84,0,$0.00 ,Cash,Paid,,8/27/2025,repeat customer,sales_export_2025_08.csv
TXN-001375,12/29/2024,sales,dover legal partners,Toilet Tissue Case,PPR-200,Paper Products,2,$46.20 ,$92.40 ,0%,0,$92.40 ,$51.60 ,,-2,-51.6,USD 0.00,$0.00 ,Mastercard,Paid,,12/29/2024,Rush delivery,sales_export_2024_12.csv
TXN-001681,8/18/2025,Inventory Purchase,, Mop Handle ,MOP-200,Janitorial Equipment,72,$11.73 ,,,,,,,72,844.56,0,0,ACH,Paid,Facility Gear Inc,9/17/2025,vendor shipment received,purchases_202508.csv
TXN-001916,9/19/2025,expense,,,,Insurance,,,,,,,,364.98,0,0,0,0,Check,Paid,Crestline Insurance,,,expenses_Sep_2025.csv
TXN-000070,8/24/2024,SALE,Summit Childcare,Paper Towel Case,PPR-100,Paper Products,1,38,$38.00 ,0.1,$3.80 ,$34.20 ,21.5,,-1,($21.50),$34.20 ,0,ACH,Open,,9/23/2024,Rush delivery,sales_export_2024_08.csv
TXN-001097,9/28/2025,Sale,Summit Childcare,Microfiber Mop Head,MOP-100,Janitorial Equipment,4,17.1,68.4,0%,$0.00 ,68.4,35.6,,-4,-35.6,$68.40 ,0,Net 30,Open,,10/28/2025,Rush delivery,sales_export_2025_09.csv
TXN-001703,8/19/2025,PURCHASE,,Glass Cleaner,CLN-200,Cleaning Supplies,72,$2.60 ,,,,,,,72,187.27,0,187.27,Net 30,Open,North Supply Co.,9/18/2025,vendor shipment received,purchases_202508.csv
TXN-001254,7/28/2025,Sale,Westfield Theater,Paper Towel Case,PPR-100,Paper Products,8,36.1,288.8,0.00%,$0.00 ,$288.80 ,172,,-8,($172.00),0,0,Visa,Paid,,7/28/2025,Rush delivery,sales_export_2025_07.csv
TXN-000759,21-Feb-24,sales,Riverbend Brewery,Trash Bags 55 Gal,BAG-100,Waste Supplies,4,$27.55 ,USD 110.20,10.00%,$11.02 ,USD 99.18,61.6,,-4,($61.60),0,0,Check,Paid,,2/21/2024,repeat customer,sales_export_2024_02.csv
TXN-001704,21-Jun-25,PURCHASE,,Nitrile Gloves Box,GLO-100,Safety Supplies,60,USD 7.34,,,,,,,60,$440.64 ,0,0,ACH,Paid,SafeHands Wholesale,7/21/2025,stock replenishment,purchases_202506.csv
TXN-000102,8/28/2025,Sale,Valley Fresh Grocers,Nitrile Gloves Box,GLO-100,Safety Supplies,6,$15.00 ,$90.00 ,0.00%,$0.00 ,USD 90.00,43.2,,-6,-43.2,0,0,ACH,Paid,,8/28/2025,,sales_export_2025_08.csv
TXN-002035,11/16/2024,AR Receipt,Ironwood Builders,Soap Dispenser,,Accounts Receivable,,,,,,,,,0,0,-91.2,0,ACH,Paid,,,Payment applied to customer invoice,ar_receipts_export.csv
TXN-002078,12/9/2024,AP Payment,,,,Accounts Payable,,,,,,,,,0,0,0,"USD -1,783.30",Wire,Paid,PaperPro Distributors,,Payment applied to vendor bill,ap_payment_register.csv
TXN-000831,10/4/2025,sales,Keystone Auto Repair,All-Purpose Cleaner,CLN-100,Cleaning Supplies,1,$8.93 ,8.93,0.00%,0,$8.93 ,$3.10 ,,-1,-3.1,0,0,ACH,Paid,,10/4/2025,web order,sales_export_2025_10.csv
TXN-001227,12/30/2024,Sale,Evergreen Fitness,Toilet Tissue Case,PPR-200,Paper Products,4,46.2,184.8,0,0,184.8,$103.20 ,,-4,-103.2,0,$0.00 ,Visa,Paid,,12/30/2024,monthly replenishment,sales_export_2024_12.csv
TXN-000315,3/9/2025,sales,Pinecrest Academy,Hand Sanitizer 1 Gal,SAN-100,Washroom Supplies,2,$20.90 ,41.8,5%,2.09,$39.71 ,$21.20 ,,-2,-21.2,39.71,0,Invoice,Open,,4/8/2025,web order,sales_export_2025_03.csv
TXN-001866,11/1/2025,Operating Expense,,,,Marketing,,,,,,,,399.13,0,USD 0.00,$0.00 ,$0.00 ,Check,Paid,Local Reach Media,,,expenses_Nov_2025.csv
TXN-000953,10/29/2024,SALE,Summit Childcare,Glass Cleaner,CLN-200,Cleaning Supplies,3,$7.61 ,22.83,5%,1.14,$21.69 ,7.65,,-3,($7.65),$21.69 ,0,Invoice,Open,,11/28/2024,Rush delivery,sales_export_2024_10.csv
TXN-000205,7/17/2025,Sale,Golden Hour Events,Microfiber Mop Head,MOP-100,Janitorial Equipment,3,17.1,51.3,0.00%,0,$51.30 ,26.7,,-3,($26.70),0,0,ACH,Paid,,7/17/2025,monthly replenishment,sales_export_2025_07.csv
TXN-001862,6/3/2025,Operating Expense,,,,Software,,,,,,,,160.76,0,$0.00 ,0,0,ACH,Paid,CloudSuite,,recurring monthly charge,expenses_Jun_2025.csv
TXN-000609,5/20/2024,SALE,Juniper Market,Mop Handle,MOP-200,Janitorial Equipment,3,$24.00 ,72,0,$0.00 ,$72.00 ,$34.50 ,,-3,-34.5,USD 72.00,0,Invoice,Open,,6/19/2024,,sales_export_2024_05.csv
TXN-000452,2/17/2024,Sale,Tidal Wave Media,Glass Cleaner,CLN-200,Cleaning Supplies,2,7.25,USD 14.50,0.00%,$0.00 ,14.5,5.1,,-2,USD -5.10,$0.00 ,$0.00 ,ACH,Paid,,2/17/2024,repeat customer,sales_export_2024_02.csv
TXN-000271,12/21/2025,SALE,Westfield Theater,Mop Handle,MOP-200,Janitorial Equipment,3,$24.00 ,$72.00 ,0%,0,$72.00 ,34.5,,-3,USD -34.50,$72.00 ,$0.00 ,Net 30,Open,,1/20/2026,,sales_export_2025_12.csv
TXN-000503,6/16/2025,Sale,Tidal Wave Media,Paper Towel Case,PPR-100,Paper Products,6,39.9,239.4,0.15,$35.91 ,$203.49 ,$129.00 ,,-6,-129,203.49,0,Invoice,Overdue,,7/16/2025,web order,sales_export_2025_06.csv
TXN-001024,9/21/2024,sales,Cedar & Stone Cafe,All-Purpose Cleaner,CLN-100,Cleaning Supplies,10,USD 8.93,$89.30 ,0.00%,USD 0.00,89.3,31,,-10,($31.00),89.3,0,Net 30,Open,,21-Oct-24,monthly replenishment,sales_export_2024_09.csv
TXN-001271,3/25/2025,sales, Tidal Wave Media ,Toilet Tissue Case,PPR-200,Paper Products,5,USD 44.00,$220.00 ,0,USD 0.00,$220.00 ,USD 129.00,,-5,-129,220,USD 0.00,Net 30,Open,,4/24/2025,Rush delivery,sales_export_2025_03.csv
TXN-000511,7/6/2024,sales,Zenith Logistics,soap dispenser,DSP-100,Washroom Supplies,4,$32.00 ,USD 128.00,0,0,128,USD 67.20,,-4,-67.2,$128.00 ,0,Net 30,Overdue,,8/5/2024,web order,sales_export_2024_07.csv
TXN-001755,3/9/2025,inventory purchase,,All-Purpose Cleaner,CLN-100,Cleaning Supplies,24,2.98,,,,,,,24,71.42,0,0,ACH,Paid,North Supply Co.,4/8/2025,vendor shipment received,purchases_202503.csv
TXN-000486,11/28/2025,SALE,Falcon Ridge Realty,Glass Cleaner,CLN-200,Cleaning Supplies,6,7.61,45.66,0,0,45.66,$15.30 ,,-6,-15.3,0,USD 0.00,ACH,Paid,,11/28/2025,repeat customer,sales_export_2025_11.csv
TXN-000823,4/25/2025,Sale,Pinecrest Academy,Hand Sanitizer 1 Gal,SAN-100,Washroom Supplies,3,$20.90 ,62.7,15%,9.41,$53.29 ,$31.80 ,,-3,-31.8,0,0,Cash,Paid,,4/25/2025,Rush delivery,sales_export_2025_04.csv
TXN-000485,6/4/2024,sales,Summit Childcare,All-Purpose Cleaner,CLN-100,Cleaning Supplies,5,$8.50 ,$42.50 ,0.00%,0,42.5,15.5,,-5,-15.5,$0.00 ,USD 0.00,Visa,Paid,,6/4/2024,web order,sales_export_2024_06.csv
TXN-001706,9/13/2025,inventory purchase,,Microfiber Mop Head,MOP-100,Janitorial Equipment,48,8.72,,,,,,,48,$418.66 ,$0.00 ,0,ACH,Paid,Facility Gear Inc,10/13/2025,vendor shipment received,purchases_202509.csv
TXN-000808,4/29/2025,Sale,Lakeside Vet Care,Nitrile Gloves Box,GLO-100,Safety Supplies,6,15,$90.00 ,0.1,$9.00 ,USD 81.00,43.2,,-6,-43.2,81,0,Net 30,Overdue,,5/29/2025,web order,sales_export_2025_04.csv
TXN-000534,9/3/2024,sales,Evergreen Fitness,Glass Cleaner,CLN-200,Cleaning Supplies,5,$7.25 ,USD 36.25,0,0,36.25,12.75,,-5,-12.75,36.25,$0.00 ,Net 30,Open,,10/3/2024,monthly replenishment,sales_export_2024_09.csv
TXN-000910,3/12/2025,SALE,Riverbend Brewery,Nitrile Gloves Box,GLO-100,Safety Supplies,8,14.25,114,0.00%,$0.00 ,114,$57.60 ,,-8,-57.6,114,0,ACH,Open,,4/11/2025,Rush delivery,sales_export_2025_03.csv
TXN-001667,11/4/2025,PURCHASE,,Glass Cleaner,CLN-200,Cleaning Supplies,24,2.6,,,,,,,24,62.42,0,$62.42 ,Net 30,Open,North Supply Co.,12/4/2025,stock replenishment,purchases_202511.csv
TXN-000265,2/12/2025,sales,Yellow Finch Design,Mop Handle,MOP-200,Janitorial Equipment,6,$24.00 ,144,0,$0.00 ,144,69,,-6,-69,$0.00 ,0,Mastercard,Paid,,2/12/2025,,sales_export_2025_02.csv
TXN-001422,10/7/2025,Sale,Riverbend Brewery,Glass Cleaner,CLN-200,Cleaning Supplies,10,$7.25 ,$72.50 ,0%,0,$72.50 ,25.5,,-10,USD -25.50,$0.00 ,0,ACH,Paid,,10/7/2025,monthly replenishment,sales_export_2025_10.csv
TXN-001741,12/27/2024,PURCHASE,,paper towel case,PPR-100,Paper Products,36,21.07,,,,,,,36,758.52,0,758.52,Net 30,Open,PaperPro Distributors,1/26/2025,,purchases_202412.csv
TXN-000059,8/25/2025,sales,Dover Legal Partners,Mop Handle,MOP-200,Janitorial Equipment,10,24,240,0.00%,0,240,$115.00 ,,-10,-115,240,$0.00 ,Net 30,Open,,9/24/2025,Rush delivery,sales_export_2025_08.csv
TXN-001968,7/31/2024,ar receipt,Evergreen Fitness,Toilet Tissue Case,,Accounts Receivable,,,,,,,,,0,0,-88,0,ACH,Paid,,,Payment applied to customer invoice,ar_receipts_export.csv
TXN-000117,8/16/2025,Sale,Quantum IT Services,Microfiber Mop Head,MOP-100,Janitorial Equipment,2,17.1,34.2,10%,3.42,$30.78 ,$17.80 ,,-2,-17.8,$30.78 ,$0.00 ,ACH,Open,,9/15/2025,web order,sales_export_2025_08.csv
TXN-001797,3/25/2024,PURCHASE,,Hand Sanitizer 1 Gal,SAN-100,Washroom Supplies,48,10.39,,,,,,,48,USD 498.62,0,USD 0.00,ACH,Paid,Hygiene Solutions,4/24/2024,vendor shipment received,purchases_202403.csv
TXN-000717,10/6/2024,Sale,BrightPath Dental,Hand Sanitizer 1 Gal,SAN-100,Washroom Supplies,4,$23.10 ,92.4,0%,0,92.4,42.4,,-4,-42.4,$92.40 ,0,Invoice,Overdue,,11/5/2024,monthly replenishment,sales_export_2024_10.csv
TXN-001241,10/30/2025,Sale,BrightPath Dental,Toilet Tissue Case,PPR-200,Paper Products,3,41.8,125.4,5%,6.27,119.13,77.4,,-3,-77.4,0,0,ACH,Paid,,10/30/2025,repeat customer,sales_export_2025_10.csv
TXN-000618,6/17/2024,Sale,Falcon Ridge Realty,Mop Handle,MOP-200,Janitorial Equipment,1,22.8,$22.80 ,0,0,22.8,11.5,,-1,-11.5,0,USD 0.00,Mastercard,Paid,,6/17/2024,monthly replenishment,sales_export_2024_06.csv
TXN-000351,1/29/2025,sales,Keystone Auto Repair,All-Purpose Cleaner,CLN-100,Cleaning Supplies,2,USD 8.08,16.16,0.00%,0,16.16,6.2,,-2,-6.2,USD 0.00,0,Visa,Paid,,1/29/2025,monthly replenishment,sales_export_2025_01.csv
TXN-000316,4/26/2025,sales,Zenith Logistics,PAPER TOWEL CASE,PPR-100,Paper Products,1,$36.10 ,36.1,0%,USD 0.00,36.1,21.5,,-1,-21.5,$0.00 ,USD 0.00,Visa,Paid,,4/26/2025,repeat customer,sales_export_2025_04.csv
TXN-001841,4/28/2024,expense,,,,Rent,,,,,,,,"2,304.75",0,$0.00 ,$0.00 ,0,Check,Paid,City Center Properties,,recurring monthly charge,expenses_Apr_2024.csv
TXN-001031,11/2/2024,SALE,Zenith Logistics,All-Purpose Cleaner,CLN-100,Cleaning Supplies,2,$8.08 ,$16.16 ,0,USD 0.00,$16.16 ,6.2,,-2,-6.2,$0.00 ,USD 0.00,ACH,Paid,,11/2/2024,Rush delivery,sales_export_2024_11.csv
TXN-002007,12/31/2025,ar receipt,Cedar & Stone Cafe,Trash Bags 55 Gal,,Accounts Receivable,,,,,,,,,0,$0.00 ,-145,0,Check,Paid,,,Payment applied to customer invoice,ar_receipts_export.csv
TXN-000163,12/2/2025,SALE,Evergreen Fitness,Nitrile Gloves Box,GLO-100,Safety Supplies,1,$14.25 ,$14.25 ,0%,USD 0.00,14.25,7.2,,-1,-7.2,$0.00 ,$0.00 ,Check,Paid,,12/2/2025,monthly replenishment,sales_export_2025_12.csv
TXN-001716,6/4/2024,inventory purchase,,All-Purpose Cleaner,CLN-100,Cleaning Supplies,120,3.04,,,,,,,120,364.56,0,364.56,Net 30,Open,North Supply Co.,7/4/2024,stock replenishment,purchases_202406.csv
TXN-000977,2/12/2024,SALE,Valley Fresh Grocers,Soap Dispenser,DSP-100,Washroom Supplies,4,33.6,134.4,0%,0,$134.40 ,$67.20 ,,-4,-67.2,134.4,0,Invoice,Open,,3/13/2024,web order,sales_export_2024_02.csv
TXN-001986,1/22/2025,AR Receipt,Quantum IT Services,Soap Dispenser,,Accounts Receivable,,,,,,,,,0,$0.00 ,($28.88),USD 0.00,Wire,Paid,,,Payment applied to customer invoice,ar_receipts_export.csv
TXN-002055,4/24/2024,Vendor Payment,,,,Accounts Payable,,,,,,,,,0,0,0,"-1,221.12",Wire,Paid,Hygiene Solutions,,Payment applied to vendor bill,ap_payment_register.csv
TXN-000101,7/14/2024,Sale,Maple Street Bakery,All-Purpose Cleaner,CLN-100,Cleaning Supplies,4,$8.50 ,34,0,$0.00 ,34,12.4,,-4,($12.40),0,0,Cash,Paid,,7/14/2024,web order,sales_export_2024_07.csv
TXN-001699,11/23/2024,inventory purchase,,Mop Handle,MOP-200,Janitorial Equipment,60,11.5,,,,,,,60,$690.00 ,0,$0.00 ,ACH,Paid,Facility Gear Inc,12/23/2024,vendor shipment received,purchases_202411.csv
TXN-001266,11/19/2024,sales,Zenith Logistics,All-Purpose Cleaner,CLN-100,Cleaning Supplies,1,8.5,$8.50 ,0.00%,0,8.5,3.1,,-1,($3.10),USD 0.00,$0.00 ,Visa,Paid,,11/19/2024,repeat customer,sales_export_2024_11.csv
TXN-000970,5/14/2024,sales,lakeside vet care,Toilet Tissue Case,PPR-200,Paper Products,3,44,$132.00 ,0%,0,132,77.4,,-3,-77.4,$0.00 ,0,ACH,Paid,,5/14/2024,monthly replenishment,sales_export_2024_05.csv
TXN-001452,12/23/2024,Sale,Tidal Wave Media,Glass Cleaner,CLN-200,Cleaning Supplies,2,$7.25 ,$14.50 ,15.00%,2.18,12.32,USD 5.10,,-2,($5.10),$0.00 ,0,Cash,Paid,,12/23/2024,monthly replenishment,sales_export_2024_12.csv
TXN-000505,9/28/2024,Sale,Union Square Hotel,Soap Dispenser,DSP-100,Washroom Supplies,1,$30.40 ,$30.40 ,5.00%,$1.52 ,$28.88 ,16.8,,-1,-16.8,0,USD 0.00,Cash,Paid,,9/28/2024,repeat customer,sales_export_2024_09.csv
TXN-000851,9/27/2025,Sale,Acme Property Group,Hand Sanitizer 1 Gal,SAN-100,Washroom Supplies,12,23.1,$277.20 ,10%,$27.72 ,249.48,$127.20 ,,-12,($127.20),$0.00 ,$0.00 ,ACH,Paid,,9/27/2025,,sales_export_2025_09.csv
TXN-000835,3/9/2024,sales,Maple Street Bakery,Hand Sanitizer 1 Gal,SAN-100,Washroom Supplies,6,22,132,0.00%,0,$132.00 ,63.6,,-6,($63.60),132,0,ACH,Open,,4/8/2024,Rush delivery,sales_export_2024_03.csv
TXN-001063,3-Jul-25,sales,Acme Property Group,Nitrile Gloves Box,GLO-100,Safety Supplies,3,USD 15.75,47.25,0.1,$4.73 ,42.52,USD 21.60,,-3,USD -21.60,42.52,0,Invoice,Overdue,,8/2/2025,web order,sales_export_2025_07.csv
TXN-001460,1/7/2024,Sale,Quantum IT Services,All-Purpose Cleaner,CLN-100,Cleaning Supplies,1,8.5,$8.50 ,0.1,0.85,$7.65 ,$3.10 ,,-1,($3.10),$0.00 ,0,Visa,Paid,,1/7/2024,web order,sales_export_2024_01.csv
TXN-002068,6/1/2024,ap payment,,,,Accounts Payable,,,,,,,,,0,0,$0.00 ,-1548,Wire,Paid,PaperPro Distributors,,Payment applied to vendor bill,ap_payment_register.csv
TXN-000782,10/16/2025,SALE,Dover Legal Partners,Nitrile Gloves Box,GLO-100,Safety Supplies,2,$15.75 ,31.5,0%,0,31.5,USD 14.40,,-2,-14.4,$0.00 ,$0.00 ,Mastercard,Paid,,10/16/2025,repeat customer,sales_export_2025_10.csv
TXN-001546,11/18/2025,Sale,MAPLE STREET BAKERY,All-Purpose Cleaner,CLN-100,Cleaning Supplies,2,8.5,17,5%,$0.85 ,16.15,$6.20 ,,-2,USD -6.20,0,$0.00 ,Check,Paid,,11/18/2025,repeat customer,sales_export_2025_11.csv
TXN-000460,3/4/2024,SALE,Westfield Theater,Hand Sanitizer 1 Gal,SAN-100,Washroom Supplies,2,20.9,$41.80 ,0%,0,41.8,$21.20 ,,-2,USD -21.20,$0.00 ,$0.00 ,Mastercard,Paid,,3/4/2024,monthly replenishment,sales_export_2024_03.csv
TXN-000632,11/28/2024,sales,Maple Street Bakery,Trash Bags 55 Gal,BAG-100,Waste Supplies,2,30.45,$60.90 ,0.00%,0,60.9,30.8,,-2,($30.80),60.9,0,Net 30,Overdue,,12/28/2024,monthly replenishment,sales_export_2024_11.csv
TXN-001358,9/28/2025,Sale,Pinecrest Academy,All-Purpose Cleaner,CLN-100,Cleaning Supplies,8,8.5,$68.00 ,5%,3.4,64.6,$24.80 ,,-8,-24.8,$0.00 ,0,Check,Paid,,9/28/2025,web order,sales_export_2025_09.csv
TXN-000440,19-Mar-25,sales,Juniper Market,All-Purpose Cleaner,CLN-100,Cleaning Supplies,1,8.08,$8.08 ,0%,0,8.08,$3.10 ,,-1,-3.1,0,0,Check,Paid,,3/19/2025,monthly replenishment,sales_export_2025_03.csv
TXN-001562,11/11/2024,sales,Valley Fresh Grocers,Nitrile Gloves Box,GLO-100,Safety Supplies,12,15,180,5%,9,171,USD 86.40,,-12,-86.4,171,0,Net 30,Open,,12/11/2024,Rush delivery,sales_export_2024_11.csv
TXN-000875,1-Feb-25,SALE,Golden Hour Events,Soap Dispenser,DSP-100,Washroom Supplies,4,32,128,0%,$0.00 ,128,67.2,,-4,-67.2,$0.00 ,$0.00 ,Visa,Paid,,2/1/2025,monthly replenishment,sales_export_2025_02.csv
TXN-000996,2/26/2024,sales,Cedar & Stone Cafe,Toilet Tissue Case,PPR-200,Paper Products,3,$41.80 ,$125.40 ,0.00%,0,125.4,$77.40 ,,-3,-77.4,125.4,$0.00 ,Net 30,Open,,27-Mar-24,repeat customer,sales_export_2024_02.csv
TXN-001366,12/30/2025,SALE,Summit Childcare,Soap Dispenser,DSP-100,Washroom Supplies,2,$32.00 ,64,0.00%,$0.00 ,$64.00 ,33.6,,-2,-33.6,$0.00 ,$0.00 ,Cash,Paid,,12/30/2025,Rush delivery,sales_export_2025_12.csv
TXN-001279,8/22/2025,Sale,Falcon Ridge Realty,Toilet Tissue Case,PPR-200,Paper Products,1,41.8,$41.80 ,0%,$0.00 ,$41.80 ,25.8,,-1,-25.8,0,$0.00 ,Visa,Paid,,8/22/2025,repeat customer,sales_export_2025_08.csv
TXN-000966,5-Apr-24,SALE,Summit Childcare,Soap Dispenser,DSP-100,Washroom Supplies,3,$30.40 ,$91.20 ,0.05,4.56,86.64,50.4,,-3,-50.4,USD 0.00,0,Cash,Paid,,4/5/2024,monthly replenishment,sales_export_2024_04.csv
TXN-001477,4/16/2025,sales,Ironwood Builders,Mop Handle,MOP-200,Janitorial Equipment,2,25.2,USD 50.40,0,$0.00 ,USD 50.40,23,,-2,-23,0,USD 0.00,Visa,Paid,,4/16/2025,,sales_export_2025_04.csv
TXN-001698,2/22/2024,PURCHASE,,Hand Sanitizer 1 Gal,SAN-100,Washroom Supplies,60,$10.81 ,,,,,,,60,648.72,$0.00 ,648.72,Net 30,Open,Hygiene Solutions,3/23/2024,vendor shipment received,purchases_202402.csv
TXN-000479,4/25/2024,SALE,Tidal Wave Media,Mop Handle,MOP-200,Janitorial Equipment,2,24,$48.00 ,0.05,$2.40 ,45.6,23,,-2,-23,$0.00 ,0,Cash,Paid,,4/25/2024,monthly replenishment,sales_export_2024_04.csv
TXN-001650,10/3/2024,sales,Dover Legal Partners,Paper Towel Case,PPR-100,Paper Products,6,$39.90 ,$239.40 ,5%,$11.97 ,$227.43 ,USD 129.00,,-6,USD -129.00,$227.43 ,$0.00 ,Net 30,Overdue,,11/2/2024,monthly replenishment,sales_export_2024_10.csv
TXN-000789,8/9/2025,Sale,northstar consulting,All-Purpose Cleaner,CLN-100,Cleaning Supplies,1,8.08,$8.08 ,0.05,0.4,7.68,3.1,,-1,USD -3.10,0,0,Mastercard,Paid,,8/9/2025,repeat customer,sales_export_2025_08.csv
TXN-001760,2/1/2025,PURCHASE,,Hand Sanitizer 1 Gal,SAN-100,Washroom Supplies,36,10.18,,,,,,,36,$366.34 ,$0.00 ,$0.00 ,ACH,Paid,hygiene solutions,3/3/2025,vendor shipment received,purchases_202502.csv
TXN-000201,9/6/2024,Sale,Riverbend Brewery,Mop Handle,MOP-200,Janitorial Equipment,10,22.8,228,0.1,$22.80 ,205.2,USD 115.00,,-10,-115,$205.20 ,$0.00 ,ACH,Overdue,,10/6/2024,monthly replenishment,sales_export_2024_09.csv
TXN-001579,19-Nov-24,Sale,Pinecrest Academy,Trash Bags 55 Gal,BAG-100,Waste Supplies,1,$29.00 ,29,5.00%,$1.45 ,27.55,$15.40 ,,-1,-15.4,27.55,0,Net 30,Open,,19-Dec-24,,sales_export_2024_11.csv
TXN-001136,11/24/2025,Sale,BrightPath Dental,Mop Handle,MOP-200,Janitorial Equipment,3,24,$72.00 ,0%,$0.00 ,$72.00 ,34.5,,-3,-34.5,$0.00 ,0,Mastercard,Paid,,11/24/2025,web order,sales_export_2025_11.csv
TXN-000066,6/13/2025,SALE,Acme Property Group,Glass Cleaner,CLN-200,Cleaning Supplies,4,USD 7.61,USD 30.44,5%,1.52,$28.92 ,10.2,,-4,-10.2,28.92,0,Invoice,Overdue,,7/13/2025,Rush delivery,sales_export_2025_06.csv
TXN-001825,5/24/2024,Inventory Purchase,,Trash Bags 55 Gal,BAG-100,Waste Supplies,60,$15.71 ,,,,,,,60,942.48,0,$942.48 ,Net 30,Open,Metro Packaging LLC,6/23/2024,stock replenishment,purchases_202405.csv
TXN-000275,10/6/2025,sales,Valley Fresh Grocers,Nitrile Gloves Box,GLO-100,Safety Supplies,2,15.75,31.5,0,0,31.5,$14.40 ,,-2,($14.40),0,0,Check,Paid,,10/6/2025,monthly replenishment,sales_export_2025_10.csv
TXN-002063,12/27/2024,AP Payment,,,,Accounts Payable,,,,,,,,,0,0,$0.00 ,USD -743.04,Check,Paid,PaperPro Distributors,,Payment applied to vendor bill,ap_payment_register.csv
TXN-001357,6/26/2025,sales,Union Square Hotel,Paper Towel Case,PPR-100,Paper Products,2,$38.00 ,$76.00 ,0.1,7.6,68.4,43,,-2,-43,0,0,Mastercard,Paid,,6/26/2025,Rush delivery,sales_export_2025_06.csv
TXN-000370,4/18/2024,SALE,Evergreen Fitness,Glass Cleaner,CLN-200,Cleaning Supplies,1,7.25,7.25,0,$0.00 ,$7.25 ,2.55,,-1,-2.55,0,USD 0.00,Visa,Paid,,4/18/2024,,sales_export_2024_04.csv
TXN-000826,9/3/2025,Sale,Evergreen Fitness,Trash Bags 55 Gal,BAG-100,Waste Supplies,1,$30.45 ,$30.45 ,0%,$0.00 ,$30.45 ,$15.40 ,,-1,-15.4,0,0,Check,Paid,,3-Sep-25,,sales_export_2025_09.csv
TXN-001802,9/8/2024,Inventory Purchase,,Nitrile Gloves Box,GLO-100,Safety Supplies,60,$7.06 ,,,,,,,60,423.36,0,0,ACH,Paid,SafeHands Wholesale,10/8/2024,,purchases_202409.csv
TXN-002089,1/28/2025,Vendor Payment,,,,Accounts Payable,,,,,,,,,0,$0.00 ,$0.00 ,-187.27,Wire,Paid,North Supply Co.,,Payment applied to vendor bill,ap_payment_register.csv
TXN-000405,3/22/2025,sales,Dover Legal Partners,Nitrile Gloves Box,GLO-100,Safety Supplies,3,14.25,$42.75 ,0,0,42.75,21.6,,-3,($21.60),42.75,0,ACH,Overdue,,21-Apr-25,monthly replenishment,sales_export_2025_03.csv
TXN-000096,12/6/2025,SALE,Yellow Finch Design,Soap Dispenser,DSP-100,Washroom Supplies,3,30.4,91.2,5%,4.56,86.64,50.4,,-3,($50.40),0,0,Visa,Paid,,12/6/2025,web order,sales_export_2025_12.csv
TXN-001869,10/25/2024,Operating Expense,,,,Software,,,,,,,,$150.91 ,0,0,$0.00 ,0,ACH,Paid, CloudSuite ,,recurring monthly charge,expenses_Oct_2024.csv
TXN-001288,13-Feb-24,sales,OAK & OLIVE BISTRO,Hand Sanitizer 1 Gal,SAN-100,Washroom Supplies,4,23.1,92.4,5%,$4.62 ,87.78,USD 42.40,,-4,($42.40),87.78,$0.00 ,Net 30,Overdue,,3/14/2024,repeat customer,sales_export_2024_02.csv
TXN-001817,2/21/2024,Inventory Purchase,,Paper Towel Case,PPR-100,Paper Products,60,$21.93 ,,,,,,,60,"$1,315.80 ",0,"$1,315.80 ",Net 30,Open,PaperPro Distributors,3/22/2024,stock replenishment,purchases_202402.csv
TXN-001090,8/31/2025,Sale,Union Square Hotel,Trash Bags 55 Gal,BAG-100,Waste Supplies,4,$29.00 ,116,10.00%,11.6,USD 104.40,61.6,,-4,($61.60),$104.40 ,0,Invoice,Open,,9/30/2025,monthly replenishment,sales_export_2025_08.csv
TXN-000540,12/13/2025,SALE,Westfield Theater,Trash Bags 55 Gal,BAG-100,Waste Supplies,1,30.45,USD 30.45,5%,1.52,$28.93 ,$15.40 ,,-1,-15.4,28.93,$0.00 ,Invoice,Overdue,,12-Jan-26,web order,sales_export_2025_12.csv
TXN-000772,9/1/2024,sales,Ironwood Builders,Hand Sanitizer 1 Gal,SAN-100,Washroom Supplies,3,20.9,62.7,0.00%,0,62.7,$31.80 ,,-3,-31.8,$62.70 ,$0.00 ,ACH,Overdue,,10/1/2024,,sales_export_2024_09.csv
TXN-000576,3/7/2024,sales,Maple Street Bakery,Glass Cleaner,CLN-200,Cleaning Supplies,3,7.25,21.75,0.00%,0,$21.75 ,$7.65 ,,-3,($7.65),0,$0.00 ,Mastercard,Paid,,3/7/2024,Rush delivery,sales_export_2024_03.csv
TXN-001402,2/9/2025,sales,Tidal Wave Media,Trash Bags 55 Gal,BAG-100,Waste Supplies,6,29,174,0.00%,$0.00 ,174,USD 92.40,,-6,($92.40),174,$0.00 ,Net 30,Open,,3/11/2025,Rush delivery,sales_export_2025_02.csv
TXN-000435,10-Aug-24,SALE,Evergreen Fitness,Nitrile Gloves Box,GLO-100,Safety Supplies,10,14.25,142.5,0,$0.00 ,142.5,$72.00 ,,-10,USD -72.00,$142.50 ,0,Invoice,Open,,9/9/2024,web order,sales_export_2024_08.csv
TXN-001018,11/9/2024,SALE,Cedar & Stone Cafe,Nitrile Gloves Box,GLO-100,Safety Supplies,5,15.75,78.75,5.00%,3.94,74.81,36,,-5,USD -36.00,$0.00 ,$0.00 ,Check,Paid,,11/9/2024,monthly replenishment,sales_export_2024_11.csv
TXN-002051,5/17/2025,ap payment,,,,Accounts Payable,,,,,,,,,0,0,0,-928.8,Check,Paid,PAPERPRO DISTRIBUTORS,,Payment applied to vendor bill,ap_payment_register.csv
TXN-001088,25-Apr-24,Sale,Oak & Olive Bistro,Nitrile Gloves Box,GLO-100,Safety Supplies,8,$15.00 ,120,0%,USD 0.00,$120.00 ,$57.60 ,,-8,-57.6,$120.00 ,0,Net 30,Open,,25-May-24,monthly replenishment,sales_export_2024_04.csv
TXN-000801,12/28/2024,Sale,Tidal Wave Media,Toilet Tissue Case,PPR-200,Paper Products,5,44,220,0,USD 0.00,USD 220.00,129,,-5,($129.00),$0.00 ,$0.00 ,ACH,Paid,,12/28/2024,Rush delivery,sales_export_2024_12.csv
TXN-001185,3/29/2024,Sale,Lakeside Vet Care,Hand Sanitizer 1 Gal,SAN-100,Washroom Supplies,2,$22.00 ,USD 44.00,0,0,44,$21.20 ,,-2,-21.2,$44.00 ,0,Net 30,Open,,4/28/2024,web order,sales_export_2024_03.csv
TXN-001496,8/4/2025,Sale,BrightPath Dental,Microfiber Mop Head,MOP-100,Janitorial Equipment,4,$18.00 ,72,0.05,3.6,68.4,$35.60 ,,-4,($35.60),$0.00 ,$0.00 ,Mastercard,Paid,,8/4/2025,web order,sales_export_2025_08.csv
TXN-000473,4/5/2025,sales,Harborview Clinic,Microfiber Mop Head,MOP-100,Janitorial Equipment,5,18.9,94.5,5%,USD 4.73,89.77,USD 44.50,,-5,-44.5,89.77,0,ACH,Open,,5/5/2025,,sales_export_2025_04.csv
TXN-002046,7/10/2024,AR Receipt,Zenith Logistics,Trash Bags 55 Gal,,Accounts Receivable,,,,,,,,,0,0,-55.1,0,Wire,Paid,,,Payment applied to customer invoice,ar_receipts_export.csv
TXN-001779,8/8/2024,Inventory Purchase,,Glass Cleaner,CLN-200,Cleaning Supplies,60,2.45,,,,,,,60,146.88,0,146.88,Net 30,Open,North Supply Co.,9/7/2024,stock replenishment,purchases_202408.csv
TXN-000092,4/27/2024,sales,Yellow Finch Design,Paper Towel Case,PPR-100,Paper Products,10,38,$380.00 ,0.00%,0,$380.00 ,215,,-10,-215,$0.00 ,$0.00 ,Check,Paid,,4/27/2024,web order,sales_export_2024_04.csv
TXN-001196,10/13/2024,Sale,Keystone Auto Repair,Hand Sanitizer 1 Gal,SAN-100,Washroom Supplies,1,$22.00 ,22,0,0,22,$10.60 ,,-1,($10.60),22,0,ACH,Open,,11/12/2024,web order,sales_export_2024_10.csv
TXN-000846,12/7/2024,sales,Acme Property Group,Microfiber Mop Head,MOP-100,Janitorial Equipment,5,18,90,0%,0,90,44.5,,-5,-44.5,0,$0.00 ,Mastercard,Paid,,12/7/2024,web order,sales_export_2024_12.csv
TXN-001994,10/14/2025,AR Receipt,Summit Childcare,Soap Dispenser,,Accounts Receivable,,,,,,,,,0,0,-128,USD 0.00,Wire,Paid,,,Payment applied to customer invoice,ar_receipts_export.csv
TXN-000688,9/12/2024,sales,Summit Childcare,Soap Dispenser,DSP-100,Washroom Supplies,10,33.6,$336.00 ,0%,$0.00 ,336,$168.00 ,,-10,($168.00),0,$0.00 ,ACH,Paid,,9/12/2024,monthly replenishment,sales_export_2024_09.csv
TXN-000260,11-Dec-24,Sale,BrightPath Dental,MOP HANDLE,MOP-200,Janitorial Equipment,5,22.8,114,0.00%,0,114,USD 57.50,,-5,($57.50),114,$0.00 ,ACH,Open,,1/10/2025,repeat customer,sales_export_2024_12.csv
TXN-000591,1/9/2025,sales,Riverbend Brewery,All-Purpose Cleaner,CLN-100,Cleaning Supplies,6,8.93,$53.58 ,0.00%,0,$53.58 ,18.6,,-6,-18.6,53.58,$0.00 ,Net 30,Overdue,,2/8/2025,monthly replenishment,sales_export_2025_01.csv
TXN-000369,3/17/2024,Sale,Northstar Consulting,Mop Handle,MOP-200,Janitorial Equipment,10,$22.80 ,$228.00 ,0,$0.00 ,228,USD 115.00,,-10,($115.00),$0.00 ,$0.00 ,Check,Paid,,3/17/2024,web order,sales_export_2024_03.csv
TXN-000833,1/9/2024,Sale,Summit Childcare,Nitrile Gloves Box,GLO-100,Safety Supplies,1,$14.25 ,14.25,0.00%,$0.00 ,$14.25 ,7.2,,-1,-7.2,USD 14.25,0,Invoice,Overdue,,2/8/2024,,sales_export_2024_01.csv
TXN-000687,1/18/2024,Sale,Valley Fresh Grocers,Nitrile Gloves Box,GLO-100,Safety Supplies,3,USD 15.00,USD 45.00,0.00%,$0.00 ,$45.00 ,21.6,,-3,-21.6,45,0,Invoice,Open,,2/17/2024,repeat customer,sales_export_2024_01.csv
TXN-000183,3/14/2025,sales,Summit Childcare,Glass Cleaner,CLN-200,Cleaning Supplies,5,$7.61 ,38.05,5%,$1.90 ,36.15,12.75,,-5,-12.75,0,USD 0.00,Visa,Paid,,3/14/2025,web order,sales_export_2025_03.csv
TXN-001171,8/25/2025,SALE,Falcon Ridge Realty,Paper Towel Case,PPR-100,Paper Products,1,$38.00 ,$38.00 ,0.00%,0,$38.00 ,USD 21.50,,-1,-21.5,38,$0.00 ,ACH,Open,,9/24/2025,monthly replenishment,sales_export_2025_08.csv
TXN-001613,1/7/2025,sales,Yellow Finch Design,Toilet Tissue Case,PPR-200,Paper Products,2,$46.20 ,92.4,10%,9.24,83.16,51.6,,-2,($51.60),0,0,ACH,Paid,,1/7/2025,Rush delivery,sales_export_2025_01.csv
TXN-001123,2-Nov-24,Sale,Riverbend Brewery,Soap Dispenser,DSP-100,Washroom Supplies,1,30.4,30.4,0,0,30.4,$16.80 ,,-1,($16.80),30.4,0,Invoice,Open,,12/2/2024,Rush delivery,sales_export_2024_11.csv
TXN-000304,9/2/2024,SALE,Ironwood Builders,Glass Cleaner,CLN-200,Cleaning Supplies,2,USD 7.61,$15.22 ,0.05,0.76,14.46,5.1,,-2,-5.1,$14.46 ,USD 0.00,Invoice,Overdue,,10/2/2024,web order,sales_export_2024_09.csv
TXN-000877,12/28/2024,Sale,Yellow Finch Design,Nitrile Gloves Box,GLO-100,Safety Supplies,3,15,45,5%,$2.25 ,42.75,$21.60 ,,-3,-21.6,0,$0.00 ,Visa,Paid,,12/28/2024,Rush delivery,sales_export_2024_12.csv
TXN-000943,6/16/2024,Sale,Lakeside Vet Care, All-Purpose Cleaner ,CLN-100,Cleaning Supplies,5,8.5,42.5,0,$0.00 ,$42.50 ,15.5,,-5,($15.50),$42.50 ,0,Net 30,Open,,7/16/2024,web order,sales_export_2024_06.csv
TXN-000397,2024-13-40,SALE,Keystone Auto Repair,Glass Cleaner,CLN-200,Cleaning Supplies,3,7.25,21.75,10%,$2.18 ,$19.57 ,7.65,,-3,-7.65,0,$0.00 ,Check,Paid,,8/18/2024,monthly replenishment,sales_export_2024_08.csv
TXN-001732,4/14/2024,Inventory Purchase,,Soap Dispenser,DSP-100,Washroom Supplies,72,16.46,,,,,,,72,"1,185.41",0,1185.41,Net 30,Open,Hygiene Solutions,5/14/2024,vendor shipment received,purchases_202404.csv
TXN-000130,2-Apr-24,sales,Harborview Clinic,Toilet Tissue Case,PPR-200,Paper Products,4,46.2,184.8,10.00%,18.48,$166.32 ,103.2,,-4,($103.20),0,0,Mastercard,Paid,,4/2/2024,Rush delivery,sales_export_2024_04.csv
TXN-001684,11/25/2024,Inventory Purchase,,All-Purpose Cleaner,CLN-100,Cleaning Supplies,60,$2.98 ,,,,,,,60,$178.56 ,$0.00 ,$178.56 ,Net 30,Open,North Supply Co.,12/25/2024,stock replenishment,purchases_202411.csv
TXN-001941,7/31/2025,EXPENSE,,,,Payroll,,,,,,,,"$1,275.80 ",0,0,0,$0.00 ,Check,Paid,Staff Payroll,,,expenses_Jul_2025.csv
TXN-001793,8/11/2024,Inventory Purchase,,All-Purpose Cleaner,CLN-100,Cleaning Supplies,72,2.98,,,,,,,72,214.27,USD 0.00,0,ACH,Paid,North Supply Co.,9/10/2024,stock replenishment,purchases_202408.csv
TXN-001064,7/31/2025,Sale,Acme Property Group,Mop Handle,MOP-200,Janitorial Equipment,8,22.8,$182.40 ,0,0,182.4,$92.00 ,,-8,-92,$0.00 ,$0.00 ,ACH,Paid,,7/31/2025,Rush delivery,sales_export_2025_07.csv
TXN-000068,11/2/2024,SALE,Summit Childcare,Trash Bags 55 Gal,BAG-100,Waste Supplies,10,29,USD 290.00,0.1,29,261,$154.00 ,,-10,-154,0,USD 0.00,Visa,Paid,,2-Nov-24,,sales_export_2024_11.csv
TXN-000812,8/27/2025,SALE,Northstar Consulting,Soap Dispenser,DSP-100,Washroom Supplies,3,32,96,0%,$0.00 ,$96.00 ,50.4,,-3,-50.4,96,0,Net 30,Open,,9/26/2025,,sales_export_2025_08.csv
TXN-001679,4/28/2024,Inventory Purchase,,Toilet Tissue Case,PPR-200,Paper Products,60,25.8,,,,,,,60,"1,548.00",0,"USD 1,548.00",Net 30,Open,PaperPro Distributors,5/28/2024,,purchases_202404.csv
TXN-000202,6/19/2025,sales,Harborview Clinic,Paper Towel Case,PPR-100,Paper Products,6,38,$228.00 ,0.00%,0,228,129,,-6,($129.00),228,0,Net 30,Open,,19-Jul-25,web order,sales_export_2025_06.csv
TXN-000448,9/29/2024,SALE,Pinecrest Academy,Glass Cleaner,CLN-200,Cleaning Supplies,1,$7.25 ,7.25,10%,$0.73 ,6.52,$2.55 ,,-1,-2.55,USD 0.00,0,Visa,Paid,,9/29/2024,Rush delivery,sales_export_2024_09.csv
TXN-000138,7/29/2024,SALE,Evergreen Fitness,hand sanitizer 1 gal,SAN-100,Washroom Supplies,5,22,110,0,0,$110.00 ,53,,-5,-53,$110.00 ,$0.00 ,ACH,Overdue,,8/28/2024,repeat customer,sales_export_2024_07.csv
TXN-000832,7/15/2025,SALE,Lakeside Vet Care,Microfiber Mop Head,MOP-100,Janitorial Equipment,4,$17.10 ,68.4,0,$0.00 ,68.4,$35.60 ,,-4,-35.6,$68.40 ,$0.00 ,ACH,Open,,8/14/2025,Rush delivery,sales_export_2025_07.csv
TXN-000834,5/10/2025,SALE,Union Square Hotel,All-Purpose Cleaner,CLN-100,Cleaning Supplies,3,8.08,24.24,0.00%,0,24.24,9.3,,-3,-9.3,USD 0.00,USD 0.00,Mastercard,Paid,,5/10/2025,web order,sales_export_2025_05.csv
TXN-000299,6/16/2024,Sale,Union Square Hotel,Trash Bags 55 Gal,BAG-100,Waste Supplies,1,30.45,$30.45 ,0.00%,0,USD 30.45,$15.40 ,,-1,($15.40),USD 30.45,$0.00 ,Net 30,Open,,7/16/2024,repeat customer,sales_export_2024_06.csv
TXN-000872,2/26/2025,Sale,Golden Hour Events,Microfiber Mop Head,MOP-100,Janitorial Equipment,2,18,36,0.00%,0,36,$17.80 ,,-2,-17.8,$0.00 ,0,Check,Paid,,2/26/2025,repeat customer,sales_export_2025_02.csv
TXN-001180,24-Jun-24,SALE,Ironwood Builders,Soap Dispenser,DSP-100,Washroom Supplies,1,30.4,30.4,0%,$0.00 ,30.4,$16.80 ,,-1,-16.8,USD 30.40,0,Net 30,Open,,7/24/2024,web order,sales_export_2024_06.csv
TXN-000361,6/1/2024,Sale,Summit Childcare, Nitrile Gloves Box ,GLO-100,Safety Supplies,4,15.75,63,5%,$3.15 ,$59.85 ,$28.80 ,,-4,($28.80),$59.85 ,0,Invoice,Open,,7/1/2024,,sales_export_2024_06.csv
TXN-001146,8/8/2024,SALE,Lakeside Vet Care,Toilet Tissue Case,PPR-200,Paper Products,6,46.2,$277.20 ,0%,$0.00 ,$277.20 ,$154.80 ,,-6,($154.80),0,0,Cash,Paid,,8/8/2024,,sales_export_2024_08.csv
TXN-002060,4/11/2024,AP Payment,,,,Accounts Payable,,,,,,,,,0,0,$0.00 ,USD -264.38,Wire,Paid,SafeHands Wholesale,,Payment applied to vendor bill,ap_payment_register.csv
TXN-001242,10/22/2024,sales,Lakeside Vet Care,Soap Dispenser,DSP-100,Washroom Supplies,4,30.4,$121.60 ,5%,$6.08 ,115.52,67.2,,-4,($67.20),115.52,0,Net 30,Open,,11/21/2024,,sales_export_2024_10.csv
TXN-000529,9/25/2025,Sale,Dover Legal Partners,Nitrile Gloves Box,GLO-100,Safety Supplies,3,$14.25 ,42.75,0.00%,0,42.75,USD 21.60,,-3,USD -21.60,$0.00 ,0,Cash,Paid,,9/25/2025,Rush delivery,sales_export_2025_09.csv
TXN-001289,6/27/2024,SALE,Riverbend Brewery,all-purpose cleaner,CLN-100,Cleaning Supplies,3,$8.50 ,25.5,0%,0,25.5,9.3,,-3,-9.3,0,0,Check,Paid,,27-Jun-24,monthly replenishment,sales_export_2024_06.csv
TXN-002012,9/23/2024,AR Receipt,Riverbend Brewery,Mop Handle,,Accounts Receivable,,,,,,,,,0,$0.00 ,($205.20),USD 0.00,Check,Paid,,,Payment applied to customer invoice,ar_receipts_export.csv
TXN-001383,7/25/2024,Sale,Union Square Hotel,All-Purpose Cleaner,CLN-100,Cleaning Supplies,4,$8.50 ,34,0,0,34,USD 12.40,,-4,USD -12.40,0,USD 0.00,ACH,Paid,,7/25/2024,monthly replenishment,sales_export_2024_07.csv
TXN-001205,12/15/2025,SALE,Maple Street Bakery,Hand Sanitizer 1 Gal,SAN-100,Washroom Supplies,2,23.1,$46.20 ,5.00%,USD 2.31,USD 43.89,21.2,,-2,-21.2,$0.00 ,$0.00 ,Check,Paid,,12/15/2025,monthly replenishment,sales_export_2025_12.csv
TXN-000481,6/1/2024,Sale,Tidal Wave Media,microfiber mop head,MOP-100,Janitorial Equipment,3,18.9,$56.70 ,0%,USD 0.00,56.7,$26.70 ,,-3,($26.70),$0.00 ,0,Check,Paid,,6/1/2024,Rush delivery,sales_export_2024_06.csv
TXN-001718,12/1/2024,inventory purchase,,Hand Sanitizer 1 Gal,SAN-100,Washroom Supplies,36,10.39,,,,,,,36,373.97,0,373.97,Net 30,Open,Hygiene Solutions,12/31/2024,vendor shipment received,purchases_202412.csv
TXN-001630,15-Jan-25,sales,Northstar Consulting,Hand Sanitizer 1 Gal,SAN-100,Washroom Supplies,2,N/A,44,15%,$6.60 ,$37.40 ,$21.20 ,,-2,-21.2,$0.00 ,$0.00 ,Check,Paid,,1/15/2025,repeat customer,sales_export_2025_01.csv
TXN-001408,11/16/2024,sales,lakeside vet care,Microfiber Mop Head,MOP-100,Janitorial Equipment,6,$18.90 ,113.4,0.05,$5.67 ,107.73,$53.40 ,,-6,($53.40),107.73,0,ACH,Overdue,,12/16/2024,,sales_export_2024_11.csv
TXN-000166,5/11/2025,sales,Riverbend Brewery,Microfiber Mop Head,MOP-100,Janitorial Equipment,2,18,36,0.05,1.8,$34.20 ,17.8,,-2,-17.8,$0.00 ,$0.00 ,Mastercard,Paid,,5/11/2025,Rush delivery,sales_export_2025_05.csv
TXN-001361,2/27/2025,SALE,Oak & Olive Bistro,Trash Bags 55 Gal,BAG-100,Waste Supplies,3,$29.00 ,$87.00 ,0,$0.00 ,USD 87.00,USD 46.20,,-3,($46.20),USD 0.00,$0.00 ,Check,Paid,,2/27/2025,web order,sales_export_2025_02.csv
TXN-001190,2/14/2025,SALE,Quantum IT Services,Soap Dispenser,DSP-100,Washroom Supplies,2,$33.60 ,67.2,0.1,$6.72 ,60.48,33.6,,-2,-33.6,$60.48 ,$0.00 ,Invoice,Open,,3/16/2025,,sales_export_2025_02.csv
TXN-001054,2/16/2024,sales,Cedar & Stone Cafe,Glass Cleaner,CLN-200,Cleaning Supplies,2,$6.89 ,$13.78 ,0,0,13.78,5.1,,-2,-5.1,0,$0.00 ,Visa,Paid,,2/16/2024,repeat customer,sales_export_2024_02.csv
TXN-000744,11/22/2025,SALE,Northstar Consulting,Mop Handle,MOP-200,Janitorial Equipment,2,$22.80 ,45.6,0,0,45.6,$23.00 ,,-2,($23.00),0,0,Check,Paid,,11/22/2025,,sales_export_2025_11.csv
TXN-001047,12/11/2025,SALE,Quantum IT Services,Trash Bags 55 Gal,BAG-100,Waste Supplies,10,$30.45 ,$304.50 ,0,0,USD 304.50,154,,-10,($154.00),0,$0.00 ,Mastercard,Paid,,12/11/2025,monthly replenishment,sales_export_2025_12.csv
TXN-001495,9/20/2024,Sale,Golden Hour Events,Hand Sanitizer 1 Gal,SAN-100,Washroom Supplies,6,22,132,0%,0,$132.00 ,63.6,,-6,($63.60),0,0,Visa,Paid,,9/20/2024,monthly replenishment,sales_export_2024_09.csv
TXN-001069,6/20/2024,SALE,Oak & Olive Bistro,Hand Sanitizer 1 Gal,SAN-100,Washroom Supplies,12,$22.00 ,$264.00 ,0%,0,264,127.2,,-12,($127.20),0,0,Mastercard,Paid,,6/20/2024,Rush delivery,sales_export_2024_06.csv
TXN-001901,1/18/2024,expense,,,,Software,,,,,,,,135.04,0,0,USD 0.00,$0.00 ,ACH,Paid,CloudSuite,,,expenses_Jan_2024.csv
TXN-000928,11/5/2024,Sale,Ironwood Builders,Glass Cleaner,CLN-200,Cleaning Supplies,10,7.61,76.1,10.00%,7.61,USD 68.49,$25.50 ,,-10,-25.5,68.49,0,Net 30,Open,,12/5/2024,monthly replenishment,sales_export_2024_11.csv
TXN-001537,6/1/2025,Sale,Riverbend Brewery,Soap Dispenser,DSP-100,Washroom Supplies,2,$32.00 ,$64.00 ,0,$0.00 ,64,$33.60 ,,-2,($33.60),$64.00 ,USD 0.00,Invoice,Overdue,,7/1/2025,repeat customer,sales_export_2025_06.csv
TXN-001567,5/20/2025,sales,Lakeside Vet Care,Paper Towel Case,PPR-100,Paper Products,5,$39.90 ,$199.50 ,0%,0,$199.50 ,$107.50 ,,-5,($107.50),0,$0.00 ,Mastercard,Paid,,5/20/2025,,sales_export_2025_05.csv
TXN-000331,12/23/2024,sales, Oak & Olive Bistro ,Soap Dispenser,DSP-100,Washroom Supplies,3,32,96,0.00%,0,96,USD 50.40,,-3,-50.4,96,0,ACH,Overdue,,1/22/2025,,sales_export_2024_12.csv
TXN-001500,10/29/2025,SALE,Zenith Logistics,Toilet Tissue Case,PPR-200,Paper Products,5,$41.80 ,$209.00 ,5%,10.45,$198.55 ,$129.00 ,,-5,-129,0,USD 0.00,Mastercard,Paid,,10/29/2025,repeat customer,sales_export_2025_10.csv
TXN-001306,2/26/2025,Sale,Dover Legal Partners,Soap Dispenser,DSP-100,Washroom Supplies,10,USD 32.00,320,0,0,$320.00 ,168,,-10,($168.00),320,0,Invoice,Open,,3/28/2025,monthly replenishment,sales_export_2025_02.csv
TXN-000189,1/3/2024,sales,Westfield Theater,Nitrile Gloves Box,GLO-100,Safety Supplies,5,USD 15.75,78.75,0%,$0.00 ,78.75,36,,-5,($36.00),0,0,Mastercard,Paid,,1/3/2024,web order,sales_export_2024_01.csv
TXN-001753,7/29/2024,Inventory Purchase,,Paper Towel Case,PPR-100,Paper Products,36,$21.50 ,,,,,,,36,$774.00 ,$0.00 ,$0.00 ,ACH,Paid,PaperPro Distributors,8/28/2024,stock replenishment,purchases_202407.csv
TXN-001772,11/17/2025,inventory purchase,,Microfiber Mop Head,MOP-100,Janitorial Equipment,48,$8.90 ,,,,,,,48,$427.20 ,0,$427.20 ,Net 30,Overdue,Facility Gear Inc,12/17/2025,vendor shipment received,purchases_202511.csv
TXN-000542,9/5/2025,SALE,Oak & Olive Bistro,Hand Sanitizer 1 Gal,SAN-100,Washroom Supplies,4,22,88,0.00%,$0.00 ,$88.00 ,42.4,,-4,($42.40),0,0,Mastercard,Paid,,9/5/2025,monthly replenishment,sales_export_2025_09.csv
TXN-000215,1/12/2024,Sale,Ironwood Builders,All-Purpose Cleaner,CLN-100,Cleaning Supplies,2,8.08,16.16,0.00%,0,$16.16 ,6.2,,-2,-6.2,0,0,Check,Paid,,1/12/2024,web order,sales_export_2024_01.csv
TXN-000594,7/27/2025,SALE,Northstar Consulting,Toilet Tissue Case,PPR-200,Paper Products,3,46.2,138.6,0.00%,0,$138.60 ,77.4,,-3,($77.40),0,0,ACH,Paid,,7/27/2025,monthly replenishment,sales_export_2025_07.csv
TXN-000863,7/16/2025,SALE,Cedar and Stone Cafe,Mop Handle,MOP-200,Janitorial Equipment,2,25.2,$50.40 ,0,0,50.4,23,,-2,-23,$0.00 ,0,Visa,Paid,,7/16/2025,web order,sales_export_2025_07.csv
TXN-000670,5/14/2024,Sale,Maple Street Bakery,Paper Towel Case,PPR-100,Paper Products,4,39.9,$159.60 ,0,$0.00 ,159.6,$86.00 ,,-4,-86,USD 159.60,0,Net 30,Open,,6/13/2024,web order,sales_export_2024_05.csv
TXN-000281,12/11/2024,Sale,Keystone Auto Repair,soap dispenser,DSP-100,Washroom Supplies,12,$32.00 ,384,0,0,$384.00 ,201.6,,-12,($201.60),0,USD 0.00,ACH,Paid,,12/11/2024,repeat customer,sales_export_2024_12.csv
TXN-000888,10/4/2025,SALE, Oak & Olive Bistro ,Soap Dispenser,DSP-100,Washroom Supplies,8,32,$256.00 ,10.00%,25.6,230.4,$134.40 ,,-8,-134.4,$0.00 ,$0.00 ,Cash,Paid,,10/4/2025,,sales_export_2025_10.csv
TXN-000860,7/14/2024,sales,Evergreen Fitness,Glass Cleaner,CLN-200,Cleaning Supplies,2,7.25,14.5,0.05,0.73,13.77,5.1,,-2,($5.10),13.77,0,ACH,Open,,13-Aug-24,,sales_export_2024_07.csv
TXN-001263,1/31/2025,Sale,Quantum IT Services,Nitrile Gloves Box,GLO-100,Safety Supplies,1,15,$15.00 ,0.00%,0,15,7.2,,-1,($7.20),$15.00 ,0,ACH,Open,,3/2/2025,Rush delivery,sales_export_2025_01.csv
TXN-000437,8/22/2025,SALE,Riverbend Brewery,Toilet Tissue Case,PPR-200,Paper Products,8,$46.20 ,$369.60 ,0%,0,369.6,206.4,,-8,($206.40),$369.60 ,0,ACH,Open,,9/21/2025,repeat customer,sales_export_2025_08.csv
TXN-001070,3/8/2025,Sale,Harborview Clinic,Mop Handle,MOP-200,Janitorial Equipment,2,25.2,$50.40 ,0.05,2.52,47.88,23,,-2,($23.00),0,0,Check,Paid,,3/8/2025,web order,sales_export_2025_03.csv
TXN-001696,2/8/2024,PURCHASE,,Soap Dispenser,DSP-100,Washroom Supplies,60,$16.80 ,,,,,,,60,"$1,008.00 ",$0.00 ,0,ACH,Paid,HYGIENE SOLUTIONS,3/9/2024,stock replenishment,purchases_202402.csv
TXN-000137,12/24/2024,Sale,Ironwood Builders,Mop Handle,MOP-200,Janitorial Equipment,1,24,USD 24.00,5%,1.2,$22.80 ,$11.50 ,,-1,($11.50),$0.00 ,0,Cash,Paid,,12/24/2024,web order,sales_export_2024_12.csv
TXN-001213,8/24/2025,sales,Riverbend Brewery,glass cleaner,CLN-200,Cleaning Supplies,8,7.61,60.88,0%,0,60.88,$20.40 ,,-8,($20.40),$60.88 ,0,Net 30,Open,,9/23/2025,web order,sales_export_2025_08.csv
TXN-000776,8/16/2025,SALE,BrightPath Dental,Glass Cleaner,CLN-200,Cleaning Supplies,4,7.25,$29.00 ,5%,$1.45 ,27.55,10.2,,-4,-10.2,0,$0.00 ,Check,Paid,,16-Aug-25,web order,sales_export_2025_08.csv
TXN-001152,8/21/2025,sales,Lakeside Vet Care,All-Purpose Cleaner,CLN-100,Cleaning Supplies,4,8.5,$34.00 ,0,$0.00 ,$34.00 ,$12.40 ,,-4,-12.4,USD 0.00,USD 0.00,Check,Paid,,8/21/2025,web order,sales_export_2025_08.csv
TXN-000458,12/7/2024,SALE,Juniper Market,Nitrile Gloves Box,GLO-100,Safety Supplies,8,$14.25 ,114,0%,USD 0.00,114,$57.60 ,,-8,USD -57.60,0,0,Cash,Paid,,12/7/2024,web order,sales_export_2024_12.csv
TXN-001155,2/24/2024,Sale,BrightPath Dental,Soap Dispenser,DSP-100,Washroom Supplies,4,$32.00 ,$128.00 ,0,$0.00 ,$128.00 ,67.2,,-4,-67.2,0,0,Visa,Paid,,2/24/2024,Rush delivery,sales_export_2024_02.csv
TXN-001002,5/13/2024,SALE, Westfield Theater ,Toilet Tissue Case,PPR-200,Paper Products,6,41.8,$250.80 ,0,USD 0.00,250.8,$154.80 ,,-6,-154.8,$0.00 ,0,ACH,Paid,,5/13/2024,,sales_export_2024_05.csv
TXN-002067,7/9/2025,Vendor Payment,,,,Accounts Payable,,,,,,,,,0,$0.00 ,$0.00 ,"-1,315.80",Check,Paid,PaperPro Distributors,,Payment applied to vendor bill,ap_payment_register.csv
TXN-001600,11/20/2025,Sale,Valley Fresh Grocers,Glass Cleaner,CLN-200,Cleaning Supplies,5,6.89,$34.45 ,0%,0,34.45,$12.75 ,,-5,-12.75,0,0,Visa,Paid,,11/20/2025,Rush delivery,sales_export_2025_11.csv
TXN-002043,4/17/2025,Customer Payment,Oak & Olive Bistro,Mop Handle,,Accounts Receivable,,,,,,,,,0,$0.00 ,USD -48.00,0,Wire,Paid,,,Payment applied to customer invoice,ar_receipts_export.csv
TXN-000384,11/5/2025,sales,Valley Fresh Grocers,Hand Sanitizer 1 Gal,SAN-100,Washroom Supplies,5,23.1,115.5,5%,5.78,109.72,$53.00 ,,-5,USD -53.00,$109.72 ,USD 0.00,Invoice,Open,,12/5/2025,,sales_export_2025_11.csv
TXN-000376,4/22/2024,SALE,Northstar Consulting,Mop Handle,MOP-200,Janitorial Equipment,2,24,USD 48.00,5%,2.4,$45.60 ,23,,-2,($23.00),45.6,0,ACH,Open,,5/22/2024,repeat customer,sales_export_2024_04.csv
TXN-001580,5/24/2024,sales,Falcon Ridge Realty,Microfiber Mop Head,MOP-100,Janitorial Equipment,2,USD 17.10,34.2,5%,1.71,32.49,17.8,,-2,-17.8,$32.49 ,$0.00 ,Invoice,Open,,6/23/2024,web order,sales_export_2024_05.csv
TXN-001749,3/25/2024,Inventory Purchase,,Glass Cleaner,CLN-200,Cleaning Supplies,72,2.5,,,,,,,72,$179.93 ,0,$179.93 ,Net 30,Overdue,North Supply Co.,4/24/2024,stock replenishment,purchases_202403.csv
TXN-000122,4/25/2025,sales,Zenith Logistics,Microfiber Mop Head,MOP-100,Janitorial Equipment,4,18.9,USD 75.60,0.00%,0,75.6,35.6,,-4,-35.6,0,$0.00 ,Check,Paid,,4/25/2025,web order,sales_export_2025_04.csv
TXN-000569,8/28/2024,Sale,Zenith Logistics,Paper Towel Case,PPR-100,Paper Products,3,39.9,119.7,0%,0,119.7,64.5,,-3,-64.5,$0.00 ,0,Mastercard,Paid,,8/28/2024,Rush delivery,sales_export_2024_08.csv
TXN-000248,5/20/2024,sales,Westfield Theater,Trash Bags 55 Gal,BAG-100,Waste Supplies,6,$29.00 ,$174.00 ,5.00%,8.7,$165.30 ,92.4,,-6,-92.4,0,0,Check,Paid,,5/20/2024,Rush delivery,sales_export_2024_05.csv
TXN-001552,1/1/2025,sales,Ironwood Builders,Glass Cleaner,CLN-200,Cleaning Supplies,3,$7.25 ,21.75,0.00%,0,$21.75 ,$7.65 ,,-3,($7.65),USD 21.75,0,Net 30,Open,,1/31/2025,repeat customer,sales_export_2025_01.csv
TXN-001746,2/24/2025,PURCHASE,,All-Purpose Cleaner,CLN-100,Cleaning Supplies,24,2.98,,,,,,,24,$71.42 ,$0.00 ,71.42,Net 30,Open,North Supply Co.,3/26/2025,vendor shipment received,purchases_202502.csv
TXN-001117,8/8/2024,sales,Acme Property Group,Nitrile Gloves Box,GLO-100,Safety Supplies,3,15,USD 45.00,0,0,45,$21.60 ,,-3,($21.60),0,0,Check,Paid,,8/8/2024,Rush delivery,sales_export_2024_08.csv
TXN-000001,9/4/2024,SALE, Golden Hour Events ,All-Purpose Cleaner,CLN-100,Cleaning Supplies,2,$8.08 ,16.16,10%,$1.62 ,$14.54 ,6.2,,-2,-6.2,USD 0.00,$0.00 ,ACH,Paid,,9/4/2024,monthly replenishment,sales_export_2024_09.csv
TXN-001578,4/19/2024,sales,Oak & Olive Bistro,Glass Cleaner,CLN-200,Cleaning Supplies,6,7.25,$43.50 ,0,0,$43.50 ,15.3,,-6,($15.30),$43.50 ,$0.00 ,Net 30,Open,,5/19/2024,,sales_export_2024_04.csv
TXN-000698,18-Jun-24,SALE,Yellow Finch Design,Toilet Tissue Case,PPR-200,Paper Products,1,44,44,0,$0.00 ,44,$25.80 ,,-1,-25.8,$44.00 ,0,ACH,Open,,7/18/2024,web order,sales_export_2024_06.csv
TXN-001833,6/17/2025,EXPENSE,,,,Insurance,,,,,,,,370.95,0,$0.00 ,0,0,ACH,Paid,Crestline Insurance,,recurring monthly charge,expenses_Jun_2025.csv
TXN-000623,1/12/2024,sales,Falcon Ridge Realty,Nitrile Gloves Box,GLO-100,Safety Supplies,8,$14.25 ,114,0,0,$114.00 ,57.6,,-8,-57.6,$114.00 ,$0.00 ,Invoice,Overdue,,2/11/2024,Rush delivery,sales_export_2024_01.csv
TXN-000990,7/26/2024,sales,Lakeside Vet Care,All-Purpose Cleaner,CLN-100,Cleaning Supplies,8,$8.50 ,$68.00 ,0,0,68,$24.80 ,,-8,-24.8,$68.00 ,$0.00 ,Invoice,Open,,8/25/2024,Rush delivery,sales_export_2024_07.csv
TXN-001222,4/1/2025,SALE,Westfield Theater,Nitrile Gloves Box,GLO-100,Safety Supplies,6,15,$90.00 ,0%,0,90,$43.20 ,,-6,USD -43.20,0,0,Visa,Paid,,4/1/2025,,sales_export_2025_04.csv
TXN-000136,8/6/2024,SALE,Northstar Consulting,Toilet Tissue Case,PPR-200,Paper Products,6,$44.00 ,$264.00 ,0,0,$264.00 ,154.8,,-6,($154.80),USD 264.00,$0.00 ,ACH,Open,,9/5/2024,,sales_export_2024_08.csv
TXN-001029,12/10/2024,SALE,Quantum IT Services,Microfiber Mop Head,MOP-100,Janitorial Equipment,2,$18.00 ,36,0.00%,$0.00 ,$36.00 ,$17.80 ,,-2,-17.8,0,0,Visa,Paid,,12/10/2024,Rush delivery,sales_export_2024_12.csv
TXN-000783,5/23/2025,SALE,Maple Street Bakery,Mop Handle,MOP-200,Janitorial Equipment,1,22.8,22.8,10%,$2.28 ,20.52,11.5,,-1,-11.5,$0.00 ,$0.00 ,Mastercard,Paid,,5/23/2025,web order,sales_export_2025_05.csv
TXN-000528,2/20/2024,Sale,Dover Legal Partners,Soap Dispenser,DSP-100,Washroom Supplies,4,$30.40 ,$121.60 ,5%,6.08,$115.52 ,67.2,,-4,($67.20),$115.52 ,0,Net 30,Open,,3/21/2024,monthly replenishment,sales_export_2024_02.csv
TXN-000820,3/11/2025,Sale,Westfield Theater,Toilet Tissue Case,PPR-200,Paper Products,1,46.2,$46.20 ,0%,0,$46.20 ,$25.80 ,,-1,USD -25.80,0,0,Mastercard,Paid,,3/11/2025,monthly replenishment,sales_export_2025_03.csv
TXN-001645,5/14/2024,SALE,Valley Fresh Grocers,Hand Sanitizer 1 Gal,SAN-100,Washroom Supplies,2,$22.00 ,$44.00 ,0.05,$2.20 ,41.8,$21.20 ,,-2,-21.2,0,0,Check,Paid,,5/14/2024,Rush delivery,sales_export_2024_05.csv
TXN-002099,9/14/2025,ap payment,,,,Accounts Payable,,,,,,,,,0,$0.00 ,$0.00 ,"($1,089.36)",Wire,Paid,Facility Gear Inc,,Payment applied to vendor bill,ap_payment_register.csv
TXN-000347,27-Sep-24,SALE,Maple Street Bakery,Trash Bags 55 Gal,BAG-100,Waste Supplies,6,$27.55 ,165.3,0,$0.00 ,165.3,USD 92.40,,-6,-92.4,$165.30 ,0,Invoice,Open,,10/27/2024,web order,sales_export_2024_09.csv
TXN-001313,12/8/2024,Sale,Union Square Hotel,Mop Handle,MOP-200,Janitorial Equipment,1,25.2,25.2,0%,0,25.2,USD 11.50,,-1,USD -11.50,0,0,Visa,Paid,,12/8/2024,repeat customer,sales_export_2024_12.csv
TXN-002015,10/26/2025,AR Receipt,Juniper Market,Nitrile Gloves Box,,Accounts Receivable,,,,,,,,,0,$0.00 ,USD -51.30,0,Wire,Paid,,,Payment applied to customer invoice,ar_receipts_export.csv
TXN-002020,4/10/2025,ar receipt,Acme Property Group,Hand Sanitizer 1 Gal,,Accounts Receivable,,,,,,,,,0,$0.00 ,USD -20.90,$0.00 ,Wire,Paid,,,Payment applied to customer invoice,ar_receipts_export.csv
TXN-000008,11/2/2024,Sale,Falcon Ridge Realty,Paper Towel Case,PPR-100,Paper Products,5,39.9,199.5,0.00%,USD 0.00,$199.50 ,107.5,,-5,-107.5,$0.00 ,0,Cash,Paid,,11/2/2024,web order,sales_export_2024_11.csv
TXN-000488,1/22/2024,sales,Westfield Theater,Trash Bags 55 Gal,BAG-100,Waste Supplies,3,29,87,5.00%,$4.35 ,82.65,$46.20 ,,-3,-46.2,0,0,Cash,Paid,,1/22/2024,monthly replenishment,sales_export_2024_01.csv
TXN-000933,6/1/2025,sales,Cedar & Stone Cafe,Soap Dispenser,DSP-100,Washroom Supplies,1,$32.00 ,32,10.00%,3.2,28.8,16.8,,-1,-16.8,$0.00 ,$0.00 ,Mastercard,Paid,,6/1/2025,,sales_export_2025_06.csv
TXN-001610,4/4/2024,SALE,Harborview Clinic,Mop Handle,MOP-200,Janitorial Equipment,1,$25.20 ,25.2,0%,$0.00 ,25.2,11.5,,-1,-11.5,0,0,ACH,Paid,,4/4/2024,monthly replenishment,sales_export_2024_04.csv
TXN-001463,10/4/2024,Sale,Quantum IT Services,Soap Dispenser,DSP-100,Washroom Supplies,2,$30.40 ,$60.80 ,0.00%,$0.00 ,60.8,33.6,,-2,-33.6,0,0,Check,Paid,,10/4/2024,web order,sales_export_2024_10.csv
TXN-000495,8/7/2024,sales,Juniper Market,Trash Bags 55 Gal,BAG-100,Waste Supplies,2,29,58,0.1,5.8,52.2,30.8,,-2,($30.80),0,$0.00 ,Cash,Paid,,8/7/2024,,sales_export_2024_08.csv
TXN-000703,4/30/2024,Sale,Juniper Market,Paper Towel Case,PPR-100,Paper Products,6,USD 36.10,$216.60 ,0.00%,0,216.6,129,,-6,-129,0,0,Cash,Paid,,4/30/2024,,sales_export_2024_04.csv
TXN-000470,30-Jun-24,sales,Tidal Wave Media,Nitrile Gloves Box,GLO-100,Safety Supplies,1,$15.75 ,$15.75 ,0%,0,15.75,$7.20 ,,-1,($7.20),15.75,$0.00 ,Invoice,Overdue,,7/30/2024,monthly replenishment,sales_export_2024_06.csv
TXN-001425,10/18/2024,SALE,Union Square Hotel,Paper Towel Case,PPR-100,Paper Products,8,36.1,USD 288.80,0.00%,0,288.8,172,,-8,-172,288.8,0,ACH,Open,,11/17/2024,web order,sales_export_2024_10.csv
TXN-000314,5/11/2024,sales,Zenith Logistics,trash bags 55 gal,BAG-100,Waste Supplies,2,$27.55 ,55.1,0%,$0.00 ,55.1,$30.80 ,,-2,($30.80),$55.10 ,0,Net 30,Open,,6/10/2024,monthly replenishment,sales_export_2024_05.csv
TXN-000445,1/16/2025,Sale,BrightPath Dental,Paper Towel Case,PPR-100,Paper Products,4,39.9,$159.60 ,0%,0,159.6,86,,-4,($86.00),0,$0.00 ,Check,Paid,,1/16/2025,Rush delivery,sales_export_2025_01.csv
TXN-001588,2/20/2025,sales,Yellow Finch Design,All-Purpose Cleaner,CLN-100,Cleaning Supplies,2,$8.08 ,16.16,5%,0.81,15.35,USD 6.20,,-2,-6.2,$15.35 ,$0.00 ,Invoice,Overdue,,3/22/2025,Rush delivery,sales_export_2025_02.csv
TXN-000191,12/14/2025,sales,Cedar & Stone Cafe,Trash Bags 55 Gal,BAG-100,Waste Supplies,5,$29.00 ,$145.00 ,0.00%,0,145,77,,-5,($77.00),$145.00 ,0,Invoice,Open,,1/13/2026,,sales_export_2025_12.csv
TXN-000021,5/29/2025,SALE,Maple Street Bakery,Microfiber Mop Head,MOP-100,Janitorial Equipment,2,17.1,$34.20 ,0.15,5.13,29.07,17.8,,-2,($17.80),0,0,Visa,Paid,,5/29/2025,web order,sales_export_2025_05.csv
TXN-000091,6/20/2025,Sale,Zenith Logistics,Microfiber Mop Head,MOP-100,Janitorial Equipment,4,18.9,75.6,0%,0,75.6,35.6,,-4,($35.60),75.6,0,Invoice,Overdue,,7/20/2025,repeat customer,sales_export_2025_06.csv
TXN-001476,1/15/2024,Sale,Evergreen Fitness,Toilet Tissue Case,PPR-200,Paper Products,3,$44.00 ,$132.00 ,10%,$13.20 ,$118.80 ,77.4,,-3,USD -77.40,0,0,Cash,Paid,,1/15/2024,,sales_export_2024_01.csv
TXN-000732,8/5/2024,SALE,Falcon Ridge Realty,Toilet Tissue Case,PPR-200,Paper Products,5,41.8,209,10%,20.9,188.1,129,,-5,($129.00),$188.10 ,0,Net 30,Open,,9/4/2024,monthly replenishment,sales_export_2024_08.csv
TXN-000402,10/3/2024,sales,Maple Street Bakery,Glass Cleaner,CLN-200,Cleaning Supplies,1,$7.25 ,$7.25 ,0.05,USD 0.36,6.89,$2.55 ,,-1,-2.55,$6.89 ,$0.00 ,ACH,Open,,11/2/2024,web order,sales_export_2024_10.csv
TXN-001193,7/1/2024,SALE,Ironwood Builders,Toilet Tissue Case,PPR-200,Paper Products,5,44,220,0.05,$11.00 ,209,129,,-5,-129,$209.00 ,0,Invoice,Overdue,,7/31/2024,web order,sales_export_2024_07.csv
TXN-001458,3/19/2024,Sale,Westfield Theater,All-Purpose Cleaner,CLN-100,Cleaning Supplies,1,8.93,8.93,0.00%,USD 0.00,8.93,3.1,,-1,($3.10),0,0,Cash,Paid,,3/19/2024,repeat customer,sales_export_2024_03.csv
TXN-000100,7/18/2024,sales,Tidal Wave Media,Hand Sanitizer 1 Gal,SAN-100,Washroom Supplies,10,USD 22.00,220,15%,$33.00 ,USD 187.00,$106.00 ,,-10,-106,0,$0.00 ,Check,Paid,,7/18/2024,web order,sales_export_2024_07.csv
TXN-001636,8/3/2024,SALE,Acme Property Group,Toilet Tissue Case,PPR-200,Paper Products,5,USD 44.00,220,0.05,$11.00 ,209,$129.00 ,,-5,($129.00),0,0,Visa,Paid,,3-Aug-24,Rush delivery,sales_export_2024_08.csv
TXN-001582,2/21/2025,Sale,Keystone Auto Repair,All-Purpose Cleaner,CLN-100,Cleaning Supplies,3,8.08,$24.24 ,0,0,24.24,$9.30 ,,-3,($9.30),$24.24 ,$0.00 ,ACH,Open,,3/23/2025,monthly replenishment,sales_export_2025_02.csv
TXN-000558,5/16/2025,SALE,Union Square Hotel,Toilet Tissue Case,PPR-200,Paper Products,5,USD 44.00,220,0,0,USD 220.00,129,,-5,-129,USD 220.00,0,Net 30,Open,,6/15/2025,monthly replenishment,sales_export_2025_05.csv
TXN-001327,7/3/2025,sales,Golden Hour Events,Paper Towel Case,PPR-100,Paper Products,3,$36.10 ,108.3,0,0,108.3,USD 64.50,,-3,($64.50),$108.30 ,USD 0.00,ACH,Overdue,,8/2/2025,repeat customer,sales_export_2025_07.csv
TXN-001714,4/9/2025,Inventory Purchase,,Nitrile Gloves Box,GLO-100,Safety Supplies,96,$6.91 ,,,,,,,96,$663.55 ,0,$0.00 ,ACH,Paid,SafeHands Wholesale,5/9/2025,,purchases_202504.csv
TXN-002111,4/23/2024,ap payment,,,,Accounts Payable,,,,,,,,,0,USD 0.00,$0.00 ,($528.77),ACH,Paid,SafeHands Wholesale,,Payment applied to vendor bill,ap_payment_register.csv
TXN-000234,4/21/2025,SALE,Westfield Theater,Nitrile Gloves Box,GLO-100,Safety Supplies,10,$15.75 ,USD 157.50,0.1,$15.75 ,141.75,72,,-10,($72.00),0,$0.00 ,Cash,Paid,,4/21/2025,,sales_export_2025_04.csv
TXN-000038,10/7/2025,Sale,Quantum IT Services,Paper Towel Case,PPR-100,Paper Products,10,$38.00 ,380,0.1,$38.00 ,342,215,,-10,USD -215.00,$0.00 ,0,Mastercard,Paid,,10/7/2025,Rush delivery,sales_export_2025_10.csv
TXN-001154,11/18/2025,SALE,Dover Legal Partners,Hand Sanitizer 1 Gal,SAN-100,Washroom Supplies,1,22,22,0,0,USD 22.00,10.6,,-1,-10.6,22,$0.00 ,Net 30,Overdue,,12/18/2025,web order,sales_export_2025_11.csv
TXN-001921,5/23/2025,expense,,,,Software,,,,,,,,143.2,0,$0.00 ,0,$0.00 ,Visa,Paid,cloudsuite,,approved by owner,expenses_May_2025.csv
TXN-000668,4/14/2024,sales,Ironwood Builders,Nitrile Gloves Box,GLO-100,Safety Supplies,4,15,$60.00 ,0.00%,0,60,USD 28.80,,-4,($28.80),$0.00 ,USD 0.00,Cash,Paid,,4/14/2024,Rush delivery,sales_export_2024_04.csv
TXN-001849,1/26/2024,expense,,,,Delivery Fuel,,,,,,,,$210.46 ,0,0,0,0,Visa,Paid,Metro Fuel Stop,,approved by owner,expenses_Jan_2024.csv
TXN-000245,10/9/2024,sales,Zenith Logistics,Toilet Tissue Case,PPR-200,Paper Products,3,41.8,125.4,10.00%,$12.54 ,112.86,77.4,,-3,-77.4,112.86,0,Net 30,Open,,11/8/2024,web order,sales_export_2024_10.csv
TXN-000478,11-Nov-24,sales, Dover Legal Partners ,Microfiber Mop Head,MOP-100,Janitorial Equipment,2,$17.10 ,34.2,0.00%,0,34.2,17.8,,-2,-17.8,0,0,Visa,Paid,,11/11/2024,web order,sales_export_2024_11.csv
TXN-001905,8/15/2024,Operating Expense,,,,Software,,,,,,,,$179.05 ,0,$0.00 ,USD 0.00,$0.00 ,ACH,Paid,CloudSuite,,,expenses_Aug_2024.csv
TXN-000707,1/31/2024,sales,Keystone Auto Repair,All-Purpose Cleaner,CLN-100,Cleaning Supplies,5,8.5,USD 42.50,0,$0.00 ,$42.50 ,$15.50 ,,-5,-15.5,0,0,Check,Paid,,1/31/2024,monthly replenishment,sales_export_2024_01.csv
TXN-000344,6/27/2024,Sale,Summit Childcare,All-Purpose Cleaner,CLN-100,Cleaning Supplies,1,8.08,8.08,0%,0,$8.08 ,$3.10 ,,-1,-3.1,8.08,$0.00 ,ACH,Open,,7/27/2024,monthly replenishment,sales_export_2024_06.csv
TXN-002005,12/31/2025,AR Receipt,Lakeside Vet Care,Paper Towel Case,,Accounts Receivable,,,,,,,,,0,0,($76.00),0,ACH,Paid,,,Payment applied to customer invoice,ar_receipts_export.csv
TXN-001593,2/28/2024,sales,Golden Hour Events,Toilet Tissue Case,PPR-200,Paper Products,3,$44.00 ,132,0.00%,0,132,77.4,,-3,-77.4,132,USD 0.00,Invoice,Open,,3/29/2024,web order,sales_export_2024_02.csv
TXN-000769,10/31/2025,SALE,Oak & Olive Bistro,Glass Cleaner,CLN-200,Cleaning Supplies,1,USD 6.89,6.89,0.00%,$0.00 ,6.89,$2.55 ,,-1,($2.55),0,$0.00 ,Check,Paid,,10/31/2025,monthly replenishment,sales_export_2025_10.csv
TXN-001191,5/20/2025,sales,Falcon Ridge Realty,Nitrile Gloves Box,GLO-100,Safety Supplies,6,$15.00 ,$90.00 ,0%,$0.00 ,90,$43.20 ,,-6,($43.20),$0.00 ,0,Check,Paid,,5/20/2025,repeat customer,sales_export_2025_05.csv
TXN-001104,14-Dec-24,Sale,YELLOW FINCH DESIGN,Trash Bags 55 Gal,BAG-100,Waste Supplies,2,$29.00 ,USD 58.00,0%,0,$58.00 ,30.8,,-2,-30.8,0,0,Mastercard,Paid,,12/14/2024,repeat customer,sales_export_2024_12.csv
TXN-000956,23-Feb-25,SALE, Zenith Logistics ,All-Purpose Cleaner,CLN-100,Cleaning Supplies,3,8.5,$25.50 ,0.00%,0,25.5,9.3,,-3,-9.3,0,0,Visa,Paid,,2/23/2025,Rush delivery,sales_export_2025_02.csv
TXN-001407,3/8/2024,sales,Keystone Auto Repair,Hand Sanitizer 1 Gal,SAN-100,Washroom Supplies,1,$20.90 ,20.9,0.00%,0,$20.90 ,10.6,,-1,-10.6,USD 0.00,$0.00 ,ACH,Paid,,3/8/2024,Rush delivery,sales_export_2024_03.csv
TXN-000884,7/10/2024,SALE,Northstar Consulting,Glass Cleaner,CLN-200,Cleaning Supplies,4,$7.61 ,30.44,5.00%,1.52,$28.92 ,USD 10.20,,-4,-10.2,0,0,Cash,Paid,,7/10/2024,repeat customer,sales_export_2024_07.csv
TXN-000585,28-Jun-24,sales,Maple Street Bakery,Paper Towel Case,PPR-100,Paper Products,2,39.9,USD 79.80,0.00%,$0.00 ,79.8,43,,-2,($43.00),0,$0.00 ,ACH,Paid,,6/28/2024,Rush delivery,sales_export_2024_06.csv
TXN-000046,4/29/2025,Sale,Acme Property Group,All-Purpose Cleaner,CLN-100,Cleaning Supplies,2,USD 8.50,$17.00 ,0,0,$17.00 ,6.2,,-2,-6.2,$0.00 ,0,Visa,Paid,,4/29/2025,Rush delivery,sales_export_2025_04.csv
TXN-000346,7/28/2025,Sale,Cedar & Stone Cafe,Mop Handle,MOP-200,Janitorial Equipment,4,$24.00 ,96,0,0,$96.00 ,$46.00 ,,-4,($46.00),$96.00 ,0,Net 30,Open,,8/27/2025,web order,sales_export_2025_07.csv
TXN-001950,5/19/2024,Operating Expense,,,,Insurance,,,,,,,,472.27,0,0,0,0,ACH,Paid,Crestline Insurance,,recurring monthly charge,expenses_May_2024.csv
TXN-001564,10/3/2024,Sale,Summit Childcare,Microfiber Mop Head,MOP-100,Janitorial Equipment,2,18,36,5%,1.8,34.2,$17.80 ,,-2,-17.8,0,$0.00 ,ACH,Paid,,10/3/2024,Rush delivery,sales_export_2024_10.csv
TXN-000258,4/29/2024,SALE,Valley Fresh Grocers,paper towel case,PPR-100,Paper Products,8,36.1,288.8,0%,$0.00 ,288.8,$172.00 ,,-8,-172,USD 0.00,$0.00 ,Cash,Paid,,4/29/2024,Rush delivery,sales_export_2024_04.csv
TXN-000787,6/14/2025,SALE,Evergreen Fitness,Microfiber Mop Head,MOP-100,Janitorial Equipment,5,18,90,0.00%,0,90,44.5,,-5,-44.5,90,USD 0.00,Invoice,Open,,7/14/2025,web order,sales_export_2025_06.csv
TXN-000870,5/7/2024,sales,Keystone Auto Repair,Toilet Tissue Case,PPR-200,Paper Products,5,$46.20 ,$231.00 ,5.00%,$11.55 ,219.45,129,,-5,($129.00),0,0,Check,Paid,,5/7/2024,,sales_export_2024_05.csv
TXN-001392,1/17/2024,sales,Riverbend Brewery,GLASS CLEANER,CLN-200,Cleaning Supplies,3,7.25,$21.75 ,0%,0,21.75,$7.65 ,,-3,-7.65,$0.00 ,0,ACH,Paid,,1/17/2024,Rush delivery,sales_export_2024_01.csv
TXN-002062,6/15/2024,AP Payment,,,,Accounts Payable,,,,,,,,,0,0,$0.00 ,($209.33),Wire,Paid,Facility Gear Inc,,Payment applied to vendor bill,ap_payment_register.csv
TXN-001019,12/31/2024,SALE,Dover Legal Partners,Nitrile Gloves Box,GLO-100,Safety Supplies,2,15,$30.00 ,0.00%,USD 0.00,30,$14.40 ,,-2,-14.4,0,$0.00 ,Check,Paid,,31-Dec-24,repeat customer,sales_export_2024_12.csv
TXN-001763,7/7/2025,Inventory Purchase,, Nitrile Gloves Box ,GLO-100,Safety Supplies,48,7.34,,,,,,,48,352.51,$0.00 ,$0.00 ,ACH,Paid,SafeHands Wholesale,8/6/2025,,purchases_202507.csv
TXN-000852,5/14/2025,sales,BrightPath Dental,Toilet Tissue Case,PPR-200,Paper Products,1,USD 44.00,$44.00 ,0,0,44,$25.80 ,,-1,($25.80),$0.00 ,0,ACH,Paid,,5/14/2025,,sales_export_2025_05.csv
TXN-001344,12/19/2025,SALE,Keystone Auto Repair,MICROFIBER MOP HEAD,MOP-100,Janitorial Equipment,5,$18.00 ,90,0%,USD 0.00,90,44.5,,-5,($44.50),0,0,Check,Paid,,12/19/2025,monthly replenishment,sales_export_2025_12.csv
TXN-000525,9/9/2025,sales,Evergreen Fitness,Nitrile Gloves Box,GLO-100,Safety Supplies,3,$15.00 ,45,0.00%,$0.00 ,$45.00 ,$21.60 ,,-3,($21.60),0,$0.00 ,Cash,Paid,,9/9/2025,web order,sales_export_2025_09.csv
TXN-002061,7/19/2024,ap payment,,,,Accounts Payable,,,,,,,,,0,0,USD 0.00,($440.64),ACH,Paid,SafeHands Wholesale,,Payment applied to vendor bill,ap_payment_register.csv
TXN-002071,12/17/2024,AP Payment,,,,Accounts Payable,,,,,,,,,0,$0.00 ,USD 0.00,USD -178.56,ACH,Paid,North Supply Co.,,Payment applied to vendor bill,ap_payment_register.csv
TXN-000159,10/19/2025,sales,Quantum IT Services,Trash Bags 55 Gal,BAG-100,Waste Supplies,5,$29.00 ,145,0,USD 0.00,USD 145.00,77,,-5,($77.00),$145.00 ,0,ACH,Open,,11/18/2025,monthly replenishment,sales_export_2025_10.csv
TXN-000747,6/18/2025,Sale,BrightPath Dental,Nitrile Gloves Box,GLO-100,Safety Supplies,1,15,15,0.00%,0,15,$7.20 ,,-1,($7.20),15,$0.00 ,Invoice,Overdue,,7/18/2025,web order,sales_export_2025_06.csv
TXN-000224,2/2/2025,sales,Acme Property Group,Hand Sanitizer 1 Gal,SAN-100,Washroom Supplies,1,20.9,20.9,0%,$0.00 ,20.9,10.6,,-1,($10.60),20.9,0,ACH,Open,,3/4/2025,repeat customer,sales_export_2025_02.csv
TXN-000399,1/29/2024,Sale,Harborview Clinic,TRASH BAGS 55 GAL,BAG-100,Waste Supplies,1,$29.00 ,$29.00 ,5.00%,USD 1.45,27.55,15.4,,-1,USD -15.40,$0.00 ,0,ACH,Paid,,1/29/2024,,sales_export_2024_01.csv
TXN-001512,8/27/2025,Sale,Cedar & Stone Cafe,Toilet Tissue Case,PPR-200,Paper Products,4,44,176,0%,$0.00 ,176,103.2,,-4,-103.2,176,0,Invoice,Open,,26-Sep-25,repeat customer,sales_export_2025_08.csv
TXN-001000,5/30/2025,sales,Keystone Auto Repair,Trash Bags 55 Gal,BAG-100,Waste Supplies,8,30.45,243.6,0.05,12.18,231.42,$123.20 ,,-8,($123.20),0,0,Cash,Paid,,5/30/2025,web order,sales_export_2025_05.csv
TXN-001931,5/31/2025,expense,,,,Utilities,,,,,,,,354.87,0,0,0,0,Check,Paid,BrightGrid Electric,,,expenses_May_2025.csv
TXN-001944,2/4/2024,EXPENSE,,,,Insurance,,,,,,,,USD 387.58,0,0,USD 0.00,0,Check,Paid,Crestline Insurance,,approved by owner,expenses_Feb_2024.csv
TXN-001609,5/11/2025,SALE,Northstar Consulting,Trash Bags 55 Gal,BAG-100,Waste Supplies,5,29,145,0,0,145,$77.00 ,,-5,-77,$145.00 ,$0.00 ,Invoice,Open,,6/10/2025,,sales_export_2025_05.csv
TXN-002022,3/16/2025,Customer Payment,Summit Childcare,Mop Handle,,Accounts Receivable,,,,,,,,,0,USD 0.00,($240.00),$0.00 ,ACH,Paid,,,Payment applied to customer invoice,ar_receipts_export.csv
TXN-001659,3/30/2024,PURCHASE,,Hand Sanitizer 1 Gal,SAN-100,Washroom Supplies,120,10.18,,,,,,,120,"1,221.12",$0.00 ,1221.12,Net 30,Open,Hygiene Solutions,4/29/2024,stock replenishment,purchases_202403.csv
TXN-001389,6/7/2025,sales,Acme Property Group,Soap Dispenser,DSP-100,Washroom Supplies,3,$33.60 ,$100.80 ,0,0,$100.80 ,50.4,,-3,($50.40),$0.00 ,$0.00 ,Mastercard,Paid,,6/7/2025,monthly replenishment,sales_export_2025_06.csv
TXN-001028,6/5/2025,Sale,Golden Hour Events,Hand Sanitizer 1 Gal,SAN-100,Washroom Supplies,2,USD 22.00,44,0.1,4.4,39.6,$21.20 ,,-2,-21.2,$0.00 ,0,ACH,Paid,,6/5/2025,repeat customer,sales_export_2025_06.csv
TXN-000262,12/20/2025,SALE,Zenith Logistics,Microfiber Mop Head,MOP-100,Janitorial Equipment,4,$17.10 ,$68.40 ,0,$0.00 ,68.4,$35.60 ,,-4,-35.6,0,0,Visa,Paid,,12/20/2025,,sales_export_2025_12.csv
TXN-001231,11/2/2025,SALE,Riverbend Brewery,Mop Handle,MOP-200,Janitorial Equipment,3,$25.20 ,75.6,5.00%,USD 3.78,71.82,34.5,,-3,-34.5,$0.00 ,USD 0.00,Visa,Paid,,11/2/2025,,sales_export_2025_11.csv
TXN-001734,12/12/2025,inventory purchase,,Hand Sanitizer 1 Gal,SAN-100,Washroom Supplies,120,10.39,,,,,,,120,"1,246.56",$0.00 ,0,ACH,Paid,Hygiene Solutions,1/11/2026,vendor shipment received,purchases_202512.csv
TXN-001628,6-Feb-25,Sale,Tidal Wave Media,Microfiber Mop Head,MOP-100,Janitorial Equipment,5,18.9,94.5,5.00%,4.73,89.77,44.5,,-5,-44.5,0,0,Visa,Paid,,2/6/2025,Rush delivery,sales_export_2025_02.csv
TXN-000806,2-Jan-25,SALE,Pinecrest Academy,Hand Sanitizer 1 Gal,SAN-100,Washroom Supplies,1,$22.00 ,USD 22.00,0%,$0.00 ,$22.00 ,$10.60 ,,-1,($10.60),$22.00 ,0,Invoice,Overdue,,2/1/2025,repeat customer,sales_export_2025_01.csv
TXN-001780,10/25/2025,PURCHASE,,Trash Bags 55 Gal,BAG-100,Waste Supplies,120,$15.40 ,,,,,,,120,"$1,848.00 ",0,0,ACH,Paid,Metro Packaging LLC,11/24/2025,stock replenishment,purchases_202510.csv
TXN-001010,10/31/2025,Sale,Northstar Consulting,Toilet Tissue Case,PPR-200,Paper Products,2,$46.20 ,$92.40 ,0,0,$92.40 ,51.6,,-2,-51.6,92.4,0,ACH,Open,,11/30/2025,web order,sales_export_2025_10.csv
TXN-001555,3/27/2024,SALE,Tidal Wave Media,Paper Towel Case,PPR-100,Paper Products,1,$38.00 ,$38.00 ,15%,$5.70 ,N/A,21.5,,-1,-21.5,0,0,Cash,Paid,,3/27/2024,Rush delivery,sales_export_2024_03.csv
TXN-000280,8/19/2024,Sale,Maple Street Bakery,Hand Sanitizer 1 Gal,SAN-100,Washroom Supplies,4,$22.00 ,$88.00 ,5%,$4.40 ,$83.60 ,$42.40 ,,-4,($42.40),0,0,Mastercard,Paid,,8/19/2024,,sales_export_2024_08.csv
TXN-000152,5/10/2024,Sale,Riverbend Brewery,Hand Sanitizer 1 Gal,SAN-100,Washroom Supplies,4,$20.90 ,83.6,0%,USD 0.00,$83.60 ,$42.40 ,,-4,($42.40),$0.00 ,0,Visa,Paid,,5/10/2024,,sales_export_2024_05.csv
TXN-000546,11/4/2024,Sale,Cedar & Stone Cafe,Soap Dispenser,DSP-100,Washroom Supplies,3,32,96,0.00%,$0.00 ,96,50.4,,-3,($50.40),96,0,Net 30,Open,,12/4/2024,web order,sales_export_2024_11.csv
TXN-002070,12/31/2025,ap payment,,,,Accounts Payable,,,,,,,,,0,0,USD 0.00,"-2,105.28",Wire,Paid,PaperPro Distributors,,Payment applied to vendor bill,ap_payment_register.csv
TXN-000777,8/2/2025,sales,Juniper Market,Soap Dispenser,DSP-100,Washroom Supplies,6,33.6,$201.60 ,0%,0,$201.60 ,USD 100.80,,-6,-100.8,$0.00 ,$0.00 ,Check,Paid,,8/2/2025,monthly replenishment,sales_export_2025_08.csv
TXN-001253,10/7/2025,Sale,Lakeside Vet Care,Microfiber Mop Head,MOP-100,Janitorial Equipment,3,$18.00 ,$54.00 ,0.00%,$0.00 ,USD 54.00,$26.70 ,,-3,-26.7,USD 0.00,0,Mastercard,Paid,,7-Oct-25,monthly replenishment,sales_export_2025_10.csv
TXN-001103,2/27/2024,SALE,Falcon Ridge Realty,All-Purpose Cleaner,CLN-100,Cleaning Supplies,12,8.5,$102.00 ,0,$0.00 ,102,$37.20 ,,-12,-37.2,102,$0.00 ,Invoice,Open,,3/28/2024,monthly replenishment,sales_export_2024_02.csv
TXN-001838,4/19/2025,EXPENSE,,,,Payroll,,,,,,,,"1,455.11",0,0,0,$0.00 ,Check,Paid,Staff Payroll,,recurring monthly charge,expenses_Apr_2025.csv
TXN-001397,10/30/2024,SALE,Keystone Auto Repair,Soap Dispenser,DSP-100,Washroom Supplies,3,$32.00 ,$96.00 ,0.1,$9.60 ,86.4,$50.40 ,,-3,($50.40),$0.00 ,0,ACH,Paid,,10/30/2024,web order,sales_export_2024_10.csv
TXN-000994,3/16/2025,Sale,Tidal Wave Media,Paper Towel Case,PPR-100,Paper Products,4,USD 38.00,$152.00 ,0.00%,$0.00 ,152,USD 86.00,,-4,($86.00),$0.00 ,0,ACH,Paid,,3/16/2025,Rush delivery,sales_export_2025_03.csv
TXN-000362,2/10/2025,sales,Juniper Market,Microfiber Mop Head,MOP-100,Janitorial Equipment,2,17.1,$34.20 ,5.00%,$1.71 ,32.49,$17.80 ,,-2,-17.8,0,0,Cash,Paid,,2/10/2025,,sales_export_2025_02.csv
TXN-000482,7/10/2024,sales, Cedar & Stone Cafe ,Glass Cleaner,CLN-200,Cleaning Supplies,3,$7.61 ,22.83,0,$0.00 ,22.83,USD 7.65,,-3,-7.65,$0.00 ,USD 0.00,Cash,Paid,,10-Jul-24,Rush delivery,sales_export_2024_07.csv
TXN-001464,7/19/2025,SALE,acme property group,All-Purpose Cleaner,CLN-100,Cleaning Supplies,3,8.08,24.24,0,0,$24.24 ,9.3,,-3,-9.3,0,$0.00 ,Check,Paid,,19-Jul-25,repeat customer,sales_export_2025_07.csv
TXN-000491,4/10/2024,Sale,Tidal Wave Media,Hand Sanitizer 1 Gal,SAN-100,Washroom Supplies,2,22,$44.00 ,0.05,2.2,41.8,$21.20 ,,-2,($21.20),0,0,Mastercard,Paid,,4/10/2024,repeat customer,sales_export_2024_04.csv
TXN-001013,9/12/2024,SALE,Valley Fresh Grocers,Paper Towel Case,PPR-100,Paper Products,5,$39.90 ,199.5,5%,$9.98 ,USD 189.52,107.5,,-5,($107.50),0,0,Check,Paid,,9/12/2024,web order,sales_export_2024_09.csv
TXN-001977,8/28/2025,Customer Payment,Zenith Logistics,Microfiber Mop Head,,Accounts Receivable,,,,,,,,,0,$0.00 ,-75.6,0,Check,Paid,,,Payment applied to customer invoice,ar_receipts_export.csv
TXN-001967,9/15/2025,ar receipt,Westfield Theater,Toilet Tissue Case,,Accounts Receivable,,,,,,,,,0,0,-184.8,USD 0.00,Check,Paid,,,Payment applied to customer invoice,ar_receipts_export.csv
TXN-001795,2/11/2024,PURCHASE,,Paper Towel Case,PPR-100,Paper Products,48,20.64,,,,,,,48,USD 990.72,0,990.72,Net 30,Open,PaperPro Distributors,12-Mar-24,vendor shipment received,purchases_202402.csv
TXN-000308,10/11/2025,SALE,Lakeside Vet Care,Soap Dispenser,DSP-100,Washroom Supplies,3,30.4,91.2,0%,0,$91.20 ,50.4,,-3,-50.4,91.2,0,Invoice,Open,,11/10/2025,web order,sales_export_2025_10.csv
TXN-000207,5/1/2024,Sale,Yellow Finch Design,Microfiber Mop Head,MOP-100,Janitorial Equipment,4,$17.10 ,$68.40 ,0,0,$68.40 ,35.6,,-4,USD -35.60,0,$0.00 ,ACH,Paid,,5/1/2024,repeat customer,sales_export_2024_05.csv
TXN-000598,7/28/2025,SALE,Acme Property Group,Microfiber Mop Head,MOP-100,Janitorial Equipment,2,18,$36.00 ,0,0,USD 36.00,$17.80 ,,-2,-17.8,36,0,Net 30,Open,,8/27/2025,Rush delivery,sales_export_2025_07.csv
TXN-001068,10/29/2025,Sale,Valley Fresh Grocers,Glass Cleaner,CLN-200,Cleaning Supplies,3,$7.25 ,21.75,10%,2.18,USD 19.57,7.65,,-3,($7.65),$0.00 ,0,Cash,Paid,,10/29/2025,monthly replenishment,sales_export_2025_10.csv
TXN-002039,5/16/2024,AR Receipt,Keystone Auto Repair,Mop Handle,,Accounts Receivable,,,,,,,,,0,0,($91.20),0,Check,Paid,,,Payment applied to customer invoice,ar_receipts_export.csv
TXN-001210,2-Sep-25,sales,Quantum IT Services,Paper Towel Case,PPR-100,Paper Products,2,38,$76.00 ,5.00%,3.8,USD 72.20,43,,-2,($43.00),$0.00 ,$0.00 ,Check,Paid,,9/2/2025,monthly replenishment,sales_export_2025_09.csv
TXN-000036,4/27/2025,SALE,Acme Property Group,Paper Towel Case,PPR-100,Paper Products,2,39.9,79.8,0.05,$3.99 ,$75.81 ,$43.00 ,,-2,-43,USD 0.00,0,Mastercard,Paid,,4/27/2025,web order,sales_export_2025_04.csv
TXN-000238,3/11/2024,sales,Juniper Market,Soap Dispenser,DSP-100,Washroom Supplies,2,$30.40 ,60.8,0%,$0.00 ,60.8,33.6,,-2,-33.6,0,$0.00 ,Cash,Paid,,3/11/2024,repeat customer,sales_export_2024_03.csv
TXN-001145,2/12/2025,SALE,BrightPath Dental,Hand Sanitizer 1 Gal,SAN-100,Washroom Supplies,1,23.1,23.1,5.00%,1.16,21.94,10.6,,-1,-10.6,0,USD 0.00,Check,Paid,,2/12/2025,,sales_export_2025_02.csv
TXN-000722,11/24/2024,sales,Cedar & Stone Cafe,Trash Bags 55 Gal,BAG-100,Waste Supplies,1,27.55,27.55,0.00%,USD 0.00,27.55,15.4,,-1,($15.40),$27.55 ,0,Net 30,Open,,12/24/2024,Rush delivery,sales_export_2024_11.csv
TXN-000921,6/22/2025,SALE,Quantum IT Services,Mop Handle,MOP-200,Janitorial Equipment,3,22.8,68.4,0%,$0.00 ,$68.40 ,$34.50 ,,-3,($34.50),USD 68.40,0,Net 30,Open,,7/22/2025,web order,sales_export_2025_06.csv
TXN-001966,5/12/2024,ar receipt,Ironwood Builders,Soap Dispenser,,Accounts Receivable,,,,,,,,,0,$0.00 ,-159.6,0,Check,Paid,,,Payment applied to customer invoice,ar_receipts_export.csv
TXN-001715,12/13/2024,inventory purchase,,Glass Cleaner,CLN-200,Cleaning Supplies,72,2.6,,,,,,,72,$187.27 ,0,$187.27 ,Net 30,Open,North Supply Co.,1/12/2025,vendor shipment received,purchases_202412.csv
TXN-001292,24-Jul-25,SALE,Westfield Theater,Trash Bags 55 Gal,BAG-100,Waste Supplies,1,29,$29.00 ,0.00%,$0.00 ,29,15.4,,-1,($15.40),0,0,Visa,Paid,,7/24/2025,,sales_export_2025_07.csv
TXN-001970,3-Sep-25,AR Receipt,Dover Legal Partners,Mop Handle,,Accounts Receivable,,,,,,,,,0,0,-240,$0.00 ,Wire,Paid,,,Payment applied to customer invoice,ar_receipts_export.csv
TXN-000196,2/15/2024,Sale,Union Square Hotel,Hand Sanitizer 1 Gal,SAN-100,Washroom Supplies,8,23.1,184.8,5.00%,9.24,175.56,84.8,,-8,($84.80),175.56,0,ACH,Open,,3/16/2024,web order,sales_export_2024_02.csv
TXN-000436,4/1/2024,Sale,Golden Hour Events,Glass Cleaner,CLN-200,Cleaning Supplies,10,$7.25 ,$72.50 ,0.00%,0,72.5,$25.50 ,,-10,-25.5,$0.00 ,0,Cash,Paid,,4/1/2024,web order,sales_export_2024_04.csv
TXN-000541,2/5/2025,Sale,Harborview Clinic,Trash Bags 55 Gal,BAG-100,Waste Supplies,10,$27.55 ,275.5,0,0,275.5,154,,-10,-154,USD 0.00,$0.00 ,Mastercard,Paid,,2/5/2025,Rush delivery,sales_export_2025_02.csv
TXN-000838,10/17/2025,SALE,Cedar & Stone Cafe,Mop Handle,MOP-200,Janitorial Equipment,2,24,48,0%,$0.00 ,$48.00 ,23,,-2,-23,$0.00 ,0,ACH,Paid,,10/17/2025,Rush delivery,sales_export_2025_10.csv
TXN-000355,12/26/2025,SALE,Golden Hour Events,Microfiber Mop Head,MOP-100,Janitorial Equipment,10,18,180,0,0,180,$89.00 ,,-10,($89.00),$0.00 ,0,ACH,Paid,,12/26/2025,repeat customer,sales_export_2025_12.csv
TXN-001991,3/20/2024,ar receipt,Acme Property Group,Glass Cleaner,,Accounts Receivable,,,,,,,,,0,0,-21.75,$0.00 ,Check,Paid,,,Payment applied to customer invoice,ar_receipts_export.csv
TXN-000958,23-Feb-25,sales,Golden Hour Events,Soap Dispenser,DSP-100,Washroom Supplies,12,33.6,$403.20 ,0,$0.00 ,$403.20 ,USD 201.60,,-12,($201.60),USD 0.00,0,Check,Paid,,2/23/2025,repeat customer,sales_export_2025_02.csv
TXN-000991,3/8/2024,Sale,Quantum IT Services,Hand Sanitizer 1 Gal,SAN-100,Washroom Supplies,1,22,$22.00 ,0.00%,$0.00 ,$22.00 ,$10.60 ,,-1,-10.6,0,$0.00 ,Cash,Paid,,3/8/2024,repeat customer,sales_export_2024_03.csv
TXN-001807,6/2/2025,PURCHASE,,Microfiber Mop Head,MOP-100,Janitorial Equipment,60,9.08,,,,,,,60,544.68,0,$544.68 ,Net 30,Overdue,Facility Gear Inc,7/2/2025,stock replenishment,purchases_202506.csv
TXN-000908,9/15/2024,sales,Oak & Olive Bistro,Soap Dispenser,DSP-100,Washroom Supplies,5,33.6,USD 168.00,15%,USD 25.20,142.8,84,,-5,-84,0,$0.00 ,Check,Paid,,9/15/2024,repeat customer,sales_export_2024_09.csv
TXN-000726,2/12/2025,SALE,Zenith Logistics,Nitrile Gloves Box,GLO-100,Safety Supplies,4,15,60,0,$0.00 ,60,$28.80 ,,-4,-28.8,60,$0.00 ,ACH,Open,,14-Mar-25,monthly replenishment,sales_export_2025_02.csv
TXN-001409,3/14/2024,sales,Evergreen Fitness,Nitrile Gloves Box,GLO-100,Safety Supplies,5,14.25,71.25,0,$0.00 ,71.25,$36.00 ,,-5,-36,71.25,0,Invoice,Open,,4/13/2024,Rush delivery,sales_export_2024_03.csv
TXN-001223,3/5/2025,SALE,Quantum IT Services,Soap Dispenser,DSP-100,Washroom Supplies,2,$32.00 ,$64.00 ,0.00%,0,64,33.6,,-2,-33.6,$0.00 ,0,Cash,Paid,,3/5/2025,monthly replenishment,sales_export_2025_03.csv
TXN-001488,6-Jul-24,Sale,BrightPath Dental,Trash Bags 55 Gal,BAG-100,Waste Supplies,2,$29.00 ,58,0%,0,$58.00 ,$30.80 ,,-2,USD -30.80,$58.00 ,0,ACH,Open,,8/5/2024,Rush delivery,sales_export_2024_07.csv
TXN-000211,7/21/2025,sales,Yellow Finch Design,Trash Bags 55 Gal,BAG-100,Waste Supplies,5,30.45,$152.25 ,0.00%,$0.00 ,152.25,77,,-5,-77,$152.25 ,$0.00 ,Invoice,Open,,8/20/2025,repeat customer,sales_export_2025_07.csv
TXN-001175,2/23/2025,sales,Union Square Hotel,Glass Cleaner,CLN-200,Cleaning Supplies,4,$7.25 ,29,0%,0,29,10.2,,-4,-10.2,0,$0.00 ,Visa,Paid,,2/23/2025,monthly replenishment,sales_export_2025_02.csv
TXN-000727,5/11/2025,sales, Quantum IT Services ,Hand Sanitizer 1 Gal,SAN-100,Washroom Supplies,2,22,44,5.00%,2.2,41.8,21.2,,-2,($21.20),41.8,$0.00 ,Net 30,Open,,6/10/2025,Rush delivery,sales_export_2025_05.csv
TXN-000887,11/12/2025,Sale,Harborview Clinic,Trash Bags 55 Gal,BAG-100,Waste Supplies,3,30.45,91.35,5.00%,4.57,$86.78 ,46.2,,-3,($46.20),86.78,0,ACH,Open,,12/12/2025,repeat customer,sales_export_2025_11.csv
TXN-000377,9/28/2024,sales,BrightPath Dental,Mop Handle,MOP-200,Janitorial Equipment,2,$22.80 ,USD 45.60,0.00%,USD 0.00,45.6,23,,-2,($23.00),$0.00 ,$0.00 ,ACH,Paid,,9/28/2024,web order,sales_export_2024_09.csv
TXN-000425,10-Mar-25,sales,PINECREST ACADEMY,Glass Cleaner,CLN-200,Cleaning Supplies,3,7.25,$21.75 ,0%,0,$21.75 ,7.65,,-3,-7.65,21.75,0,ACH,Overdue,,4/9/2025,,sales_export_2025_03.csv
TXN-001875,9/26/2025,EXPENSE,,,,Insurance,,,,,,,,$473.37 ,0,0,$0.00 ,USD 0.00,ACH,Paid,Crestline Insurance,,recurring monthly charge,expenses_Sep_2025.csv
TXN-000515,9/2/2025,SALE,Acme Property Group,Glass Cleaner,CLN-200,Cleaning Supplies,1,7.25,7.25,5.00%,0.36,6.89,2.55,,-1,($2.55),0,0,ACH,Paid,,9/2/2025,Rush delivery,sales_export_2025_09.csv
TXN-001604,3/28/2025,Sale,Dover Legal Partners,Nitrile Gloves Box,GLO-100,Safety Supplies,3,15,45,0.00%,0,45,USD 21.60,,-3,($21.60),45,0,ACH,Open,,4/27/2025,monthly replenishment,sales_export_2025_03.csv
TXN-001414,7/16/2025,sales,Oak & Olive Bistro,Hand Sanitizer 1 Gal,SAN-100,Washroom Supplies,10,$22.00 ,220,0.05,11,$209.00 ,106,,-10,-106,$209.00 ,0,Net 30,Overdue,,8/15/2025,web order,sales_export_2025_07.csv
TXN-001268,1/9/2025,Sale,Yellow Finch Design,Glass Cleaner,CLN-200,Cleaning Supplies,3,6.89,20.67,0.05,$1.03 ,19.64,$7.65 ,,-3,-7.65,0,$0.00 ,Mastercard,Paid,,1/9/2025,monthly replenishment,sales_export_2025_01.csv
TXN-001255,9/25/2024,sales,Pinecrest Academy,All-Purpose Cleaner,CLN-100,Cleaning Supplies,10,8.5,$85.00 ,0,$0.00 ,$85.00 ,31,,-10,($31.00),$0.00 ,0,Visa,Paid,,9/25/2024,,sales_export_2024_09.csv
TXN-001052,5/10/2025,SALE,Quantum IT Services,Soap Dispenser,DSP-100,Washroom Supplies,3,30.4,91.2,0.1,$9.12 ,82.08,50.4,,-3,($50.40),82.08,0,Invoice,Overdue,,6/9/2025,monthly replenishment,sales_export_2025_05.csv
TXN-002002,3/25/2025,Customer Payment,Lakeside Vet Care,Hand Sanitizer 1 Gal,,Accounts Receivable,,,,,,,,,0,0,-41.58,USD 0.00,ACH,Paid,,,Payment applied to customer invoice,ar_receipts_export.csv
TXN-000034,4/20/2025,sales,Acme Property Group,paper towel case,PPR-100,Paper Products,2,38,76,5.00%,3.8,72.2,43,,-2,-43,$0.00 ,0,Cash,Paid,,4/20/2025,,sales_export_2025_04.csv
TXN-001823,9/10/2024,Inventory Purchase,,Hand Sanitizer 1 Gal,SAN-100,Washroom Supplies,24,10.18,,,,,,,24,$244.22 ,0,$0.00 ,ACH,Paid,Hygiene Solutions,10/10/2024,,purchases_202409.csv
TXN-001345,2/11/2024,sales,Tidal Wave Media,Microfiber Mop Head,MOP-100,Janitorial Equipment,2,18.9,37.8,0%,0,$37.80 ,$17.80 ,,-2,-17.8,37.8,0,Invoice,Open,,3/12/2024,Rush delivery,sales_export_2024_02.csv
TXN-000339,1/26/2025,Sale,Oak & Olive Bistro,Hand Sanitizer 1 Gal,SAN-100,Washroom Supplies,1,USD 22.00,USD 22.00,0.00%,0,22,$10.60 ,,-1,-10.6,22,$0.00 ,Net 30,Overdue,,2/25/2025,,sales_export_2025_01.csv
TXN-000044,7/11/2025,sales,Westfield Theater,Toilet Tissue Case,PPR-200,Paper Products,4,46.2,$184.80 ,0.00%,0,184.8,103.2,,-4,($103.20),184.8,USD 0.00,ACH,Open,,8/10/2025,monthly replenishment,sales_export_2025_07.csv
TXN-001037,7/7/2025,SALE,Riverbend Brewery,Nitrile Gloves Box,GLO-100,Safety Supplies,2,$14.25 ,$28.50 ,0,0,$28.50 ,$14.40 ,,-2,($14.40),$28.50 ,0,ACH,Open,,8/6/2025,web order,sales_export_2025_07.csv
TXN-001887,6/1/2024,expense,,,,Rent,,,,,,,,"$3,454.60 ",0,0,0,0,Check,Paid,City Center Properties,,recurring monthly charge,expenses_Jun_2024.csv
TXN-000843,18-Sep-24,SALE,Summit Childcare,Microfiber Mop Head,MOP-100,Janitorial Equipment,2,18,36,0.00%,0,36,USD 17.80,,-2,($17.80),36,USD 0.00,ACH,Overdue,,10/18/2024,repeat customer,sales_export_2024_09.csv
TXN-002037,7/19/2024,Customer Payment,Union Square Hotel,Trash Bags 55 Gal,,Accounts Receivable,,,,,,,,,0,0,-30.45,$0.00 ,Check,Paid,,,Payment applied to customer invoice,ar_receipts_export.csv
TXN-000446,10/11/2025,SALE,Pinecrest Academy,Hand Sanitizer 1 Gal,SAN-100,Washroom Supplies,5,$20.90 ,$104.50 ,0%,0,104.5,53,,-5,-53,104.5,0,Net 30,Open,,11/10/2025,monthly replenishment,sales_export_2025_10.csv
TXN-000039,5/9/2024,sales,Riverbend Brewery,Glass Cleaner,CLN-200,Cleaning Supplies,12,6.89,$82.68 ,0.00%,0,USD 82.68,30.6,,-12,-30.6,0,0,Cash,Paid,,5/9/2024,web order,sales_export_2024_05.csv
TXN-000081,8/18/2024,SALE,Keystone Auto Repair,All-Purpose Cleaner,CLN-100,Cleaning Supplies,5,8.5,42.5,0.00%,0,42.5,USD 15.50,,-5,-15.5,0,0,ACH,Paid,,8/18/2024,monthly replenishment,sales_export_2024_08.csv
TXN-000328,1/15/2025,sales,Oak & Olive Bistro,Microfiber Mop Head,MOP-100,Janitorial Equipment,6,$17.10 ,USD 102.60,0.00%,0,$102.60 ,53.4,,-6,($53.40),102.6,0,ACH,Open,,2/14/2025,monthly replenishment,sales_export_2025_01.csv
TXN-000630,2/5/2025,Sale,Dover Legal Partners,Hand Sanitizer 1 Gal,SAN-100,Washroom Supplies,3,USD 23.10,$69.30 ,0.00%,0,$69.30 ,USD 31.80,,-3,($31.80),0,USD 0.00,Check,Paid,,2/5/2025,Rush delivery,sales_export_2025_02.csv
TXN-000655,9/4/2025,SALE,Ironwood Builders,All-Purpose Cleaner,CLN-100,Cleaning Supplies,2,$8.50 ,17,0.05,$0.85 ,USD 16.15,6.2,,-2,-6.2,$16.15 ,0,Invoice,Open,,10/4/2025,repeat customer,sales_export_2025_09.csv
TXN-001149,10/8/2025,Sale,Tidal Wave Media,Glass Cleaner,CLN-200,Cleaning Supplies,4,$7.25 ,29,0.00%,$0.00 ,29,$10.20 ,,-4,-10.2,29,$0.00 ,ACH,Open,,11/7/2025,repeat customer,sales_export_2025_10.csv
TXN-000765,10/26/2025,Sale,Oak & Olive Bistro,All-Purpose Cleaner,CLN-100,Cleaning Supplies,4,$8.50 ,$34.00 ,0,0,34,12.4,,-4,-12.4,$0.00 ,0,ACH,Paid,,10/26/2025,Rush delivery,sales_export_2025_10.csv
TXN-000219,12/30/2024,sales,Golden Hour Events,Toilet Tissue Case,PPR-200,Paper Products,5,44,$220.00 ,0.00%,USD 0.00,USD 220.00,$129.00 ,,-5,($129.00),$0.00 ,$0.00 ,Visa,Paid,,12/30/2024,Rush delivery,sales_export_2024_12.csv
TXN-000396,2/6/2024,Sale,Valley Fresh Grocers,Glass Cleaner,CLN-200,Cleaning Supplies,4,6.89,$27.56 ,0.05,$1.38 ,$26.18 ,10.2,,-4,-10.2,26.18,0,ACH,Open,,3/7/2024,Rush delivery,sales_export_2024_02.csv
TXN-001128,6/5/2025,Sale,Ironwood Builders,Paper Towel Case,PPR-100,Paper Products,12,39.9,$478.80 ,0,0,$478.80 ,258,,-12,($258.00),$478.80 ,0,Invoice,Open,,7/5/2025,monthly replenishment,sales_export_2025_06.csv
TXN-000364,1/13/2025,Sale,Cedar & Stone Cafe,Toilet Tissue Case,PPR-200,Paper Products,3,$46.20 ,138.6,10%,USD 13.86,$124.74 ,77.4,,-3,($77.40),124.74,$0.00 ,Net 30,Open,,2/12/2025,repeat customer,sales_export_2025_01.csv
TXN-000616,6/2/2024,Sale,Yellow Finch Design,Toilet Tissue Case,PPR-200,Paper Products,1,USD 46.20,$46.20 ,0.00%,$0.00 ,$46.20 ,25.8,,-1,-25.8,0,$0.00 ,ACH,Paid,,6/2/2024,,sales_export_2024_06.csv
TXN-000830,12/8/2024,SALE,Summit Childcare,Toilet Tissue Case,PPR-200,Paper Products,3,USD 44.00,$132.00 ,0,0,132,$77.40 ,,-3,-77.4,132,0,Invoice,Overdue,,1/7/2025,repeat customer,sales_export_2024_12.csv
TXN-001915,8/7/2025,expense,,,,Insurance,,,,,,,,$392.09 ,0,0,USD 0.00,0,Check,Paid,Crestline Insurance,,,expenses_Aug_2025.csv
TXN-001701,2/14/2025,inventory purchase,,Paper Towel Case,PPR-100,Paper Products,36,21.93,,,,,,,36,789.48,$0.00 ,$0.00 ,ACH,Paid,PaperPro Distributors,3/16/2025,vendor shipment received,purchases_202502.csv
TXN-001410,12/9/2025,sales,Westfield Theater,Microfiber Mop Head,MOP-100,Janitorial Equipment,1,17.1,$17.10 ,0%,0,17.1,8.9,,-1,-8.9,17.1,0,ACH,Overdue,,1/8/2026,repeat customer,sales_export_2025_12.csv
TXN-001554,8-Jan-25,Sale,Zenith Logistics,Glass Cleaner,CLN-200,Cleaning Supplies,5,$7.61 ,$38.05 ,0.00%,USD 0.00,38.05,12.75,,-5,-12.75,38.05,$0.00 ,Net 30,Overdue,,2/7/2025,Rush delivery,sales_export_2025_01.csv
TXN-000040,4-Feb-24,Sale,Pinecrest Academy,All-Purpose Cleaner,CLN-100,Cleaning Supplies,3,8.93,26.79,0%,$0.00 ,26.79,9.3,,-3,-9.3,26.79,$0.00 ,Invoice,Open,,3/5/2024,Rush delivery,sales_export_2024_02.csv
TXN-000979,2/9/2024,Sale,Oak & Olive Bistro,Trash Bags 55 Gal,BAG-100,Waste Supplies,3,29,USD 87.00,0%,0,87,$46.20 ,,-3,-46.2,0,0,Cash,Paid,,2/9/2024,repeat customer,sales_export_2024_02.csv
TXN-000686,3/13/2025,Sale,Zenith Logistics,All-Purpose Cleaner,CLN-100,Cleaning Supplies,2,$8.08 ,16.16,5%,0.81,$15.35 ,$6.20 ,,-2,($6.20),0,0,ACH,Paid,,3/13/2025,Rush delivery,sales_export_2025_03.csv
TXN-000501,7/23/2024,sales,Dover Legal Partners,Toilet Tissue Case,PPR-200,Paper Products,4,46.2,$184.80 ,0.05,$9.24 ,$175.56 ,103.2,,-4,-103.2,0,0,Check,Paid,,7/23/2024,,sales_export_2024_07.csv
TXN-001814,11/16/2025,inventory purchase,,Trash Bags 55 Gal,BAG-100,Waste Supplies,36,15.09,,,,,,,36,$543.31 ,$0.00 ,543.31,Net 30,Open,Metro Packaging LLC,12/16/2025,,purchases_202511.csv
TXN-000817,7/16/2025,SALE,Dover Legal Partners,Mop Handle,MOP-200,Janitorial Equipment,1,24,$24.00 ,0%,$0.00 ,24,$11.50 ,,-1,($11.50),24,$0.00 ,ACH,Open,,8/15/2025,web order,sales_export_2025_07.csv
TXN-001164,4/9/2025,sales,"Northstar Consulting, LLC",Trash Bags 55 Gal,BAG-100,Waste Supplies,2,29,58,0%,0,$58.00 ,30.8,,-2,-30.8,0,0,Visa,Paid,,4/9/2025,repeat customer,sales_export_2025_04.csv
TXN-001027,8-Mar-24,sales,Quantum IT Services,Toilet Tissue Case,PPR-200,Paper Products,3,46.2,138.6,0%,$0.00 ,138.6,77.4,,-3,($77.40),$0.00 ,$0.00 ,ACH,Paid,,3/8/2024,monthly replenishment,sales_export_2024_03.csv
TXN-000522,7/17/2025,sales,Valley Fresh Grocers,Microfiber Mop Head,MOP-100,Janitorial Equipment,6,18.9,$113.40 ,10%,11.34,$102.06 ,53.4,,-6,USD -53.40,0,0,ACH,Paid,,7/17/2025,repeat customer,sales_export_2025_07.csv
TXN-001141,11/16/2025,sales,Falcon Ridge Realty,Soap Dispenser,DSP-100,Washroom Supplies,1,$33.60 ,33.6,0.00%,$0.00 ,33.6,16.8,,-1,-16.8,$33.60 ,USD 0.00,Net 30,Open,,16-Dec-25,monthly replenishment,sales_export_2025_11.csv
TXN-002092,8/5/2024,Vendor Payment,,,,Accounts Payable,,,,,,,,,0,0,$0.00 ,-990.72,ACH,Paid,PaperPro Distributors,,Payment applied to vendor bill,ap_payment_register.csv
TXN-001709,10/22/2024,Inventory Purchase,,Microfiber Mop Head,MOP-100,Janitorial Equipment,120,USD 9.08,,,,,,,120,"$1,089.36 ",USD 0.00,"1,089.36",Net 30,Open,Facility Gear Inc,11/21/2024,vendor shipment received,purchases_202410.csv
TXN-000650,6/3/2024,Sale,Oak & Olive Bistro,Soap Dispenser,DSP-100,Washroom Supplies,5,32,USD 160.00,0,USD 0.00,$160.00 ,84,,-5,-84,0,0,Visa,Paid,,6/3/2024,repeat customer,sales_export_2024_06.csv
TXN-001239,7/19/2024,Sale,Pinecrest Academy,Trash Bags 55 Gal,BAG-100,Waste Supplies,2,29,58,0.00%,$0.00 ,58,30.8,,-2,($30.80),USD 58.00,0,Invoice,Overdue,,8/18/2024,monthly replenishment,sales_export_2024_07.csv
TXN-002083,6/19/2024,Vendor Payment,,,,Accounts Payable,,,,,,,,,0,0,$0.00 ,-508.8,Check,Paid,Hygiene Solutions,,Payment applied to vendor bill,ap_payment_register.csv
TXN-001719,6/1/2025,inventory purchase,,Soap Dispenser,DSP-100,Washroom Supplies,24,16.13,,,,,,,24,387.07,0,387.07,Net 30,Overdue,Hygiene Solutions,7/1/2025,vendor shipment received,purchases_202506.csv
TXN-000745,5/31/2025,SALE,Yellow Finch Design,Mop Handle,MOP-200,Janitorial Equipment,1,24,24,5.00%,USD 1.20,22.8,$11.50 ,,-1,-11.5,0,0,Mastercard,Paid,,5/31/2025,web order,sales_export_2025_05.csv
TXN-000463,12/28/2024,sales,Summit Childcare,Nitrile Gloves Box,GLO-100,Safety Supplies,1,15.75,15.75,5%,$0.79 ,USD 14.96,7.2,,-1,-7.2,$0.00 ,$0.00 ,Visa,Paid,,12/28/2024,repeat customer,sales_export_2024_12.csv
TXN-000752,1/10/2024,Sale,Keystone Auto Repair,Glass Cleaner,CLN-200,Cleaning Supplies,1,7.61,$7.61 ,0%,$0.00 ,7.61,2.55,,-1,($2.55),$0.00 ,0,Cash,Paid,,1/10/2024,web order,sales_export_2024_01.csv
TXN-001757,4-Oct-25,inventory purchase,,Mop Handle,MOP-200,Janitorial Equipment,24,11.5,,,,,,,24,$276.00 ,0,$0.00 ,ACH,Paid,Facility Gear Inc,11/3/2025,,purchases_202510.csv
TXN-000209,4/9/2025,Sale,Westfield Theater,Soap Dispenser,DSP-100,Washroom Supplies,5,$30.40 ,152,0.1,$15.20 ,136.8,84,,-5,($84.00),0,0,Check,Paid,,4/9/2025,Rush delivery,sales_export_2025_04.csv
TXN-000876,2/25/2025,sales,Summit Childcare,All-Purpose Cleaner,CLN-100,Cleaning Supplies,1,8.5,$8.50 ,0.1,$0.85 ,7.65,3.1,,-1,-3.1,0,0,Visa,Paid,,2/25/2025,monthly replenishment,sales_export_2025_02.csv
TXN-000453,2/1/2024,Sale,Maple Street Bakery,Glass Cleaner,CLN-200,Cleaning Supplies,2,$7.25 ,$14.50 ,0%,0,14.5,$5.10 ,,-2,-5.1,0,0,Cash,Paid,,2/1/2024,web order,sales_export_2024_02.csv
TXN-001842,8/30/2024,expense,,,,Insurance,,,,,,,,$446.05 ,0,0,$0.00 ,0,ACH,Paid,Crestline Insurance,,,expenses_Aug_2024.csv
TXN-001147,5/11/2024,Sale,Tidal Wave Media,Trash Bags 55 Gal,BAG-100,Waste Supplies,5,29,$145.00 ,0.00%,$0.00 ,145,$77.00 ,,-5,($77.00),0,$0.00 ,Mastercard,Paid,,5/11/2024,repeat customer,sales_export_2024_05.csv
TXN-001404,12/16/2025,sales,Harborview Clinic,Nitrile Gloves Box,GLO-100,Safety Supplies,3,USD 15.00,45,0,USD 0.00,USD 45.00,21.6,,-3,($21.60),$45.00 ,0,Net 30,Overdue,,1/15/2026,repeat customer,sales_export_2025_12.csv
TXN-001853,9/15/2025,expense,,,,Insurance,,,,,,,,517.68,0,$0.00 ,$0.00 ,USD 0.00,Check,Paid,Crestline Insurance,,recurring monthly charge,expenses_Sep_2025.csv
TXN-002076,10/11/2024,Vendor Payment,,,,Accounts Payable,,,,,,,,,0,0,$0.00 ,"-1,935.36",ACH,Paid,Hygiene Solutions,,Payment applied to vendor bill,ap_payment_register.csv
TXN-000695,7/21/2024,sales,Evergreen Fitness,Glass Cleaner,CLN-200,Cleaning Supplies,1,6.89,6.89,0,USD 0.00,6.89,$2.55 ,,-1,-2.55,0,0,Visa,Paid,,7/21/2024,repeat customer,sales_export_2024_07.csv
TXN-001520,6-Jul-24,Sale,lakeside vet care,Paper Towel Case,PPR-100,Paper Products,4,$36.10 ,$144.40 ,5%,$7.22 ,137.18,86,,-4,-86,0,0,ACH,Paid,,7/6/2024,Rush delivery,sales_export_2024_07.csv
TXN-000899,8/14/2024,SALE,Valley Fresh Grocers,Nitrile Gloves Box,GLO-100,Safety Supplies,8,15,120,0.05,6,114,57.6,,-8,($57.60),0,0,ACH,Paid,,8/14/2024,web order,sales_export_2024_08.csv
TXN-001302,19-May-25,SALE,Westfield Theater,All-Purpose Cleaner,CLN-100,Cleaning Supplies,3,$8.08 ,24.24,5%,1.21,$23.03 ,9.3,,-3,USD -9.30,0,$0.00 ,Visa,Paid,,5/19/2025,repeat customer,sales_export_2025_05.csv
TXN-001236,5/19/2025,Sale,Falcon Ridge Realty,Trash Bags 55 Gal,BAG-100,Waste Supplies,1,USD 29.00,29,0.00%,$0.00 ,29,$15.40 ,,-1,USD -15.40,USD 0.00,USD 0.00,Cash,Paid,,5/19/2025,monthly replenishment,sales_export_2025_05.csv
TXN-000290,12/18/2024,Sale,Keystone Auto Repair, All-Purpose Cleaner ,CLN-100,Cleaning Supplies,8,8.5,68,0.00%,0,68,$24.80 ,,-8,($24.80),0,0,Visa,Paid,,12/18/2024,web order,sales_export_2024_12.csv
TXN-001073,4/19/2024,sales,Falcon Ridge Realty,Microfiber Mop Head,MOP-100,Janitorial Equipment,2,18,$36.00 ,0,0,36,$17.80 ,,-2,-17.8,$36.00 ,$0.00 ,Net 30,Open,,5/19/2024,repeat customer,sales_export_2024_04.csv
TXN-000900,1/26/2024,Sale,Dover Legal Partners,Nitrile Gloves Box,GLO-100,Safety Supplies,2,14.25,$28.50 ,0,USD 0.00,28.5,$14.40 ,,-2,($14.40),$0.00 ,0,Mastercard,Paid,,1/26/2024,repeat customer,sales_export_2024_01.csv
TXN-000010,5/12/2024,sales,cedar & stone cafe,Microfiber Mop Head,MOP-100,Janitorial Equipment,6,18,USD 108.00,0.1,10.8,97.2,53.4,,-6,($53.40),97.2,0,ACH,Open,,6/11/2024,Rush delivery,sales_export_2024_05.csv
TXN-001133,10/21/2025,SALE,Riverbend Brewery,Toilet Tissue Case,PPR-200,Paper Products,3,$44.00 ,132,5.00%,6.6,$125.40 ,77.4,,-3,($77.40),0,$0.00 ,Visa,Paid,,10/21/2025,web order,sales_export_2025_10.csv
TXN-000803,9/23/2025,Sale,Juniper Market,Mop Handle,MOP-200,Janitorial Equipment,4,25.2,$100.80 ,0%,$0.00 ,$100.80 ,46,,-4,USD -46.00,100.8,0,Invoice,Open,,10/23/2025,repeat customer,sales_export_2025_09.csv
TXN-000135,6/6/2024,sales,Yellow Finch Design,Microfiber Mop Head,MOP-100,Janitorial Equipment,1,18,USD 18.00,0.00%,0,18,$8.90 ,,-1,-8.9,0,0,Mastercard,Paid,,6/6/2024,monthly replenishment,sales_export_2024_06.csv
TXN-001491,10/11/2024,Sale,Acme Property Group,Nitrile Gloves Box,GLO-100,Safety Supplies,4,15,$60.00 ,0%,0,$60.00 ,28.8,,-4,($28.80),0,0,Cash,Paid,,10/11/2024,,sales_export_2024_10.csv
TXN-001411,11/19/2025,SALE,Keystone Auto Repair,Paper Towel Case,PPR-100,Paper Products,5,$39.90 ,199.5,0%,0,199.5,107.5,,-5,($107.50),0,$0.00 ,Visa,Paid,,11/19/2025,repeat customer,sales_export_2025_11.csv
TXN-001589,11/15/2024,sales,UNION SQUARE HOTEL,Hand Sanitizer 1 Gal,SAN-100,Washroom Supplies,5,22,110,5.00%,5.5,USD 104.50,53,,-5,-53,0,0,Cash,Paid,,11/15/2024,repeat customer,sales_export_2024_11.csv
TXN-000015,2/14/2025,sales,Keystone Auto Repair,Mop Handle,MOP-200,Janitorial Equipment,3,25.2,75.6,0.1,USD 7.56,$68.04 ,$34.50 ,,-3,($34.50),$0.00 ,0,Visa,Paid,,2/14/2025,,sales_export_2025_02.csv
TXN-001494,2/4/2024,SALE,Tidal Wave Media,Toilet Tissue Case,PPR-200,Paper Products,4,46.2,USD 184.80,5.00%,9.24,$175.56 ,103.2,,-4,-103.2,USD 175.56,$0.00 ,Net 30,Open,,3/5/2024,web order,sales_export_2024_02.csv
TXN-001189,2/19/2025,Sale,Valley Fresh Grocers,All-Purpose Cleaner,CLN-100,Cleaning Supplies,4,8.93,$35.72 ,15.00%,$5.36 ,USD 30.36,12.4,,-4,-12.4,30.36,$0.00 ,ACH,Open,,3/21/2025,,sales_export_2025_02.csv
TXN-000671,22-Feb-25,SALE,Westfield Theater,Toilet Tissue Case,PPR-200,Paper Products,5,44,220,5.00%,11,USD 209.00,129,,-5,-129,$0.00 ,$0.00 ,ACH,Paid,,2/22/2025,Rush delivery,sales_export_2025_02.csv
TXN-001891,9/12/2024,EXPENSE,,,,Office Supplies,,,,,,,,USD 86.09,0,$0.00 ,$0.00 ,0,Visa,Paid,office depot,,,expenses_Sep_2024.csv
TXN-001126,9/14/2024,Sale,Dover Legal Partners,Paper Towel Case,PPR-100,Paper Products,3,$39.90 ,119.7,0.00%,$0.00 ,119.7,64.5,,-3,-64.5,0,$0.00 ,Check,Paid,,9/14/2024,repeat customer,sales_export_2024_09.csv
TXN-001790,4/13/2025,PURCHASE,,Microfiber Mop Head,MOP-100,Janitorial Equipment,120,8.72,,,,,,,120,"1,046.64",0,0,ACH,none,Facility Gear Inc,5/13/2025,vendor shipment received,purchases_202504.csv
TXN-000728,6/12/2024,SALE, Acme Property Group ,Soap Dispenser,DSP-100,Washroom Supplies,3,USD 32.00,96,0.00%,$0.00 ,$96.00 ,50.4,,-3,-50.4,96,0,Net 30,Overdue,,7/12/2024,,sales_export_2024_06.csv
TXN-001370,11/10/2025,sales,Juniper Market,Soap Dispenser,DSP-100,Washroom Supplies,1,32,$32.00 ,0,0,32,16.8,,-1,-16.8,USD 32.00,USD 0.00,ACH,Overdue,,12/10/2025,monthly replenishment,sales_export_2025_11.csv
TXN-000572,10/3/2024,SALE,Oak & Olive Bistro,Soap Dispenser,DSP-100,Washroom Supplies,5,$32.00 ,160,0%,0,160,84,,-5,-84,$160.00 ,0,Invoice,Open,,11/2/2024,monthly replenishment,sales_export_2024_10.csv
TXN-000754,5/12/2024,sales,Harborview Clinic,Paper Towel Case,PPR-100,Paper Products,5,$36.10 ,180.5,0.00%,0,$180.50 ,107.5,,-5,-107.5,$0.00 ,$0.00 ,Check,Paid,,5/12/2024,monthly replenishment,sales_export_2024_05.csv
TXN-000521,2/25/2025,SALE,Quantum IT Services,Hand Sanitizer 1 Gal,SAN-100,Washroom Supplies,1,$23.10 ,$23.10 ,0,0,$23.10 ,10.6,,-1,-10.6,$23.10 ,$0.00 ,Net 30,Open,,3/27/2025,monthly replenishment,sales_export_2025_02.csv
TXN-001031,11/2/2024,SALE,Zenith Logistics,All-Purpose Cleaner,CLN-100,Cleaning Supplies,2,$8.08 ,$16.16 ,0,USD 0.00,$16.16 ,6.2,,-2,-6.2,$0.00 ,USD 0.00,ACH,Paid,,11/2/2024,Rush delivery,sales_export_2024_11.csv
TXN-000233,12/26/2024,Sale,Harborview Clinic,Soap Dispenser,DSP-100,Washroom Supplies,10,USD 33.60,USD 336.00,0.05,16.8,319.2,168,,-10,($168.00),0,0,Mastercard,Paid,,12/26/2024,repeat customer,sales_export_2024_12.csv
TXN-000013,7/10/2025,SALE,Valley Fresh Grocers,Glass Cleaner,CLN-200,Cleaning Supplies,3,7.61,$22.83 ,0.00%,0,22.83,7.65,,-3,-7.65,0,USD 0.00,Cash,Paid,,7/10/2025,Rush delivery,sales_export_2025_07.csv
TXN-000939,16-Sep-25,Sale,Golden Hour Events,Mop Handle,MOP-200,Janitorial Equipment,2,22.8,$45.60 ,0%,0,45.6,23,,-2,($23.00),USD 45.60,0,ACH,Open,,10/16/2025,Rush delivery,sales_export_2025_09.csv
TXN-000567,6/11/2025,sales,Yellow Finch Design,Paper Towel Case,PPR-100,Paper Products,10,38,$380.00 ,0,USD 0.00,$380.00 ,USD 215.00,,-10,-215,0,USD 0.00,Check,Paid,,6/11/2025,web order,sales_export_2025_06.csv
TXN-001017,3/3/2024,sales,Juniper Market,Mop Handle,MOP-200,Janitorial Equipment,2,$24.00 ,48,5.00%,2.4,$45.60 ,23,,-2,-23,$45.60 ,0,Invoice,Open,,4/2/2024,repeat customer,sales_export_2024_03.csv
TXN-000063,12/23/2025,sales,Juniper Market,Trash Bags 55 Gal,BAG-100,Waste Supplies,2,$30.45 ,$60.90 ,0,0,60.9,$30.80 ,,-2,-30.8,0,$0.00 ,Check,Paid,,12/23/2025,web order,sales_export_2025_12.csv
TXN-000710,4/25/2025,Sale,Summit Childcare,Toilet Tissue Case,PPR-200,Paper Products,3,$46.20 ,$138.60 ,0.00%,0,138.6,77.4,,-3,($77.40),USD 138.60,0,ACH,Open,,5/25/2025,Rush delivery,sales_export_2025_04.csv
TXN-001553,5-Oct-24,SALE,Juniper Market,Microfiber Mop Head,MOP-100,Janitorial Equipment,3,$18.00 ,$54.00 ,0.00%,$0.00 ,54,26.7,,-3,($26.70),USD 0.00,$0.00 ,Mastercard,Paid,,10/5/2024,,sales_export_2024_10.csv
TXN-000223,6/28/2024,sales,Golden Hour Events,Nitrile Gloves Box,GLO-100,Safety Supplies,8,15,$120.00 ,0,0,$120.00 ,$57.60 ,,-8,-57.6,$0.00 ,0,Check,Paid,,6/28/2024,,sales_export_2024_06.csv
TXN-000904,3/29/2025,sales,valley fresh grocers,Soap Dispenser,DSP-100,Washroom Supplies,5,$30.40 ,USD 152.00,0,$0.00 ,$152.00 ,$84.00 ,,-5,-84,0,0,Check,Paid,,3/29/2025,,sales_export_2025_03.csv
TXN-000976,2/1/2024,Sale,Acme Property Group,Toilet Tissue Case,PPR-200,Paper Products,2,$46.20 ,92.4,10.00%,$9.24 ,83.16,$51.60 ,,-2,-51.6,USD 0.00,0,Check,Paid,,2/1/2024,repeat customer,sales_export_2024_02.csv
TXN-000496,6/20/2024,sales,Union Square Hotel,Soap Dispenser,DSP-100,Washroom Supplies,4,30.4,USD 121.60,0,0,121.6,67.2,,-4,-67.2,121.6,0,ACH,Open,,7/20/2024,repeat customer,sales_export_2024_06.csv
TXN-001418,4/11/2025,SALE,Golden Hour Events,Soap Dispenser,DSP-100,Washroom Supplies,1,USD 30.40,30.4,0%,$0.00 ,30.4,16.8,,-1,-16.8,USD 30.40,$0.00 ,ACH,Open,,5/11/2025,monthly replenishment,sales_export_2025_04.csv
TXN-000607,2/11/2025,SALE,Summit Childcare,hand sanitizer 1 gal,SAN-100,Washroom Supplies,2,$22.00 ,44,0%,0,$44.00 ,$21.20 ,,-2,-21.2,$44.00 ,0,Invoice,Overdue,,3/13/2025,web order,sales_export_2025_02.csv
TXN-000388,9/24/2024,Sale,juniper market,Glass Cleaner,CLN-200,Cleaning Supplies,5,7.61,38.05,0.00%,$0.00 ,$38.05 ,12.75,,-5,-12.75,0,$0.00 ,Mastercard,Paid,,9/24/2024,,sales_export_2024_09.csv
TXN-000853,12/23/2025,SALE,Ironwood Builders,Glass Cleaner,CLN-200,Cleaning Supplies,4,7.61,30.44,5.00%,1.52,28.92,10.2,,-4,-10.2,0,0,Mastercard,Paid,,12/23/2025,,sales_export_2025_12.csv
TXN-000865,4/21/2024,Sale,Golden Hour Events,All-Purpose Cleaner,CLN-100,Cleaning Supplies,2,$8.93 ,17.86,0,$0.00 ,$17.86 ,$6.20 ,,-2,-6.2,$17.86 ,$0.00 ,ACH,Open,,5/21/2024,,sales_export_2024_04.csv
TXN-000451,2/5/2025,sales,Dover Legal Partners,Mop Handle,MOP-200,Janitorial Equipment,4,USD 24.00,96,0%,$0.00 ,$96.00 ,46,,-4,($46.00),0,0,Visa,Paid,,2/5/2025,Rush delivery,sales_export_2025_02.csv
TXN-001351,8/26/2024,sales,Maple Street Bakery,Paper Towel Case,PPR-100,Paper Products,6,$38.00 ,228,0.05,11.4,216.6,$129.00 ,,-6,-129,0,0,Cash,Paid,,8/26/2024,repeat customer,sales_export_2024_08.csv
TXN-000612,8/7/2024,Sale,Ironwood Builders,Paper Towel Case,PPR-100,Paper Products,1,USD 39.90,39.9,5.00%,2,37.9,21.5,,-1,($21.50),$0.00 ,0,Check,Paid,,8/7/2024,Rush delivery,sales_export_2024_08.csv
TXN-001528,9/10/2024,sales,ZENITH LOGISTICS,Microfiber Mop Head,MOP-100,Janitorial Equipment,5,$18.00 ,90,5.00%,$4.50 ,$85.50 ,$44.50 ,,-5,-44.5,0,0,Visa,Paid,,9/10/2024,,sales_export_2024_09.csv
TXN-000132,3/15/2024,SALE,Westfield Theater,All-Purpose Cleaner,CLN-100,Cleaning Supplies,12,$8.08 ,96.96,0.00%,0,$96.96 ,$37.20 ,,-12,-37.2,0,$0.00 ,Check,Paid,,3/15/2024,web order,sales_export_2024_03.csv
TXN-001925,7/17/2025,Operating Expense,,,,Insurance,,,,,,,,479.47,0,0,$0.00 ,0,Visa,Paid,Crestline Insurance,,recurring monthly charge,expenses_Jul_2025.csv
TXN-001857,10/9/2024,expense,,,,Software,,,,,,,,145.38,0,0,$0.00 ,0,Check,Paid,CloudSuite,,approved by owner,expenses_Oct_2024.csv
TXN-001178,4/30/2025,SALE,Northstar Consulting,Microfiber Mop Head,MOP-100,Janitorial Equipment,1,18,$18.00 ,0%,$0.00 ,18,8.9,,-1,($8.90),18,$0.00 ,ACH,Open,,5/30/2025,monthly replenishment,sales_export_2025_04.csv
TXN-000706,3/7/2025,Sale,Northstar Consulting,Nitrile Gloves Box,GLO-100,Safety Supplies,4,15,60,0%,$0.00 ,60,$28.80 ,,-4,-28.8,USD 0.00,0,Check,Paid,,3/7/2025,repeat customer,sales_export_2025_03.csv
TXN-000628,12/27/2024,sales,Riverbend Brewery,All-Purpose Cleaner,CLN-100,Cleaning Supplies,3,$8.08 ,$24.24 ,5.00%,1.21,23.03,9.3,,-3,($9.30),0,$0.00 ,Mastercard,Paid,,12/27/2024,repeat customer,sales_export_2024_12.csv
TXN-000387,6/4/2025,Sale,Lakeside Vet Care,Soap Dispenser,DSP-100,Washroom Supplies,3,30.4,91.2,0.1,$9.12 ,82.08,50.4,,-3,($50.40),0,$0.00 ,Cash,Paid,,6/4/2025,repeat customer,sales_export_2025_06.csv
TXN-000083,5/18/2025,sales,Pinecrest Academy,Trash Bags 55 Gal,BAG-100,Waste Supplies,3,30.45,$91.35 ,0.05,USD 4.57,$86.78 ,$46.20 ,,-3,($46.20),$0.00 ,$0.00 ,Mastercard,Paid,,5/18/2025,Rush delivery,sales_export_2025_05.csv
TXN-000589,12/24/2025,SALE,Westfield Theater,TRASH BAGS 55 GAL,BAG-100,Waste Supplies,4,27.55,110.2,5.00%,5.51,$104.69 ,61.6,,-4,($61.60),$0.00 ,0,Mastercard,Paid,,12/24/2025,,sales_export_2025_12.csv
TXN-002042,8/9/2025,ar receipt,Maple Street Bakery,Microfiber Mop Head,,Accounts Receivable,,,,,,,,,0,$0.00 ,-90,0,Check,Paid,,,Payment applied to customer invoice,ar_receipts_export.csv
TXN-000550,6/19/2025,SALE,Riverbend Brewery,All-Purpose Cleaner,CLN-100,Cleaning Supplies,4,$8.93 ,35.72,0,0,$35.72 ,$12.40 ,,-4,-12.4,$0.00 ,$0.00 ,Check,Paid,,6/19/2025,web order,sales_export_2025_06.csv
TXN-001694,9-May-25,Inventory Purchase,,Hand Sanitizer 1 Gal,SAN-100,Washroom Supplies,72,10.39,,,,,,,72,747.94,$0.00 ,$0.00 ,ACH,Paid,Hygiene Solutions,6/8/2025,,purchases_202505.csv
TXN-001214,6-Aug-25,SALE,Yellow Finch Design,All-Purpose Cleaner,CLN-100,Cleaning Supplies,3,$8.50 ,USD 25.50,10.00%,$2.55 ,22.95,9.3,,-3,-9.3,$22.95 ,0,ACH,Open,,9/5/2025,monthly replenishment,sales_export_2025_08.csv
TXN-001552,1/1/2025,sales,Ironwood Builders,Glass Cleaner,CLN-200,Cleaning Supplies,3,$7.25 ,21.75,0.00%,0,$21.75 ,$7.65 ,,-3,($7.65),USD 21.75,0,Net 30,Open,,1/31/2025,repeat customer,sales_export_2025_01.csv
TXN-001508,2/5/2024,Sale,Summit Childcare,Trash Bags 55 Gal,BAG-100,Waste Supplies,3,30.45,91.35,0.05,4.57,USD 86.78,USD 46.20,,-3,USD -46.20,$0.00 ,$0.00 ,ACH,Paid,,2/5/2024,web order,sales_export_2024_02.csv
TXN-000322,11/2/2024,sales,Zenith Logistics,Glass Cleaner,CLN-200,Cleaning Supplies,2,$7.25 ,$14.50 ,0%,0,$14.50 ,$5.10 ,,-2,($5.10),$14.50 ,0,ACH,Open,,12/2/2024,web order,sales_export_2024_11.csv
TXN-000019,29-May-24,Sale,Juniper Market,Glass Cleaner,CLN-200,Cleaning Supplies,4,$7.61 ,$30.44 ,5.00%,$1.52 ,$28.92 ,$10.20 ,,-4,-10.2,$0.00 ,USD 0.00,Check,Paid,,5/29/2024,repeat customer,sales_export_2024_05.csv
TXN-001211,8/2/2025,SALE,Pinecrest Academy,All-Purpose Cleaner,CLN-100,Cleaning Supplies,5,$8.50 ,$42.50 ,0.05,USD 2.13,USD 40.37,$15.50 ,,-5,-15.5,$40.37 ,$0.00 ,ACH,Overdue,,9/1/2025,monthly replenishment,sales_export_2025_08.csv
TXN-000298,5/4/2024,SALE,Falcon Ridge Realty,Mop Handle,MOP-200,Janitorial Equipment,4,24,96,0%,0,96,46,,-4,-46,96,0,ACH,Open,,6/3/2024,repeat customer,sales_export_2024_05.csv
TXN-001449,3/18/2025,sales,Summit Childcare,Hand Sanitizer 1 Gal,SAN-100,Washroom Supplies,1,20.9,20.9,0%,0,20.9,10.6,,-1,-10.6,0,USD 0.00,ACH,Paid,,3/18/2025,Rush delivery,sales_export_2025_03.csv
TXN-000279,6/1/2024,SALE,Maple Street Bakery,Trash Bags 55 Gal,BAG-100,Waste Supplies,4,29,$116.00 ,0%,0,USD 116.00,61.6,,-4,($61.60),0,USD 0.00,Cash,Paid,,6/1/2024,,sales_export_2024_06.csv
TXN-001657,11/7/2025,inventory purchase,,Trash Bags 55 Gal,BAG-100,Waste Supplies,24,15.09,,,,,,,24,362.21,0,362.21,Net 30,Open,Metro Packaging LLC,12/7/2025,vendor shipment received,purchases_202511.csv
TXN-000419,7/27/2024,Sale,Oak & Olive Bistro,Mop Handle,MOP-200,Janitorial Equipment,6,25.2,$151.20 ,0,0,$151.20 ,$69.00 ,,-6,-69,$151.20 ,USD 0.00,Invoice,Open,,8/26/2024,,sales_export_2024_07.csv
TXN-001509,4/29/2024,sales,Oak & Olive Bistro,All-Purpose Cleaner,CLN-100,Cleaning Supplies,10,8.5,$85.00 ,5.00%,$4.25 ,$80.75 ,31,,-10,-31,80.75,0,ACH,Open,,5/29/2024,repeat customer,sales_export_2024_04.csv
TXN-001731,7/25/2025,inventory purchase,,Glass Cleaner,CLN-200,Cleaning Supplies,48,2.6,,,,,,,48,124.85,0,USD 0.00,ACH,Paid,North Supply Co.,8/24/2025,vendor shipment received,purchases_202507.csv
TXN-000825,9/10/2024,sales,Falcon Ridge Realty,Paper Towel Case,PPR-100,Paper Products,10,38,380,0,0,380,215,,-10,($215.00),$0.00 ,0,ACH,Paid,,9/10/2024,web order,sales_export_2024_09.csv
TXN-000401,8/28/2025,Sale,Quantum IT Services,Hand Sanitizer 1 Gal,SAN-100,Washroom Supplies,5,$20.90 ,$104.50 ,0.00%,$0.00 ,USD 104.50,53,,-5,($53.00),0,$0.00 ,Visa,Paid,,8/28/2025,,sales_export_2025_08.csv
TXN-001342,10/4/2024,Sale,Oak & Olive Bistro,Paper Towel Case,PPR-100,Paper Products,1,38,38,5.00%,1.9,$36.10 ,$21.50 ,,-1,($21.50),0,0,ACH,Paid,,10/4/2024,web order,sales_export_2024_10.csv
TXN-001644,12/26/2025,sales,Union Square Hotel,Microfiber Mop Head,MOP-100,Janitorial Equipment,4,17.1,68.4,5%,3.42,$64.98 ,35.6,,-4,($35.60),$0.00 ,USD 0.00,ACH,Paid,,12/26/2025,repeat customer,sales_export_2025_12.csv
TXN-001354,6/25/2024,SALE,Juniper Market, Glass Cleaner ,CLN-200,Cleaning Supplies,1,6.89,USD 6.89,0.00%,0,6.89,$2.55 ,,-1,-2.55,6.89,$0.00 ,Invoice,Open,,7/25/2024,,sales_export_2024_06.csv
TXN-001016,4-Apr-24,SALE,Tidal Wave Media,Trash Bags 55 Gal,BAG-100,Waste Supplies,2,$29.00 ,USD 58.00,10.00%,$5.80 ,52.2,$30.80 ,,-2,-30.8,$0.00 ,0,Cash,Paid,,4/4/2024,Rush delivery,sales_export_2024_04.csv
TXN-001691,12/26/2024,inventory purchase,,Nitrile Gloves Box,GLO-100,Safety Supplies,24,$7.06 ,,,,,,,24,$169.34 ,USD 0.00,169.34,Net 30,Open,SafeHands Wholesale,1/25/2025,,purchases_202412.csv
TXN-000414,6/25/2025,Sale,Maple Street Bakery,Trash Bags 55 Gal,BAG-100,Waste Supplies,5,30.45,152.25,0.00%,0,$152.25 ,USD 77.00,,-5,($77.00),152.25,$0.00 ,Net 30,Open,,7/25/2025,repeat customer,sales_export_2025_06.csv
TXN-001903,22-Dec-25,EXPENSE,,,,Insurance,,,,,,,,$498.78 ,0,0,0,$0.00 ,ACH,Paid,Crestline Insurance,,,expenses_Dec_2025.csv
TXN-002016,8/24/2024,AR Receipt,Riverbend Brewery,All-Purpose Cleaner,,Accounts Receivable,,,,,,,,,0,0,-8.08,0,Wire,Paid,,,Payment applied to customer invoice,ar_receipts_export.csv
TXN-000156,8/21/2024,SALE,Summit Childcare,Microfiber Mop Head,MOP-100,Janitorial Equipment,1,17.1,17.1,0%,0,$17.10 ,8.9,,-1,($8.90),$0.00 ,0,Visa,Paid,,8/21/2024,,sales_export_2024_08.csv
TXN-000963,4/2/2024,SALE,Yellow Finch Design,Microfiber Mop Head,MOP-100,Janitorial Equipment,1,$18.90 ,18.9,0.00%,0,18.9,$8.90 ,,-1,($8.90),$0.00 ,$0.00 ,ACH,Paid,,2-Apr-24,repeat customer,sales_export_2024_04.csv
TXN-001206,4/12/2025,SALE,Summit Childcare,Microfiber Mop Head,MOP-100,Janitorial Equipment,3,USD 18.90,56.7,0%,$0.00 ,$56.70 ,26.7,,-3,-26.7,0,0,Visa,Paid,,4/12/2025,web order,sales_export_2025_04.csv
TXN-000052,6/21/2025,SALE,Westfield Theater,All-Purpose Cleaner,CLN-100,Cleaning Supplies,8,$8.93 ,USD 71.44,0,0,71.44,USD 24.80,,-8,-24.8,0,0,Check,Paid,,6/21/2025,repeat customer,sales_export_2025_06.csv
TXN-000677,10/14/2024,Sale,oak & olive bistro,Glass Cleaner,CLN-200,Cleaning Supplies,2,$7.25 ,$14.50 ,0%,0,USD 14.50,5.1,,-2,($5.10),14.5,$0.00 ,Net 30,Overdue,,11/13/2024,web order,sales_export_2024_10.csv
TXN-002097,2/18/2025,AP Payment,,,,Accounts Payable,,,,,,,,,0,$0.00 ,USD 0.00,-905.52,ACH,Paid,Metro Packaging LLC,,Payment applied to vendor bill,ap_payment_register.csv
TXN-001754,7/5/2024,inventory purchase,,Microfiber Mop Head,MOP-100,Janitorial Equipment,120,8.54,,,,,,,120,"$1,025.28 ",0,USD 0.00,ACH,Paid,Facility Gear Inc,8/4/2024,stock replenishment,purchases_202407.csv
TXN-001134,8/7/2025,SALE,Quantum IT Services,Trash Bags 55 Gal,BAG-100,Waste Supplies,1,USD 30.45,$30.45 ,0,$0.00 ,30.45,15.4,,-1,($15.40),$0.00 ,0,ACH,Paid,,8/7/2025,monthly replenishment,sales_export_2025_08.csv
TXN-001913,7/30/2024,EXPENSE,,,,Payroll,,,,,,,,"$1,490.36 ",0,0,$0.00 ,0,Check,Paid,Staff Payroll,,recurring monthly charge,expenses_Jul_2024.csv
TXN-000177,2/14/2025,Sale,Lakeside Vet Care,Hand Sanitizer 1 Gal,SAN-100,Washroom Supplies,2,23.1,46.2,0.1,4.62,41.58,$21.20 ,,-2,-21.2,$41.58 ,$0.00 ,ACH,Open,,3/16/2025,web order,sales_export_2025_02.csv
TXN-001995,11/23/2025,ar receipt,Quantum IT Services,Trash Bags 55 Gal,,Accounts Receivable,,,,,,,,,0,0,-145,0,Check,Paid,,,Payment applied to customer invoice,ar_receipts_export.csv
TXN-000520,10/29/2024,sales,Tidal Wave Media, Hand Sanitizer 1 Gal ,SAN-100,Washroom Supplies,2,$23.10 ,46.2,0,$0.00 ,46.2,21.2,,-2,-21.2,0,0,Check,Paid,,29-Oct-24,monthly replenishment,sales_export_2024_10.csv
TXN-000118,9/10/2025,SALE,KEYSTONE AUTO REPAIR,Toilet Tissue Case,PPR-200,Paper Products,8,46.2,369.6,0.00%,$0.00 ,369.6,$206.40 ,,-8,($206.40),$0.00 ,0,Cash,Paid,,9/10/2025,monthly replenishment,sales_export_2025_09.csv
TXN-001298,14-Apr-24,sales,Lakeside Vet Care,Microfiber Mop Head,MOP-100,Janitorial Equipment,12,USD 17.10,$205.20 ,0.00%,$0.00 ,205.2,$106.80 ,,-12,-106.8,$205.20 ,0,ACH,Overdue,,5/14/2024,web order,sales_export_2024_04.csv
TXN-001390,5/27/2024,SALE,Cedar & Stone Cafe,Toilet Tissue Case,PPR-200,Paper Products,10,$44.00 ,USD 440.00,5%,$22.00 ,418,258,,-10,-258,0,0,ACH,Paid,,5/27/2024,,sales_export_2024_05.csv
TXN-002084,1/11/2025,AP Payment,,,,Accounts Payable,,,,,,,,,0,0,0,-516,ACH,Paid,PaperPro Distributors,,Payment applied to vendor bill,ap_payment_register.csv
TXN-000742,7/12/2025,sales,Lakeside Vet Care,Paper Towel Case,PPR-100,Paper Products,1,38,38,0.00%,0,$38.00 ,21.5,,-1,-21.5,0,$0.00 ,Cash,Paid,,7/12/2025,repeat customer,sales_export_2025_07.csv
TXN-001270,27-Jul-24,SALE,Cedar & Stone Cafe,PAPER TOWEL CASE,PPR-100,Paper Products,1,USD 38.00,38,5%,1.9,36.1,21.5,,-1,-21.5,$0.00 ,0,Mastercard,Paid,,7/27/2024,web order,sales_export_2024_07.csv
TXN-000656,11/30/2025,SALE,Keystone Auto Repair,PAPER TOWEL CASE,PPR-100,Paper Products,1,36.1,$36.10 ,0.00%,0,$36.10 ,$21.50 ,,-1,-21.5,$0.00 ,0,Visa,Paid,,11/30/2025,web order,sales_export_2025_11.csv
TXN-001307,9/16/2025,Sale,Juniper Market,Trash Bags 55 Gal,BAG-100,Waste Supplies,4,30.45,121.8,5%,6.09,$115.71 ,61.6,,-4,($61.60),0,0,Check,Paid,,16-Sep-25,Rush delivery,sales_export_2025_09.csv
TXN-001885,9/5/2024,EXPENSE,,,,Office Supplies,,,,,,,,$101.94 ,0,0,$0.00 ,$0.00 ,Visa,Paid,Office Depot,,,expenses_Sep_2024.csv
TXN-000936,4/22/2025,SALE,Harborview Clinic,Soap Dispenser,DSP-100,Washroom Supplies,2,32,64,0%,USD 0.00,64,33.6,,-2,-33.6,64,0,Invoice,Overdue,,22-May-25,web order,sales_export_2025_04.csv
TXN-001482,11/11/2025,sales,Pinecrest Academy,Nitrile Gloves Box,GLO-100,Safety Supplies,1,14.25,14.25,0,USD 0.00,$14.25 ,$7.20 ,,-1,-7.2,USD 0.00,USD 0.00,Mastercard,Paid,,11/11/2025,web order,sales_export_2025_11.csv
TXN-000028,4/23/2024,Sale,Ironwood Builders,Soap Dispenser,DSP-100,Washroom Supplies,5,33.6,168,0.05,$8.40 ,159.6,84,,-5,-84,159.6,$0.00 ,Invoice,Overdue,,5/23/2024,,sales_export_2024_04.csv
TXN-000003,10/8/2025,Sale,Falcon Ridge Realty,All-Purpose Cleaner,CLN-100,Cleaning Supplies,4,8.5,34,5%,USD 1.70,32.3,12.4,,-4,-12.4,0,0,Visa,Paid,,10/8/2025,web order,sales_export_2025_10.csv
TXN-001459,5/1/2025,sales,Cedar & Stone Cafe,Nitrile Gloves Box,GLO-100,Safety Supplies,10,$14.25 ,142.5,0,0,142.5,$72.00 ,,-10,-72,$142.50 ,$0.00 ,Net 30,Open,,5/31/2025,,sales_export_2025_05.csv
TXN-001690,5/12/2025,inventory purchase,,Soap Dispenser,DSP-100,Washroom Supplies,36,16.13,,,,,,,36,$580.61 ,0,0,ACH,Paid,Hygiene Solutions,6/11/2025,vendor shipment received,purchases_202505.csv
TXN-000659,10/21/2024,sales,Cedar & Stone Cafe,Mop Handle,MOP-200,Janitorial Equipment,1,$24.00 ,24,10%,2.4,21.6,11.5,,-1,($11.50),21.6,0,ACH,Open,,11/20/2024,repeat customer,sales_export_2024_10.csv
TXN-001717,6/25/2025,inventory purchase,,Hand Sanitizer 1 Gal,SAN-100,Washroom Supplies,36,10.39,,,,,,,36,373.97,$0.00 ,USD 0.00,ACH,Paid,Hygiene Solutions,7/25/2025,,purchases_202506.csv
TXN-001879,9/3/2025,Operating Expense,,,,Rent,,,,,,,,2862.55,0,$0.00 ,USD 0.00,0,Check,Paid,City Center Properties,,,expenses_Sep_2025.csv
TXN-000053,12/12/2024,Sale,Lakeside Vet Care,All-Purpose Cleaner,CLN-100,Cleaning Supplies,5,$8.08 ,40.4,0.00%,0,40.4,15.5,,-5,-15.5,40.4,0,Invoice,Open,,1/11/2025,,sales_export_2024_12.csv
TXN-001249,1/7/2024,sales,Cedar & Stone Cafe,Glass Cleaner,CLN-200,Cleaning Supplies,2,7.25,14.5,0%,0,$14.50 ,5.1,,-2,($5.10),$0.00 ,0,Check,Paid,,1/7/2024,web order,sales_export_2024_01.csv
TXN-000342,4/26/2024,Sale,Riverbend Brewery,Microfiber Mop Head,MOP-100,Janitorial Equipment,6,18,108,5.00%,5.4,$102.60 ,53.4,,-6,USD -53.40,USD 102.60,0,Net 30,Open,,5/26/2024,web order,sales_export_2024_04.csv
TXN-000226,8-Mar-25,Sale,Summit Childcare,Mop Handle,MOP-200,Janitorial Equipment,10,24,240,0%,0,$240.00 ,115,,-10,-115,USD 240.00,0,Net 30,Open,,4/7/2025,web order,sales_export_2025_03.csv
TXN-001217,3/4/2024,sales,Maple Street Bakery,Hand Sanitizer 1 Gal,SAN-100,Washroom Supplies,4,$20.90 ,$83.60 ,0.15,$12.54 ,71.06,$42.40 ,,-4,($42.40),0,0,Visa,Paid,,3/4/2024,web order,sales_export_2024_03.csv
TXN-000192,7/18/2025,sales,Evergreen Fitness,Nitrile Gloves Box,GLO-100,Safety Supplies,3,14.25,42.75,15%,$6.41 ,USD 36.34,21.6,,-3,-21.6,36.34,0,Invoice,Open,,8/17/2025,Rush delivery,sales_export_2025_07.csv
TXN-001845,8/14/2025,EXPENSE,,,,Delivery Fuel,,,,,,,,201.34,0,0,0,0,Visa,Paid,Metro Fuel Stop,,recurring monthly charge,expenses_Aug_2025.csv
TXN-001537,6/1/2025,Sale,Riverbend Brewery,Soap Dispenser,DSP-100,Washroom Supplies,2,$32.00 ,$64.00 ,0,$0.00 ,64,$33.60 ,,-2,($33.60),$64.00 ,USD 0.00,Invoice,Overdue,,7/1/2025,repeat customer,sales_export_2025_06.csv
TXN-001274,9/9/2025,sales,Golden Hour Events,Toilet Tissue Case,PPR-200,Paper Products,4,44,$176.00 ,0%,0,176,$103.20 ,,-4,($103.20),$176.00 ,USD 0.00,ACH,Overdue,,10/9/2025,,sales_export_2025_09.csv
TXN-000124,6/29/2024,SALE,Evergreen Fitness,Trash Bags 55 Gal,BAG-100,Waste Supplies,1,$29.00 ,$29.00 ,0%,0,$29.00 ,15.4,,-1,($15.40),0,0,Cash,Paid,,6/29/2024,monthly replenishment,sales_export_2024_06.csv
TXN-000923,8/12/2024,Sale,Quantum IT Services,Mop Handle,MOP-200,Janitorial Equipment,3,22.8,USD 68.40,0.05,3.42,$64.98 ,$34.50 ,,-3,-34.5,USD 0.00,0,Cash,Paid,,12-Aug-24,monthly replenishment,sales_export_2024_08.csv
TXN-000179,1/11/2025,sales,Pinecrest Academy,Soap Dispenser,DSP-100,Washroom Supplies,2,33.6,67.2,0%,USD 0.00,USD 67.20,33.6,,-2,($33.60),0,0,Visa,Paid,,1/11/2025,repeat customer,sales_export_2025_01.csv
TXN-001360,6/4/2025,SALE,Northstar Consulting,Glass Cleaner,CLN-200,Cleaning Supplies,6,6.89,41.34,0.05,USD 2.07,$39.27 ,15.3,,-6,($15.30),0,$0.00 ,Check,Paid,,6/4/2025,,sales_export_2025_06.csv
TXN-000637,9/3/2025,SALE,OAK & OLIVE BISTRO,All-Purpose Cleaner,CLN-100,Cleaning Supplies,1,8.5,8.5,0,0,8.5,$3.10 ,,-1,($3.10),8.5,0,Net 30,Open,,10/3/2025,Rush delivery,sales_export_2025_09.csv
TXN-001011,8-May-24,sales,Zenith Logistics,Soap Dispenser,DSP-100,Washroom Supplies,3,$33.60 ,100.8,0,0,$100.80 ,$50.40 ,,-3,-50.4,$0.00 ,$0.00 ,Cash,Paid,,8-May-24,repeat customer,sales_export_2024_05.csv
TXN-000487,8/15/2024,sales,Evergreen Fitness,Trash Bags 55 Gal,BAG-100,Waste Supplies,8,29,USD 232.00,0,0,USD 232.00,$123.20 ,,-8,-123.2,$232.00 ,$0.00 ,Net 30,Open,,9/14/2024,repeat customer,sales_export_2024_08.csv
TXN-001591,11/4/2025,sales,Quantum IT Services,Soap Dispenser,DSP-100,Washroom Supplies,2,32,64,5%,3.2,USD 60.80,33.6,,-2,USD -33.60,60.8,$0.00 ,ACH,Overdue,,12/4/2025,repeat customer,sales_export_2025_11.csv
TXN-000072,9/24/2024,sales,Ironwood Builders,Hand Sanitizer 1 Gal,SAN-100,Washroom Supplies,6,22,132,0,0,$132.00 ,63.6,,-6,-63.6,$132.00 ,USD 0.00,Net 30,Overdue,,10/24/2024,Rush delivery,sales_export_2024_09.csv
TXN-001663,3/23/2025,Inventory Purchase,,Toilet Tissue Case,PPR-200,Paper Products,120,$25.80 ,,,,,,,120,"USD 3,096.00",$0.00 ,"$3,096.00 ",Net 30,Open,PaperPro Distributors,4/22/2025,vendor shipment received,purchases_202503.csv
TXN-001614,6/5/2025,SALE,Quantum IT Services,Microfiber Mop Head,MOP-100,Janitorial Equipment,12,18,$216.00 ,0%,0,$216.00 ,106.8,,-12,($106.80),$0.00 ,$0.00 ,Visa,Paid,,6/5/2025,web order,sales_export_2025_06.csv
TXN-001433,3/14/2024,SALE,Quantum IT Services,Microfiber Mop Head,MOP-100,Janitorial Equipment,3,17.1,51.3,0.05,2.57,48.73,$26.70 ,,-3,($26.70),$48.73 ,0,Invoice,Open,,4/13/2024,monthly replenishment,sales_export_2024_03.csv
TXN-002079,4/8/2024,AP Payment,,,,Accounts Payable,,,,,,,,,0,0,$0.00 ,($648.72),Check,Paid,Hygiene Solutions,,Payment applied to vendor bill,ap_payment_register.csv
TXN-001003,10/28/2024,SALE,Evergreen Fitness,Glass Cleaner,CLN-200,Cleaning Supplies,8,$7.25 ,$58.00 ,0,$0.00 ,$58.00 ,20.4,,-8,($20.40),0,$0.00 ,Check,Paid,,10/28/2024,repeat customer,sales_export_2024_10.csv
TXN-000840,8/7/2024,Sale,Quantum IT Services, Mop Handle ,MOP-200,Janitorial Equipment,10,$25.20 ,252,0,$0.00 ,$252.00 ,115,,-10,($115.00),$0.00 ,0,Mastercard,Paid,,7-Aug-24,,sales_export_2024_08.csv
TXN-001007,12/31/2025,sales,Harborview Clinic,Paper Towel Case,PPR-100,Paper Products,2,38,76,0,0,76,43,,-2,USD -43.00,$0.00 ,0,Check,Paid,,12/31/2025,,sales_export_2025_12.csv
TXN-001391,12/23/2025,SALE,Riverbend Brewery,All-Purpose Cleaner,CLN-100,Cleaning Supplies,6,8.93,53.58,0.00%,$0.00 ,53.58,18.6,,-6,-18.6,0,0,Cash,Paid,,12/23/2025,monthly replenishment,sales_export_2025_12.csv
TXN-000109,10/17/2025,sales,Tidal Wave Media,Trash Bags 55 Gal,BAG-100,Waste Supplies,3,29,USD 87.00,0%,0,87,$46.20 ,,-3,($46.20),0,0,Visa,Paid,,17-Oct-25,,sales_export_2025_10.csv
TXN-001979,9/16/2024,AR Receipt,Golden Hour Events,Hand Sanitizer 1 Gal,,Accounts Receivable,,,,,,,,,0,0,-66,0,ACH,Paid,,,Payment applied to customer invoice,ar_receipts_export.csv
TXN-000575,7/12/2024,Sale,Northstar Consulting,Mop Handle,MOP-200,Janitorial Equipment,3,25.2,$75.60 ,5%,USD 3.78,71.82,$34.50 ,,-3,-34.5,0,USD 0.00,Visa,Paid,,7/12/2024,Rush delivery,sales_export_2024_07.csv
TXN-000168,7/20/2025,SALE,Golden Hour Events,Paper Towel Case,PPR-100,Paper Products,8,38,$304.00 ,0,USD 0.00,304,$172.00 ,,-8,($172.00),304,0,ACH,Overdue,,8/19/2025,Rush delivery,sales_export_2025_07.csv
TXN-000088,10/1/2025,SALE,Union Square Hotel,Microfiber Mop Head,MOP-100,Janitorial Equipment,5,18.9,94.5,0.00%,0,94.5,$44.50 ,,-5,-44.5,$0.00 ,USD 0.00,Check,Paid,,10/1/2025,Rush delivery,sales_export_2025_10.csv
TXN-000635,2/19/2025,sales,Harborview Clinic,Hand Sanitizer 1 Gal,SAN-100,Washroom Supplies,2,22,44,0.05,USD 2.20,41.8,$21.20 ,,-2,-21.2,0,$0.00 ,Visa,PAID?,,2/19/2025,web order,sales_export_2025_02.csv
TXN-001713,11/26/2025,PURCHASE,,Microfiber Mop Head,MOP-100,Janitorial Equipment,96,9.08,,,,,,,96,871.49,0,871.49,Net 30,Open,Facility Gear Inc,12/26/2025,,purchases_202511.csv
TXN-002003,4/15/2025,ar receipt,Cedar & Stone Cafe,All-Purpose Cleaner,,Accounts Receivable,,,,,,,,,0,USD 0.00,-61.2,0,Check,Paid,,,Payment applied to customer invoice,ar_receipts_export.csv
TXN-000755,7/8/2025,SALE,Zenith Logistics,Soap Dispenser,DSP-100,Washroom Supplies,1,33.6,33.6,0%,0,$33.60 ,16.8,,-1,-16.8,$33.60 ,USD 0.00,Invoice,Open,,8/7/2025,,sales_export_2025_07.csv
TXN-001808,3/11/2024,Inventory Purchase,,All-Purpose Cleaner,CLN-100,Cleaning Supplies,120,3.04,,,,,,,120,$364.56 ,0,364.56,Net 30,Open,North Supply Co.,4/10/2024,,purchases_202403.csv
TXN-000633,1/12/2025,SALE,Acme Property Group,TRASH BAGS 55 GAL,BAG-100,Waste Supplies,3,29,$87.00 ,5.00%,4.35,82.65,46.2,,-3,-46.2,$0.00 ,$0.00 ,Mastercard,Paid,,1/12/2025,Rush delivery,sales_export_2025_01.csv
TXN-002082,9/9/2025,AP Payment,,,,Accounts Payable,,,,,,,,,0,0,$0.00 ,-306,Check,Paid,North Supply Co.,,Payment applied to vendor bill,ap_payment_register.csv
TXN-001917,9/11/2024,expense,,,,Rent,,,,,,,,"$3,208.37 ",0,0,USD 0.00,$0.00 ,Visa,Paid,City Center Properties,,approved by owner,expenses_Sep_2024.csv
TXN-001635,12/23/2024,SALE,Valley Fresh Grocers,Glass Cleaner,CLN-200,Cleaning Supplies,8,$6.89 ,$55.12 ,5%,2.76,$52.36 ,20.4,,-8,($20.40),52.36,0,ACH,Open,,22-Jan-25,Rush delivery,sales_export_2024_12.csv
TXN-000646,12/15/2024,sales,Keystone Auto Repair,Microfiber Mop Head,MOP-100,Janitorial Equipment,5,$18.00 ,90,0,$0.00 ,$90.00 ,44.5,,-5,-44.5,0,$0.00 ,Cash,Paid,,12/15/2024,,sales_export_2024_12.csv
TXN-000087,2/15/2024,sales,Maple Street Bakery,All-Purpose Cleaner,CLN-100,Cleaning Supplies,12,8.5,102,0.00%,$0.00 ,102,$37.20 ,,-12,-37.2,USD 102.00,0,Invoice,Overdue,,3/16/2024,Rush delivery,sales_export_2024_02.csv
TXN-000649,4/25/2025,sales,Pinecrest Academy,Trash Bags 55 Gal,BAG-100,Waste Supplies,10,29,$290.00 ,0,0,$290.00 ,154,,-10,-154,$0.00 ,0,Cash,Paid,,4/25/2025,,sales_export_2025_04.csv
TXN-000774,12/7/2024,sales,Pinecrest Academy,Glass Cleaner,CLN-200,Cleaning Supplies,3,6.89,20.67,0,0,$20.67 ,7.65,,-3,($7.65),USD 0.00,0,Cash,Paid,,12/7/2024,Rush delivery,sales_export_2024_12.csv
TXN-001209,4/29/2024,Sale,BrightPath Dental,Glass Cleaner,CLN-200,Cleaning Supplies,2,7.25,14.5,10.00%,1.45,13.05,5.1,,-2,-5.1,0,0,Mastercard,Paid,,4/29/2024,Rush delivery,sales_export_2024_04.csv
TXN-000020,1/3/2025,Sale,Evergreen Fitness,Toilet Tissue Case,PPR-200,Paper Products,3,$46.20 ,138.6,0%,0,$138.60 ,77.4,,-3,-77.4,138.6,0,Net 30,Overdue,,2/2/2025,,sales_export_2025_01.csv
TXN-000592,1/26/2025,SALE,Westfield Theater,trash bags 55 gal,BAG-100,Waste Supplies,2,30.45,$60.90 ,0.05,USD 3.05,57.85,30.8,,-2,USD -30.80,USD 0.00,$0.00 ,Visa,Paid,,1/26/2025,,sales_export_2025_01.csv
TXN-001778,7/3/2024,PURCHASE,,Paper Towel Case,PPR-100,Paper Products,24,21.07,,,,,,,24,$505.68 ,0,$0.00 ,ACH,Paid,PaperPro Distributors,8/2/2024,,purchases_202407.csv
TXN-001624,5/16/2024,sales,Acme Property Group,Paper Towel Case,PPR-100,Paper Products,8,$38.00 ,$304.00 ,0.00%,0,304,$172.00 ,,-8,-172,0,$0.00 ,Check,Paid,,5/16/2024,repeat customer,sales_export_2024_05.csv
TXN-000357,7/4/2024,SALE,BrightPath Dental,Soap Dispenser,DSP-100,Washroom Supplies,2,32,USD 64.00,0,0,64,$33.60 ,,-2,-33.6,0,0,Visa,Paid,,7/4/2024,,sales_export_2024_07.csv
TXN-001539,7/9/2025,Sale,Northstar Consulting,Glass Cleaner,CLN-200,Cleaning Supplies,2,$7.25 ,$14.50 ,5%,$0.73 ,13.77,5.1,,-2,($5.10),$0.00 ,$0.00 ,Mastercard,Paid,,9-Jul-25,web order,sales_export_2025_07.csv
TXN-000420,8/9/2025,SALE,Tidal Wave Media,All-Purpose Cleaner,CLN-100,Cleaning Supplies,2,8.93,$17.86 ,0,0,$17.86 ,6.2,,-2,-6.2,17.86,0,Net 30,Open,,9/8/2025,Rush delivery,sales_export_2025_08.csv
TXN-001318,5/12/2024,sales,Union Square Hotel,Toilet Tissue Case,PPR-200,Paper Products,4,$46.20 ,$184.80 ,5%,$9.24 ,$175.56 ,$103.20 ,,-4,-103.2,USD 0.00,USD 0.00,Check,Paid,,5/12/2024,monthly replenishment,sales_export_2024_05.csv
TXN-000995,10/15/2024,SALE,Riverbend Brewery,All-Purpose Cleaner,CLN-100,Cleaning Supplies,2,$8.50 ,17,5.00%,$0.85 ,16.15,6.2,,-2,-6.2,0,0,Check,Paid,,10/15/2024,monthly replenishment,sales_export_2024_10.csv
TXN-001692,3/13/2024,PURCHASE,,Mop Handle,MOP-200,Janitorial Equipment,48,11.04,,,,,,,48,529.92,$0.00 ,0,ACH,Paid,Facility Gear Inc,4/12/2024,vendor shipment received,purchases_202403.csv
TXN-001577,6/19/2024,Sale,Northstar Consulting,All-Purpose Cleaner,CLN-100,Cleaning Supplies,8,$8.93 ,71.44,10%,7.14,USD 64.30,24.8,,-8,($24.80),$64.30 ,$0.00 ,Invoice,Open,,7/19/2024,repeat customer,sales_export_2024_06.csv
TXN-001444,12/19/2024,Sale,Pinecrest Academy,Trash Bags 55 Gal,BAG-100,Waste Supplies,8,$29.00 ,232,0,0,232,USD 123.20,,-8,-123.2,232,0,Net 30,Open,,1/18/2025,,sales_export_2024_12.csv
TXN-001861,12/8/2024,expense,,,,Office Supplies,,,,,,,,117.26,0,0,0,0,ACH,Paid,Office Depot,,recurring monthly charge,expenses_Dec_2024.csv
TXN-001518,2/15/2024,sales,Evergreen Fitness,ALL-PURPOSE CLEANER,CLN-100,Cleaning Supplies,1,USD 8.50,$8.50 ,0%,USD 0.00,8.5,USD 3.10,,-1,-3.1,$0.00 ,0,Check,Paid,,2/15/2024,,sales_export_2024_02.csv
TXN-001806,1/10/2025,inventory purchase,,Toilet Tissue Case,PPR-200,Paper Products,36,25.8,,,,,,,36,928.8,0,928.8,Net 30,Open,PaperPro Distributors,9-Feb-25,vendor shipment received,purchases_202501.csv
TXN-001882,3/10/2024,Operating Expense,,,,Rent,,,,,,,,3134.21,0,0,0,$0.00 ,Visa,Paid,City Center Properties,,,expenses_Mar_2024.csv
TXN-000535,12/24/2025,Sale,Lakeside Vet Care,toilet tissue case,PPR-200,Paper Products,5,$46.20 ,231,0,$0.00 ,231,129,,-5,-129,$231.00 ,0,Net 30,Open,,1/23/2026,repeat customer,sales_export_2025_12.csv
TXN-001963,3/17/2025,AR Receipt,Evergreen Fitness,Toilet Tissue Case,,Accounts Receivable,,,,,,,,,0,0,-138.6,0,ACH,Paid,,,Payment applied to customer invoice,ar_receipts_export.csv
TXN-001788,4/4/2024,Inventory Purchase,,All-Purpose Cleaner,CLN-100,Cleaning Supplies,60,$3.16 ,,,,,,,60,189.72,0,$189.72 ,Net 30,Open,North Supply Co.,5/4/2024,vendor shipment received,purchases_202404.csv
TXN-001800,6/3/2024,inventory purchase,,Mop Handle,MOP-200,Janitorial Equipment,120,11.27,,,,,,,120,1352.4,0,"$1,352.40 ",Net 30,Open,Facility Gear Inc,7/3/2024,,purchases_202406.csv
TXN-001723,12/16/2025,PURCHASE,,Paper Towel Case,PPR-100,Paper Products,24,$21.07 ,,,,,,,24,$505.68 ,0,$505.68 ,Net 30,Overdue,PaperPro Distributors,1/15/2026,,purchases_202512.csv
TXN-001365,8/21/2024,SALE, Oak & Olive Bistro ,Trash Bags 55 Gal,BAG-100,Waste Supplies,3,29,USD 87.00,5%,$4.35 ,USD 82.65,46.2,,-3,($46.20),$0.00 ,USD 0.00,ACH,Paid,,8/21/2024,Rush delivery,sales_export_2024_08.csv
TXN-000955,1/28/2024,Sale,Lakeside Vet Care,Glass Cleaner,CLN-200,Cleaning Supplies,4,7.25,29,0%,0,29,10.2,,-4,-10.2,0,0,Visa,Paid,,1/28/2024,web order,sales_export_2024_01.csv
TXN-001127,10/29/2025,Sale,Riverbend Brewery,All-Purpose Cleaner,CLN-100,Cleaning Supplies,2,8.5,17,0%,0,17,6.2,,-2,-6.2,0,0,Cash,Paid,,10/29/2025,Rush delivery,sales_export_2025_10.csv
TXN-002103,2/8/2025,Vendor Payment,,,,Accounts Payable,,,,,,,,,0,0,$0.00 ,($854.40),Check,Paid,Facility Gear Inc,,Payment applied to vendor bill,ap_payment_register.csv
TXN-001700,5/25/2024,inventory purchase,,Mop Handle,MOP-200,Janitorial Equipment,60,11.73,,,,,,,60,703.8,0,$703.80 ,Net 30,Open,Facility Gear Inc,6/24/2024,stock replenishment,purchases_202405.csv
TXN-001744,9/14/2024,inventory purchase,,Paper Towel Case,PPR-100,Paper Products,36,21.5,,,,,,,36,$774.00 ,0,$774.00 ,Net 30,Open,PaperPro Distributors,10/14/2024,stock replenishment,purchases_202409.csv
TXN-000665,11/15/2025,Sale,Zenith Logistics,Glass Cleaner,CLN-200,Cleaning Supplies,1,USD 7.25,7.25,0,0,$7.25 ,USD 2.55,,-1,-2.55,USD 7.25,0,Invoice,Open,,12/15/2025,repeat customer,sales_export_2025_11.csv
TXN-001752,6/23/2025,inventory purchase,,Glass Cleaner,CLN-200,Cleaning Supplies,72,2.45,,,,,,,72,USD 176.26,$0.00 ,176.26,Net 30,Overdue,NORTH SUPPLY CO.,7/23/2025,,purchases_202506.csv
TXN-000296,4/10/2025,sales,Maple Street Bakery,Trash Bags 55 Gal,BAG-100,Waste Supplies,1,30.45,30.45,10.00%,3.05,27.4,15.4,,-1,-15.4,27.4,$0.00 ,Invoice,Open,,5/10/2025,monthly replenishment,sales_export_2025_04.csv
TXN-001946,11/8/2024,expense,,,,Software,,,,,,,,143.96,0,0,$0.00 ,USD 0.00,ACH,Paid,CloudSuite,,approved by owner,expenses_Nov_2024.csv
TXN-000030,6/27/2025,Sale,Quantum IT Services,All-Purpose Cleaner,CLN-100,Cleaning Supplies,2,8.5,17,0.1,1.7,$15.30 ,6.2,,-2,-6.2,USD 0.00,$0.00 ,Cash,Paid,,6/27/2025,monthly replenishment,sales_export_2025_06.csv
TXN-000389,1/20/2024,Sale,Ironwood Builders,Trash Bags 55 Gal,BAG-100,Waste Supplies,5,USD 30.45,USD 152.25,0.05,$7.61 ,144.64,$77.00 ,,-5,USD -77.00,0,USD 0.00,Cash,Paid,,1/20/2024,,sales_export_2024_01.csv
TXN-000416,6/21/2024,SALE,Ironwood Builders,Microfiber Mop Head,MOP-100,Janitorial Equipment,3,$18.00 ,54,0.00%,0,54,26.7,,-3,-26.7,0,$0.00 ,Mastercard,Paid,,6/21/2024,repeat customer,sales_export_2024_06.csv
TXN-000162,11/5/2024,SALE,Valley Fresh Grocers,Nitrile Gloves Box,GLO-100,Safety Supplies,6,$15.75 ,94.5,0.00%,0,94.5,$43.20 ,,-6,-43.2,0,0,Check,Paid,,11/5/2024,web order,sales_export_2024_11.csv
TXN-001914,11-Oct-24,Operating Expense,,,,Software,,,,,,,,127.81,0,0,0,0,ACH,Paid,CloudSuite,,,expenses_Oct_2024.csv
TXN-001440,12/30/2025,Sale,Falcon Ridge Realty,Hand Sanitizer 1 Gal,SAN-100,Washroom Supplies,3,22,$66.00 ,0%,0,66,31.8,,-3,-31.8,$66.00 ,0,Invoice,Open,,1/29/2026,,sales_export_2025_12.csv
TXN-001353,8/17/2024,Sale,Golden Hour Events,Toilet Tissue Case,PPR-200,Paper Products,2,44,88,0,0,$88.00 ,51.6,,-2,-51.6,USD 88.00,0,Invoice,Open,,9/16/2024,repeat customer,sales_export_2024_08.csv
TXN-000285,1/6/2024,sales,Tidal Wave Media,Glass Cleaner,CLN-200,Cleaning Supplies,3,$7.25 ,21.75,15.00%,$3.26 ,USD 18.49,USD 7.65,,-3,($7.65),USD 0.00,$0.00 ,Cash,Paid,,1/6/2024,,sales_export_2024_01.csv
TXN-000444,12/30/2025,SALE,Lakeside Vet Care,Mop Handle,MOP-200,Janitorial Equipment,3,24,72,0.00%,0,$72.00 ,34.5,,-3,($34.50),0,0,Visa,Paid,,30-Dec-25,repeat customer,sales_export_2025_12.csv
TXN-001099,1/16/2024,SALE,Juniper Market,All-Purpose Cleaner,CLN-100,Cleaning Supplies,6,8.5,51,0.05,$2.55 ,$48.45 ,18.6,,-6,-18.6,$48.45 ,0,Net 30,Open,,2/15/2024,,sales_export_2024_01.csv
TXN-000428,10/27/2024,Sale,Summit Childcare,Soap Dispenser,DSP-100,Washroom Supplies,8,32,256,0%,$0.00 ,256,134.4,,-8,-134.4,256,0,Invoice,Open,,11/26/2024,repeat customer,sales_export_2024_10.csv
TXN-001235,11/23/2025,Sale,Dover Legal Partners,Mop Handle,MOP-200,Janitorial Equipment,1,$24.00 ,$24.00 ,10%,2.4,21.6,$11.50 ,,-1,-11.5,$0.00 ,$0.00 ,Check,Paid,,11/23/2025,,sales_export_2025_11.csv
TXN-001247,6/16/2025,Sale,Quantum IT Services,Microfiber Mop Head,MOP-100,Janitorial Equipment,4,18,$72.00 ,0,0,72,$35.60 ,,-4,-35.6,$0.00 ,0,Check,Paid,,6/16/2025,web order,sales_export_2025_06.csv
TXN-001759,9/17/2025,PURCHASE,,Microfiber Mop Head,MOP-100,Janitorial Equipment,24,9.08,,,,,,,24,217.87,USD 0.00,217.87,Net 30,Open,Facility Gear Inc,10/17/2025,stock replenishment,purchases_202509.csv
TXN-001061,12-Jan-24,sales,Ironwood Builders,Toilet Tissue Case,PPR-200,Paper Products,6,44,$264.00 ,0.00%,$0.00 ,264,154.8,,-6,-154.8,$0.00 ,0,Visa,Paid,,1/12/2024,monthly replenishment,sales_export_2024_01.csv
TXN-000929,1/22/2025,SALE,Yellow Finch Design,All-Purpose Cleaner,CLN-100,Cleaning Supplies,6,$8.08 ,$48.48 ,0%,$0.00 ,48.48,18.6,,-6,-18.6,$0.00 ,0,Check,Paid,,1/22/2025,,sales_export_2025_01.csv
TXN-001284,3/6/2024,sales,Riverbend Brewery,All-Purpose Cleaner,CLN-100,Cleaning Supplies,6,8.93,$53.58 ,0%,USD 0.00,53.58,18.6,,-6,USD -18.60,53.58,0,ACH,Open,,4/5/2024,web order,sales_export_2024_03.csv
TXN-000188,12/29/2024,SALE,Summit Childcare,Microfiber Mop Head,MOP-100,Janitorial Equipment,3,$18.00 ,$54.00 ,0,0,54,$26.70 ,,-3,($26.70),0,0,ACH,Paid,,12/29/2024,Rush delivery,sales_export_2024_12.csv
TXN-001959,16-May-24,expense,,,,Delivery Fuel,,,,,,,,$234.63 ,0,$0.00 ,USD 0.00,0,Visa,Paid,Metro Fuel Stop,,,expenses_May_2024.csv
TXN-001794,2/16/2024,inventory purchase,,Toilet Tissue Case,PPR-200,Paper Products,48,25.28,,,,,,,48,"1,213.63",0,0,ACH,Paid,PaperPro Distributors,3/17/2024,stock replenishment,purchases_202402.csv
TXN-001863,2/17/2024,EXPENSE,,,,Utilities,,,,,,,,305,0,$0.00 ,0,0,ACH,Paid,BrightGrid Electric,,approved by owner,expenses_Feb_2024.csv
TXN-000952,6/21/2025,sales,Tidal Wave Media,Toilet Tissue Case,PPR-200,Paper Products,4,41.8,167.2,0%,$0.00 ,$167.20 ,$103.20 ,,-4,-103.2,167.2,0,Net 30,Open,,7/21/2025,,sales_export_2025_06.csv
TXN-001297,7/2/2024,SALE,Harborview Clinic, All-Purpose Cleaner ,CLN-100,Cleaning Supplies,2,$8.08 ,16.16,15.00%,2.42,$13.74 ,6.2,,-2,-6.2,$0.00 ,$0.00 ,Mastercard,Paid,,7/2/2024,monthly replenishment,sales_export_2024_07.csv
TXN-000131,4/10/2025,SALE,Tidal Wave Media,Microfiber Mop Head,MOP-100,Janitorial Equipment,3,USD 18.00,$54.00 ,0,0,54,$26.70 ,,-3,($26.70),54,$0.00 ,Invoice,Overdue,,5/10/2025,repeat customer,sales_export_2025_04.csv
TXN-001560,10/11/2024,Sale,Tidal Wave Media,Mop Handle,MOP-200,Janitorial Equipment,8,24,$192.00 ,5%,$9.60 ,182.4,92,,-8,($92.00),$182.40 ,$0.00 ,Invoice,Overdue,,11/10/2024,monthly replenishment,sales_export_2024_10.csv
TXN-000716,5/21/2024,sales,Dover Legal Partners,Microfiber Mop Head,MOP-100,Janitorial Equipment,4,$18.90 ,$75.60 ,0.00%,$0.00 ,75.6,$35.60 ,,-4,USD -35.60,0,0,Visa,Paid,,5/21/2024,monthly replenishment,sales_export_2024_05.csv
TXN-001219,11/21/2025,Sale,Evergreen Fitness,Soap Dispenser,DSP-100,Washroom Supplies,5,USD 32.00,160,15.00%,USD 24.00,$136.00 ,$84.00 ,,-5,($84.00),$136.00 ,0,Net 30,Overdue,,12/21/2025,Rush delivery,sales_export_2025_11.csv
TXN-001059,2/4/2024,Sale,Juniper Market,Nitrile Gloves Box,GLO-100,Safety Supplies,12,USD 15.00,$180.00 ,0%,$0.00 ,180,$86.40 ,,-12,($86.40),0,0,Cash,Paid,,2/4/2024,Rush delivery,sales_export_2024_02.csv
TXN-001216,9/27/2024,SALE,Ironwood Builders,Soap Dispenser,DSP-100,Washroom Supplies,5,32,160,0,0,160,$84.00 ,,-5,-84,160,$0.00 ,Net 30,Open,,10/27/2024,repeat customer,sales_export_2024_09.csv
TXN-001745,16-May-25,Inventory Purchase,,Mop Handle,MOP-200,Janitorial Equipment,60,11.5,,,,,,,60,690,0,$690.00 ,Net 30,Open,Facility Gear Inc,6/15/2025,stock replenishment,purchases_202505.csv
TXN-000371,10/31/2024,Sale,Riverbend Brewery,Trash Bags 55 Gal,BAG-100,Waste Supplies,2,29,$58.00 ,0,0,58,30.8,,-2,($30.80),58,0,Invoice,Open,,11/30/2024,Rush delivery,sales_export_2024_10.csv
TXN-000701,6/18/2024,SALE,Quantum IT Services,Toilet Tissue Case,PPR-200,Paper Products,4,$44.00 ,$176.00 ,5.00%,8.8,167.2,103.2,,-4,($103.20),0,$0.00 ,ACH,Paid,,6/18/2024,Rush delivery,sales_export_2024_06.csv
TXN-001401,10/16/2025,sales,Evergreen Fitness,Trash Bags 55 Gal,BAG-100,Waste Supplies,6,$29.00 ,174,10%,$17.40 ,156.6,92.4,,-6,-92.4,$0.00 ,0,Check,Paid,,10/16/2025,Rush delivery,sales_export_2025_10.csv
TXN-000236,4/20/2024,SALE,Falcon Ridge Realty,Microfiber Mop Head,MOP-100,Janitorial Equipment,4,17.1,68.4,0,$0.00 ,$68.40 ,35.6,,-4,-35.6,$0.00 ,0,Check,Paid,,4/20/2024,web order,sales_export_2024_04.csv
TXN-001243,3/11/2025,sales,Maple Street Bakery,Trash Bags 55 Gal,BAG-100,Waste Supplies,2,30.45,60.9,0.00%,$0.00 ,$60.90 ,$30.80 ,,-2,-30.8,$60.90 ,$0.00 ,ACH,Open,,10-Apr-25,Rush delivery,sales_export_2025_03.csv
TXN-000697,9/4/2025,sales,Harborview Clinic,Nitrile Gloves Box,GLO-100,Safety Supplies,3,15.75,$47.25 ,0,0,$47.25 ,21.6,,-3,($21.60),47.25,0,Invoice,Overdue,,4-Oct-25,web order,sales_export_2025_09.csv
TXN-000636,10/17/2025,sales,Yellow Finch Design,Microfiber Mop Head,MOP-100,Janitorial Equipment,2,USD 18.90,37.8,15.00%,$5.67 ,$32.13 ,$17.80 ,,-2,($17.80),USD 0.00,$0.00 ,ACH,Paid,,10/17/2025,Rush delivery,sales_export_2025_10.csv
TXN-001729,1/6/2025,inventory purchase,,Toilet Tissue Case,PPR-200,Paper Products,96,26.32,,,,,,,96,"$2,526.34 ",$0.00 ,$0.00 ,ACH,Paid,PaperPro Distributors,2/5/2025,,purchases_202501.csv
TXN-001603,4/24/2025,SALE,Tidal Wave Media,Toilet Tissue Case,PPR-200,Paper Products,4,44,USD 176.00,0,$0.00 ,$176.00 ,103.2,,-4,USD -103.20,176,0,Invoice,Overdue,,5/24/2025,,sales_export_2025_04.csv
TXN-000746,9/22/2024,sales,Union Square Hotel,Nitrile Gloves Box,GLO-100,Safety Supplies,10,$15.00 ,150,0.00%,$0.00 ,$150.00 ,72,,-10,-72,150,0,ACH,Open,,10/22/2024,repeat customer,sales_export_2024_09.csv
TXN-001388,3-Oct-24,SALE,Keystone Auto Repair,Glass Cleaner,CLN-200,Cleaning Supplies,3,7.61,22.83,0,$0.00 ,$22.83 ,USD 7.65,,-3,USD -7.65,22.83,0,ACH,Open,,11/2/2024,monthly replenishment,sales_export_2024_10.csv
TXN-001660,7/1/2025,Inventory Purchase,,Microfiber Mop Head,MOP-100,Janitorial Equipment,120,$8.54 ,,,,,,,120,"1,025.28",0,$0.00 ,ACH,Paid,Facility Gear Inc,7/31/2025,vendor shipment received,purchases_202507.csv
TXN-002025,14-Nov-24,Customer Payment,Tidal Wave Media,Hand Sanitizer 1 Gal,,Accounts Receivable,,,,,,,,,0,0,($66.00),$0.00 ,ACH,Paid,,,Payment applied to customer invoice,ar_receipts_export.csv
TXN-002107,5/7/2025,ap payment,,,,Accounts Payable,,,,,,,,,0,0,USD 0.00,"-1,238.40",Wire,Paid,PaperPro Distributors,,Payment applied to vendor bill,ap_payment_register.csv
TXN-000079,4/4/2024,sales,Lakeside Vet Care,Trash Bags 55 Gal,BAG-100,Waste Supplies,3,29,87,0,0,87,46.2,,-3,USD -46.20,$0.00 ,$0.00 ,Mastercard,Paid,,4/4/2024,,sales_export_2024_04.csv
TXN-002041,7/18/2024,ar receipt,Golden Hour Events,Hand Sanitizer 1 Gal,,Accounts Receivable,,,,,,,,,0,0,($83.60),$0.00 ,Wire,Paid,,,Payment applied to customer invoice,ar_receipts_export.csv
TXN-000709,10/2/2025,Sale,Summit Childcare,Mop Handle,MOP-200,Janitorial Equipment,1,24,$24.00 ,0,$0.00 ,$24.00 ,11.5,,-1,($11.50),$0.00 ,$0.00 ,Cash,Paid,,10/2/2025,Rush delivery,sales_export_2025_10.csv
TXN-001835,3/4/2025,expense,,,,Office Supplies,,,,,,,,79.26,0,USD 0.00,$0.00 ,0,Check,Paid,Office Depot,,approved by owner,expenses_Mar_2025.csv
TXN-000274,22-Sep-24,sales,Keystone Auto Repair,Toilet Tissue Case,PPR-200,Paper Products,10,USD 41.80,418,0%,0,$418.00 ,258,,-10,($258.00),$0.00 ,0,Cash,Paid,,9/22/2024,web order,sales_export_2024_09.csv
TXN-001287,9/5/2025,Sale,Quantum IT Services,Hand Sanitizer 1 Gal,SAN-100,Washroom Supplies,4,USD 23.10,92.4,5%,4.62,87.78,42.4,,-4,USD -42.40,87.78,0,ACH,Open,,10/5/2025,monthly replenishment,sales_export_2025_09.csv
TXN-000855,1/28/2025,Sale,Evergreen Fitness,All-Purpose Cleaner,CLN-100,Cleaning Supplies,1,8.5,8.5,0%,0,8.5,3.1,,-1,USD -3.10,$0.00 ,0,Visa,Paid,,1/28/2025,Rush delivery,sales_export_2025_01.csv
TXN-000095,8/26/2024,Sale,Westfield Theater,Toilet Tissue Case,PPR-200,Paper Products,3,41.8,USD 125.40,0%,0,125.4,77.4,,-3,($77.40),USD 125.40,0,Net 30,Overdue,,9/25/2024,web order,sales_export_2024_08.csv
TXN-002044,7/29/2024,AR Receipt,Evergreen Fitness,soap dispenser,,Accounts Receivable,,,,,,,,,0,0,USD -230.40,0,Wire,Paid,,,Payment applied to customer invoice,ar_receipts_export.csv
TXN-001952,11/14/2024,Operating Expense,,,,Payroll,,,,,,,,"1,510.98",0,$0.00 ,$0.00 ,0,Visa,Paid,Staff Payroll,,recurring monthly charge,expenses_Nov_2024.csv
TXN-000652,11/19/2024,sales,Riverbend Brewery,Trash Bags 55 Gal,BAG-100,Waste Supplies,1,$29.00 ,29,10.00%,USD 2.90,26.1,USD 15.40,,-1,USD -15.40,0,$0.00 ,Mastercard,Paid,,19-Nov-24,,sales_export_2024_11.csv
TXN-000261,7/28/2025,Sale,Evergreen Fitness,Paper Towel Case,PPR-100,Paper Products,3,$38.00 ,114,5%,5.7,108.3,USD 64.50,,-3,USD -64.50,$0.00 ,0,ACH,Paid,,28-Jul-25,,sales_export_2025_07.csv
TXN-000263,5/12/2024,Sale,Oak & Olive Bistro,Microfiber Mop Head,MOP-100,Janitorial Equipment,2,$17.10 ,34.2,0%,0,34.2,17.8,,-2,($17.80),USD 0.00,$0.00 ,Mastercard,Paid,,5/12/2024,Rush delivery,sales_export_2024_05.csv
TXN-000508,4-Jun-24,sales,Dover Legal Partners,Trash Bags 55 Gal,BAG-100,Waste Supplies,6,30.45,$182.70 ,5%,9.14,173.56,92.4,,-6,($92.40),173.56,0,Net 30,Open,,7/4/2024,monthly replenishment,sales_export_2024_06.csv
TXN-000836,12/27/2025,Sale,RIVERBEND BREWERY,Toilet Tissue Case,PPR-200,Paper Products,2,$44.00 ,USD 88.00,0.05,$4.40 ,$83.60 ,51.6,,-2,USD -51.60,$0.00 ,0,ACH,Paid,,12/27/2025,monthly replenishment,sales_export_2025_12.csv
TXN-001586,8/31/2024,sales,Westfield Theater,All-Purpose Cleaner,CLN-100,Cleaning Supplies,8,$8.50 ,$68.00 ,0,$0.00 ,68,24.8,,-8,($24.80),$0.00 ,0,Check,Paid,,8/31/2024,monthly replenishment,sales_export_2024_08.csv
TXN-001199,11/4/2024,Sale,Harborview Clinic,Nitrile Gloves Box,GLO-100,Office Supplies,8,15,120,0.00%,$0.00 ,$120.00 ,57.6,,-8,-57.6,120,$0.00 ,Net 30,Open,,12/4/2024,Rush delivery,sales_export_2024_11.csv
TXN-001475,2/11/2024,Sale,Juniper Market,Toilet Tissue Case,PPR-200,Paper Products,2,41.8,83.6,15.00%,12.54,$71.06 ,$51.60 ,,-2,-51.6,71.06,$0.00 ,ACH,Open,,3/12/2024,,sales_export_2024_02.csv
TXN-000568,9/25/2024,sales,Quantum IT Services,Microfiber Mop Head,MOP-100,Janitorial Equipment,2,18,36,5%,1.8,34.2,17.8,,-2,-17.8,$34.20 ,0,ACH,Open,,10/25/2024,Rush delivery,sales_export_2024_09.csv
TXN-000172,9/22/2024,Sale,BrightPath Dental,Mop Handle,MOP-200,Janitorial Equipment,2,22.8,$45.60 ,0,0,45.6,23,,-2,-23,0,0,ACH,Paid,,9/22/2024,,sales_export_2024_09.csv
TXN-000270,29-Sep-24,Sale,Valley Fresh Grocers,Nitrile Gloves Box,GLO-100,Safety Supplies,1,15,15,0,$0.00 ,15,$7.20 ,,-1,-7.2,$15.00 ,$0.00 ,Net 30,Open,,10/29/2024,repeat customer,sales_export_2024_09.csv
TXN-000957,10/19/2025,Sale,Ironwood Builders,Glass Cleaner,CLN-200,Cleaning Supplies,1,7.25,$7.25 ,0.05,$0.36 ,6.89,2.55,,-1,-2.55,6.89,0,ACH,Open,,11/18/2025,Rush delivery,sales_export_2025_10.csv
TXN-001844,7/25/2024,Operating Expense,,,,Insurance,,,,,,,,$363.40 ,0,0,0,0,Visa,Paid,Crestline Insurance,,recurring monthly charge,expenses_Jul_2024.csv
TXN-000885,3/16/2024,sales,Falcon Ridge Realty,Toilet Tissue Case,PPR-200,Paper Products,5,44,220,0%,0,$220.00 ,$129.00 ,,-5,($129.00),0,$0.00 ,Check,Paid,,3/16/2024,monthly replenishment,sales_export_2024_03.csv
TXN-000107,3/26/2025,Sale,BrightPath Dental,Toilet Tissue Case,PPR-200,Paper Products,4,$44.00 ,176,0,0,176,103.2,,-4,-103.2,0,$0.00 ,Check,Paid,,3/26/2025,,sales_export_2025_03.csv
TXN-000456,2/14/2024,SALE,Ironwood Builders,Soap Dispenser,DSP-100,Washroom Supplies,3,$30.40 ,$91.20 ,0%,0,91.2,USD 50.40,,-3,-50.4,0,$0.00 ,Cash,Paid,,2/14/2024,repeat customer,sales_export_2024_02.csv
TXN-001183,12/2/2025,Sale,Valley Fresh Grocers,Hand Sanitizer 1 Gal,SAN-100,Washroom Supplies,1,$23.10 ,$23.10 ,5.00%,1.16,21.94,$10.60 ,,-1,($10.60),0,$0.00 ,Visa,Paid,,2-Dec-25,monthly replenishment,sales_export_2025_12.csv
TXN-001758,10/6/2025,PURCHASE,,MICROFIBER MOP HEAD,MOP-100,Janitorial Equipment,96,$9.08 ,,,,,,,96,871.49,USD 0.00,871.49,Net 30,Open,Facility Gear Inc,11/5/2025,vendor shipment received,purchases_202510.csv
TXN-000105,6/24/2024,Sale,Summit Childcare,Glass Cleaner,CLN-200,Cleaning Supplies,6,$7.25 ,$43.50 ,15.00%,$6.53 ,36.97,15.3,,-6,($15.30),0,0,Visa,Paid,,6/24/2024,repeat customer,sales_export_2024_06.csv
TXN-001975,6/25/2025,Customer Payment,Harborview Clinic,Microfiber Mop Head,,Accounts Receivable,,,,,,,,,0,0,-34.2,$0.00 ,Wire,Paid,,,Payment applied to customer invoice,ar_receipts_export.csv
TXN-001105,6/6/2025,SALE,Cedar & Stone Cafe,Hand Sanitizer 1 Gal,SAN-100,Washroom Supplies,2,20.9,$41.80 ,0%,0,41.8,$21.20 ,,-2,($21.20),0,$0.00 ,Cash,Paid,,6/6/2025,web order,sales_export_2025_06.csv
TXN-001413,26-Apr-25,Sale,Harborview Clinic,Paper Towel Case,PPR-100,Paper Products,6,38,228,0.05,$11.40 ,216.6,129,,-6,-129,0,0,Mastercard,Paid,,4/26/2025,repeat customer,sales_export_2025_04.csv
TXN-000719,12-Mar-25,SALE,Quantum IT Services,Nitrile Gloves Box,GLO-100,Safety Supplies,2,15,30,10.00%,3,27,$14.40 ,,-2,-14.4,$0.00 ,0,Check,Paid,,3/12/2025,web order,sales_export_2025_03.csv
TXN-001343,4/14/2025,sales,ZENITH LOGISTICS,Hand Sanitizer 1 Gal,SAN-100,Washroom Supplies,1,$20.90 ,$20.90 ,5%,1.05,19.85,USD 10.60,,-1,-10.6,$0.00 ,0,Visa,Paid,,4/14/2025,web order,sales_export_2025_04.csv
TXN-000600,10/13/2024,sales,BrightPath Dental,Glass Cleaner,CLN-200,Cleaning Supplies,2,7.61,15.22,0%,0,15.22,5.1,,-2,-5.1,USD 15.22,$0.00 ,ACH,Open,,11/12/2024,Rush delivery,sales_export_2024_10.csv
TXN-001595,5/29/2024,Sale,Tidal Wave Media,Paper Towels Case,PPR-100,Paper Products,3,38,114,0.00%,USD 0.00,$114.00 ,$64.50 ,,-3,-64.5,0,$0.00 ,Mastercard,Paid,,29-May-24,monthly replenishment,sales_export_2024_05.csv
TXN-000577,7/20/2025,Sale,Pinecrest Academy,Soap Dispenser,DSP-100,Washroom Supplies,1,30.4,30.4,0.00%,USD 0.00,30.4,16.8,,-1,-16.8,$30.40 ,$0.00 ,Net 30,Overdue,,8/19/2025,,sales_export_2025_07.csv
TXN-000684,10/12/2025,SALE,BrightPath Dental,All-Purpose Cleaner,CLN-100,Cleaning Supplies,2,8.08,USD 16.16,0,$0.00 ,$16.16 ,$6.20 ,,-2,($6.20),$0.00 ,$0.00 ,Mastercard,Paid,,10/12/2025,Rush delivery,sales_export_2025_10.csv
TXN-000749,8/25/2024,SALE,Westfield Theater,Glass Cleaner,CLN-200,Cleaning Supplies,10,7.61,76.1,0.00%,0,$76.10 ,25.5,,-10,-25.5,$0.00 ,0,Visa,Paid,,8/25/2024,monthly replenishment,sales_export_2024_08.csv
TXN-000471,1/31/2025,Sale,Cedar & Stone Cafe,Mop Handle,MOP-200,Janitorial Equipment,4,24,96,0,0,USD 96.00,USD 46.00,,-4,($46.00),USD 96.00,$0.00 ,ACH,Open,,3/2/2025,Rush delivery,sales_export_2025_01.csv
TXN-002040,10/22/2025,AR Receipt,lakeside vet care,Soap Dispenser,,Accounts Receivable,,,,,,,,,0,0,-91.2,0,ACH,Paid,,,Payment applied to customer invoice,ar_receipts_export.csv
TXN-001558,8/9/2024,SALE,Golden Hour Events,Toilet Tissue Case,PPR-200,Paper Products,2,$44.00 ,88,10%,8.8,$79.20 ,USD 51.60,,-2,-51.6,0,$0.00 ,Mastercard,Paid,,8/9/2024,monthly replenishment,sales_export_2024_08.csv
TXN-002069,8/25/2024,Vendor Payment,,,,Accounts Payable,,,,,,,,,0,0,0,-837.31,Wire,Paid,Facility Gear Inc,,Payment applied to vendor bill,ap_payment_register.csv
TXN-000106,7/19/2025,sales,Zenith Logistics,Microfiber Mop Head,MOP-100,Janitorial Equipment,1,$18.00 ,18,10.00%,1.8,$16.20 ,8.9,,-1,($8.90),0,$0.00 ,Check,Paid,,7/19/2025,Rush delivery,sales_export_2025_07.csv
TXN-000169,10/10/2025,sales,Keystone Auto Repair,Trash Bags 55 Gal,BAG-100,Waste Supplies,3,USD 29.00,87,0%,0,87,$46.20 ,,-3,($46.20),0,0,Visa,Paid,,10/10/2025,web order,sales_export_2025_10.csv
TXN-002080,7/11/2024,Vendor Payment,,,,Accounts Payable,,,,,,,,,0,$0.00 ,$0.00 ,-703.8,ACH,Paid,Facility Gear Inc,,Payment applied to vendor bill,ap_payment_register.csv
TXN-000327,1/18/2024,sales,Zenith Logistics,All-Purpose Cleaner,CLN-100,Cleaning Supplies,1,8.5,$8.50 ,5.00%,0.43,$8.07 ,3.1,,-1,($3.10),$8.07 ,$0.00 ,Net 30,Open,,2/17/2024,Rush delivery,sales_export_2024_01.csv
TXN-000148,1/1/2024,SALE,Evergreen Fitness,Mop Handle,MOP-200,Janitorial Equipment,8,24,192,10.00%,USD 19.20,$172.80 ,$92.00 ,,-8,($92.00),0,0,Check,Paid,,1/1/2024,web order,sales_export_2024_01.csv
TXN-000907,2024-13-40,SALE,Westfield Theater,all-purpose cleaner,CLN-100,Cleaning Supplies,3,$8.93 ,26.79,10%,USD 2.68,24.11,9.3,,-3,-9.3,$24.11 ,0,Invoice,Open,,6/14/2024,Rush delivery,sales_export_2024_05.csv
TXN-001022,2/24/2024,sales,Cedar & Stone Cafe,Mop Handle,MOP-200,Janitorial Equipment,2,22.8,45.6,0.1,$4.56 ,41.04,23,,-2,($23.00),$41.04 ,$0.00 ,Invoice,Open,,3/25/2024,web order,sales_export_2024_02.csv
TXN-001712,5/16/2024,inventory purchase,,Trash Bags 55 Gal,BAG-100,Waste Supplies,120,$14.78 ,,,,,,,120,"USD 1,774.08",$0.00 ,$0.00 ,ACH,Paid,Metro Packaging LLC,6/15/2024,stock replenishment,purchases_202405.csv
TXN-001304,1/9/2024,Sale,Cedar & Stone Cafe,Microfiber Mop Head,MOP-100,Janitorial Equipment,10,17.1,171,5.00%,8.55,$162.45 ,USD 89.00,,-10,($89.00),$0.00 ,USD 0.00,Cash,Paid,,1/9/2024,Rush delivery,sales_export_2024_01.csv
TXN-001540,15-Dec-24,Sale,Cedar & Stone Cafe,TRASH BAGS 55 GAL,BAG-100,Waste Supplies,8,$27.55 ,220.4,0.00%,0,220.4,$123.20 ,,-8,($123.20),0,0,ACH,Paid,,12/15/2024,,sales_export_2024_12.csv
TXN-000232,10/20/2024,Sale,Tidal Wave Media,hand sanitizer 1 gal,SAN-100,Washroom Supplies,3,22,66,0,0,66,31.8,,-3,-31.8,$66.00 ,USD 0.00,Net 30,Open,,11/19/2024,,sales_export_2024_10.csv
TXN-001448,1/6/2024,sales,Juniper Market,Glass Cleaner,CLN-200,Cleaning Supplies,3,$7.61 ,$22.83 ,0,0,22.83,USD 7.65,,-3,($7.65),22.83,0,Invoice,Open,,2/5/2024,monthly replenishment,sales_export_2024_01.csv
TXN-000476,26-Sep-25,sales,Acme Property Group,Microfiber Mop Head,MOP-100,Janitorial Equipment,8,18,$144.00 ,0.00%,$0.00 ,144,71.2,,-8,($71.20),$144.00 ,$0.00 ,Net 30,Open,,10/26/2025,web order,sales_export_2025_09.csv
TXN-001711,2/16/2025,PURCHASE,,All-Purpose Cleaner,CLN-100,Cleaning Supplies,72,$3.16 ,,,,,,,72,227.66,0,227.66,Net 30,Overdue,North Supply Co.,3/18/2025,,purchases_202502.csv
TXN-000243,9/17/2025,SALE,Ironwood Builders,Glass Cleaner,CLN-200,Cleaning Supplies,1,$7.25 ,USD 7.25,0,0,$7.25 ,2.55,,-1,-2.55,$0.00 ,USD 0.00,Visa,Paid,,17-Sep-25,web order,sales_export_2025_09.csv
TXN-001071,5-Nov-24,sales,Golden Hour Events,Hand Sanitizer 1 Gal,SAN-100,Washroom Supplies,1,$22.00 ,22,0.00%,0,22,10.6,,-1,-10.6,22,USD 0.00,ACH,Overdue,,12/5/2024,web order,sales_export_2024_11.csv
TXN-001135,8/13/2025,SALE,Valley Fresh Grocers,All-Purpose Cleaner,CLN-100,Cleaning Supplies,3,8.93,26.79,0,0,26.79,9.3,,-3,($9.30),26.79,USD 0.00,Net 30,Open,,9/12/2025,,sales_export_2025_08.csv
TXN-001932,5/31/2024,expense,,,,Payroll,,,,,,,,"1,020.72",0,0,$0.00 ,USD 0.00,Check,Paid,Staff Payroll,,recurring monthly charge,expenses_May_2024.csv
TXN-000418,10-Jan-25,Sale,Quantum IT Services,Toilet Tissue Case,PPR-200,Paper Products,6,46.2,277.2,0.00%,0,277.2,154.8,,-6,($154.80),0,0,Visa,Paid,,10-Jan-25,,sales_export_2025_01.csv
TXN-001338,3/2/2024,Sale,BrightPath Dental,Microfiber Mop Head,MOP-100,Janitorial Equipment,10,18,180,0.00%,0,$180.00 ,89,,-10,-89,0,0,ACH,Paid,,3/2/2024,Rush delivery,sales_export_2024_03.csv
TXN-000319,3/11/2025,Sale,Maple Street Bakery,Toilet Tissue Case,PPR-200,Paper Products,5,44,220,0,0,$220.00 ,129,,-5,($129.00),$0.00 ,$0.00 ,Cash,Paid,,3/11/2025,,sales_export_2025_03.csv
TXN-000365,1/15/2024,Sale,Cedar & Stone Cafe,All-Purpose Cleaner,CLN-100,Cleaning Supplies,8,8.5,68,0,USD 0.00,68,USD 24.80,,-8,($24.80),68,0,Net 30,Open,,2/14/2024,monthly replenishment,sales_export_2024_01.csv
TXN-001676,26-Oct-24,PURCHASE,,Microfiber Mop Head,MOP-100,Janitorial Equipment,72,$8.72 ,,,,,,,72,627.98,0,627.98,Net 30,Open,Facility Gear Inc,11/25/2024,stock replenishment,purchases_202410.csv
TXN-000564,10/20/2025,sales,Evergreen Fitness,Nitrile Gloves Box,GLO-100,Safety Supplies,1,15.75,15.75,0%,0,$15.75 ,USD 7.20,,-1,-7.2,USD 0.00,$0.00 ,Mastercard,Paid,,10/20/2025,,sales_export_2025_10.csv
TXN-001830,12/14/2025,PURCHASE,,Nitrile Gloves Box,GLO-100,Safety Supplies,60,7.34,,,,,,,60,440.64,0,0,ACH,Paid,SafeHands Wholesale,1/13/2026,stock replenishment,purchases_202512.csv
TXN-001078,8/25/2024,Sale,Evergreen Fitness,Hand Sanitizer 1 Gal,SAN-100,Washroom Supplies,2,23.1,46.2,0%,0,46.2,$21.20 ,,-2,-21.2,0,0,Visa,Paid,,8/25/2024,monthly replenishment,sales_export_2024_08.csv
TXN-001478,12/7/2025,sales,Yellow Finch Design,Trash Bags 55 Gal,BAG-100,Waste Supplies,5,27.55,137.75,0%,$0.00 ,$137.75 ,$77.00 ,,-5,-77,0,$0.00 ,Check,Paid,,12/7/2025,,sales_export_2025_12.csv
TXN-000975,8/17/2025,SALE,Evergreen Fitness,Trash Bags 55 Gal,BAG-100,Waste Supplies,5,29,$145.00 ,5.00%,$7.25 ,$137.75 ,$77.00 ,,-5,($77.00),137.75,0,ACH,Open,,9/16/2025,monthly replenishment,sales_export_2025_08.csv
TXN-001398,4/17/2025,SALE,Quantum IT Services,Paper Towel Case,PPR-100,Paper Products,1,38,$38.00 ,0%,0,USD 38.00,21.5,,-1,-21.5,USD 38.00,0,ACH,Open,,5/17/2025,Rush delivery,sales_export_2025_04.csv
TXN-000195,10/7/2025,Sale,Riverbend Brewery,Trash Bags 55 Gal,BAG-100,Waste Supplies,2,$27.55 ,55.1,0.00%,$0.00 ,55.1,30.8,,-2,($30.80),55.1,0,Invoice,Overdue,,11/6/2025,monthly replenishment,sales_export_2025_10.csv
TXN-000094,11/4/2025,Sale,Evergreen Fitness,Trash Bags 55 Gal,BAG-100,Waste Supplies,6,29,174,0,0,174,92.4,,-6,($92.40),$0.00 ,0,Visa,Paid,,11/4/2025,,sales_export_2025_11.csv
TXN-000014,7/25/2024,SALE, Juniper Market ,Toilet Tissue Case,PPR-200,Paper Products,1,$41.80 ,$41.80 ,0,$0.00 ,41.8,25.8,,-1,-25.8,41.8,$0.00 ,Invoice,Overdue,,8/24/2024,web order,sales_export_2024_07.csv
TXN-001933,9/27/2024,expense,,,,Software,,,,,,,,180.1,0,$0.00 ,$0.00 ,$0.00 ,Visa,Paid,CloudSuite,,recurring monthly charge,expenses_Sep_2024.csv
TXN-001948,10/18/2025,expense,,,,Payroll,,,,,,,,"$1,425.83 ",0,$0.00 ,$0.00 ,USD 0.00,Visa,Paid,Staff Payroll,,,expenses_Oct_2025.csv
TXN-000378,9/10/2025,sales, Acme Property Group ,Toilet Tissue Case,PPR-200,Paper Products,6,$46.20 ,$277.20 ,0%,0,$277.20 ,154.8,,-6,($154.80),0,$0.00 ,ACH,Paid,,9/10/2025,Rush delivery,sales_export_2025_09.csv
TXN-000675,12/31/2025,Sale, Valley Fresh Grocers ,Mop Handle,MOP-200,Janitorial Equipment,2,22.8,USD 45.60,0.00%,$0.00 ,$45.60 ,23,,-2,($23.00),$0.00 ,USD 0.00,Check,Paid,,12/31/2025,,sales_export_2025_12.csv
TXN-000380,12/30/2025,sales,Dover Legal Partners,Glass Cleaner,CLN-200,Cleaning Supplies,2,6.89,13.78,0.00%,0,$13.78 ,USD 5.10,,-2,($5.10),13.78,0,ACH,Open,,1/29/2026,Rush delivery,sales_export_2025_12.csv
TXN-001884,3/3/2024,EXPENSE,,,,Insurance,,,,,,,,USD 412.23,0,0,0,0,Visa,Paid,Crestline Insurance,,approved by owner,expenses_Mar_2024.csv
TXN-001890,1/8/2024,Operating Expense,,,,Insurance,,,,,,,,$375.67 ,0,USD 0.00,0,0,ACH,Paid,Crestline Insurance,,,expenses_Jan_2024.csv
TXN-001801,1/10/2024,PURCHASE,,Nitrile Gloves Box,GLO-100,Safety Supplies,60,7.2,,,,,,,60,432,0,$0.00 ,ACH,Paid,SafeHands Wholesale,2/9/2024,stock replenishment,purchases_202401.csv
TXN-000249,11/22/2025,SALE,Maple Street Bakery,Soap Dispenser,DSP-100,Washroom Supplies,5,$30.40 ,152,0.00%,$0.00 ,152,84,,-5,-84,152,0,ACH,Open,,12/22/2025,,sales_export_2025_11.csv
TXN-000358,10/21/2024,Sale,Falcon Ridge Realty,Soap Dispenser,DSP-100,Washroom Supplies,5,32,160,5%,$8.00 ,152,84,,-5,($84.00),$0.00 ,$0.00 ,ACH,Paid,,10/21/2024,,sales_export_2024_10.csv
TXN-001739,12/26/2024,inventory purchase,,Mop Handle,MOP-200,Janitorial Equipment,72,USD 11.04,,,,,,,72,794.88,0,$794.88 ,Net 30,Open,Facility Gear Inc,1/25/2025,vendor shipment received,purchases_202412.csv
TXN-001085,6/14/2024,sales,Pinecrest Academy,Hand Sanitizer 1 Gal,SAN-100,Washroom Supplies,2,22,44,0%,0,44,$21.20 ,,-2,-21.2,$0.00 ,0,Cash,Paid,,6/14/2024,,sales_export_2024_06.csv
TXN-001143,8/15/2024,SALE,Dover Legal Partners,Paper Towel Case,PPR-100,Paper Products,4,36.1,$144.40 ,0.00%,$0.00 ,144.4,$86.00 ,,-4,-86,144.4,0,ACH,Open,,9/14/2024,Rush delivery,sales_export_2024_08.csv
TXN-001195,10/30/2024,sales,Valley Fresh Grocers,Soap Dispenser,DSP-100,Washroom Supplies,4,$30.40 ,121.6,0%,0,$121.60 ,USD 67.20,,-4,-67.2,0,0,ACH,Paid,,10/30/2024,monthly replenishment,sales_export_2024_10.csv
TXN-001929,11/23/2024,Operating Expense,,,,Payroll,,,,,,,,"1,272.71",0,0,$0.00 ,$0.00 ,Visa,Paid,Staff Payroll,,approved by owner,expenses_Nov_2024.csv
TXN-001933,9/27/2024,expense,,,,Software,,,,,,,,180.1,0,$0.00 ,$0.00 ,$0.00 ,Visa,Paid,CloudSuite,,recurring monthly charge,expenses_Sep_2024.csv
TXN-001907,7/22/2025,EXPENSE,,,,Office Supplies,,,,,,,,118.36,0,0,0,0,Visa,Paid,Office Depot,,approved by owner,expenses_Jul_2025.csv
TXN-001259,8/4/2024,SALE,Quantum IT Services,Mop Handle,MOP-200,Janitorial Equipment,6,24,144,0%,0,144,69,,-6,($69.00),144,0,ACH,Overdue,,9/3/2024,web order,sales_export_2024_08.csv
TXN-000748,8/6/2025,SALE,Cedar & Stone Cafe,Mop Handle,MOP-200,Janitorial Equipment,3,22.8,68.4,5%,$3.42 ,64.98,34.5,,-3,-34.5,64.98,0,Net 30,Open,,9/5/2025,monthly replenishment,sales_export_2025_08.csv
TXN-001827,9/29/2025,inventory purchase,,Trash Bags 55 Gal,BAG-100,Waste Supplies,24,$14.78 ,,,,,,,24,USD 354.82,0,0,ACH,Paid,METRO PACKAGING LLC,10/29/2025,stock replenishment,purchases_202509.csv
TXN-000716,5/21/2024,sales,Dover Legal Partners,Microfiber Mop Head,MOP-100,Janitorial Equipment,4,$18.90 ,$75.60 ,0.00%,$0.00 ,75.6,$35.60 ,,-4,USD -35.60,0,0,Visa,Paid,,5/21/2024,monthly replenishment,sales_export_2024_05.csv
TXN-001502,13-Dec-25,sales,Tidal Wave Media,Trash Bags 55 Gal,BAG-100,Waste Supplies,5,29,$145.00 ,0.00%,0,145,$77.00 ,,-5,-77,$0.00 ,0,Check,Paid,,12/13/2025,repeat customer,sales_export_2025_12.csv
TXN-000284,4/3/2025,SALE,Acme Property Group,Toilet Tissue Case,PPR-200,Paper Products,4,$44.00 ,176,10.00%,17.6,158.4,103.2,,-4,-103.2,$158.40 ,$0.00 ,Net 30,Open,,5/3/2025,Rush delivery,sales_export_2025_04.csv
TXN-001652,1/25/2025,inventory purchase,,Microfiber Mop Head,MOP-100,Janitorial Equipment,48,8.72,,,,,,,48,418.66,$0.00 ,$418.66 ,Net 30,Open,Facility Gear Inc,2/24/2025,stock replenishment,purchases_202501.csv
TXN-000002,10/30/2025,sales,Northstar Consulting,Paper Towel Case,PPR-100,Paper Products,1,39.9,39.9,0%,$0.00 ,39.9,21.5,,-1,-21.5,$0.00 ,$0.00 ,Check,Paid,,10/30/2025,Rush delivery,sales_export_2025_10.csv
TXN-001637,6/22/2025,SALE,Juniper Market,Hand Sanitizer 1 Gal,SAN-100,Washroom Supplies,3,23.1,$69.30 ,10%,$6.93 ,62.37,31.8,,-3,($31.80),$0.00 ,$0.00 ,Visa,Paid,,6/22/2025,repeat customer,sales_export_2025_06.csv
TXN-000704,11/23/2025,Sale,Evergreen Fitness,Mop Handle,MOP-200,Janitorial Equipment,10,24,240,0%,0,240,115,,-10,($115.00),$240.00 ,$0.00 ,Invoice,Open,,12/23/2025,monthly replenishment,sales_export_2025_11.csv
TXN-002053,5/16/2024,Vendor Payment,,,,Accounts Payable,,,,,,,,,0,$0.00 ,$0.00 ,-109.37,Wire,Paid,North Supply Co.,,Payment applied to vendor bill,ap_payment_register.csv
TXN-002104,10/17/2024,AP Payment,,,,Accounts Payable,,,,,,,,,0,0,0,-774,Wire,Paid,PaperPro Distributors,,Payment applied to vendor bill,ap_payment_register.csv
TXN-001456,8/10/2024,Sale,BrightPath Dental,Glass Cleaner,CLN-200,Cleaning Supplies,10,$7.61 ,$76.10 ,5%,3.81,$72.29 ,25.5,,-10,($25.50),72.29,0,ACH,Open,,9/9/2024,repeat customer,sales_export_2024_08.csv
TXN-001547,8/27/2024,SALE,Summit Childcare,Toilet Tissue Case,PPR-200,Paper Products,4,46.2,184.8,0%,0,USD 184.80,103.2,,-4,($103.20),USD 0.00,0,Mastercard,Paid,,8/27/2024,,sales_export_2024_08.csv
TXN-001840,8/20/2024,Operating Expense,,,,Delivery Fuel,,,,,,,,180.55,0,$0.00 ,0,0,Check,Paid, Metro Fuel Stop ,,approved by owner,expenses_Aug_2024.csv
TXN-001707,4/12/2024,inventory purchase,,Hand Sanitizer 1 Gal,SAN-100,Washroom Supplies,48,10.6,,,,,,,48,508.8,$0.00 ,508.8,Net 30,Open,Hygiene Solutions,12-May-24,vendor shipment received,purchases_202404.csv
TXN-001868,3/4/2024,EXPENSE,,,,Insurance,,,,,,,,420.01,0,0,0,$0.00 ,Check,Paid,Crestline Insurance,,,expenses_Mar_2024.csv
TXN-001166,8/9/2025,Sale, Ironwood Builders ,All-Purpose Cleaner,CLN-100,Cleaning Supplies,12,$8.93 ,107.16,0.05,5.36,101.8,USD 37.20,,-12,-37.2,$0.00 ,0,Cash,Paid,,8/9/2025,monthly replenishment,sales_export_2025_08.csv
TXN-001023,6/5/2025,SALE,BrightPath Dental,Nitrile Gloves Box,GLO-100,Safety Supplies,5,$15.75 ,78.75,0,0,78.75,36,,-5,($36.00),78.75,$0.00 ,Net 30,Open,,7/5/2025,repeat customer,sales_export_2025_06.csv
TXN-001311,3/7/2024,sales,Summit Childcare,Toilet Tissue Case,PPR-200,Paper Products,2,41.8,83.6,0.05,4.18,79.42,51.6,,-2,-51.6,0,$0.00 ,ACH,Paid,,3/7/2024,monthly replenishment,sales_export_2024_03.csv
TXN-001314,12/26/2024,sales,Zenith Logistics,Nitrile Gloves Box,GLO-100,Safety Supplies,4,USD 15.00,60,0.00%,0,$60.00 ,$28.80 ,,-4,-28.8,$0.00 ,$0.00 ,ACH,Paid,,12/26/2024,repeat customer,sales_export_2024_12.csv
TXN-001380,5/7/2024,sales,Tidal Wave Media,Hand Sanitizer 1 Gal,SAN-100,Washroom Supplies,2,20.9,41.8,0%,0,41.8,$21.20 ,,-2,-21.2,$0.00 ,0,Visa,Paid,,5/7/2024,Rush delivery,sales_export_2024_05.csv
TXN-001505,9-Jul-24,sales,Tidal Wave Media,Paper Towel Case,PPR-100,Paper Products,5,$36.10 ,180.5,0,0,180.5,$107.50 ,,-5,($107.50),180.5,0,Net 30,Open,,8/8/2024,,sales_export_2024_07.csv
TXN-000901,7/1/2025,SALE,Oak & Olive Bistro,Mop Handle,MOP-200,Janitorial Equipment,1,22.8,22.8,0%,0,22.8,USD 11.50,,-1,-11.5,USD 0.00,0,Visa,Paid,,7/1/2025,,sales_export_2025_07.csv
TXN-001893,7/10/2025,Operating Expense,,,,Rent,,,,,,,,"$2,517.98 ",0,0,$0.00 ,0,Check,Paid,City Center Properties,,,expenses_Jul_2025.csv
TXN-000241,7/7/2025,sales,Keystone Auto Repair,All-Purpose Cleaner,CLN-100,Cleaning Supplies,2,$8.08 ,16.16,0.05,$0.81 ,$15.35 ,6.2,,-2,-6.2,$0.00 ,0,Check,Paid,,7/7/2025,,sales_export_2025_07.csv
TXN-000537,3/14/2025,sales,Riverbend Brewery,Microfiber Mop Head,MOP-100,Janitorial Equipment,1,18,18,0%,$0.00 ,18,8.9,,-1,($8.90),0,0,Mastercard,Paid,,3/14/2025,,sales_export_2025_03.csv
TXN-000423,2/5/2025,SALE,Northstar Consulting,All-Purpose Cleaner,CLN-100,Cleaning Supplies,2,8.08,16.16,0.00%,$0.00 ,16.16,6.2,,-2,USD -6.20,0,$0.00 ,ACH,Paid,,2/5/2025,Rush delivery,sales_export_2025_02.csv
TXN-001670,5/20/2024,Inventory Purchase,,Nitrile Gloves Box,GLO-100,inventory,60,7.34,,,,,,,60,440.64,0,440.64,Net 30,Open,SafeHands Wholesale,6/19/2024,vendor shipment received,purchases_202405.csv
TXN-000429,7/14/2025,sales,Riverbend Brewery,Nitrile Gloves Box,GLO-100,Safety Supplies,2,$14.25 ,28.5,5%,1.43,$27.07 ,$14.40 ,,-2,($14.40),0,$0.00 ,Cash,Paid,,7/14/2025,monthly replenishment,sales_export_2025_07.csv
TXN-000796,7/18/2025,SALE,Golden Hour Events,Nitrile Gloves Box,GLO-100,Safety Supplies,2,15,$30.00 ,5%,1.5,28.5,$14.40 ,,-2,($14.40),28.5,0,ACH,Open,,8/17/2025,,sales_export_2025_07.csv
TXN-000026,2/2/2025,Sale,Zenith Logistics,Trash Bags 55 Gal,BAG-100,Waste Supplies,4,$29.00 ,$116.00 ,0.00%,0,116,61.6,,-4,-61.6,0,$0.00 ,Mastercard,Paid,,2/2/2025,Rush delivery,sales_export_2025_02.csv
TXN-000454,11/29/2025,sales,Evergreen Fitness,Mop Handle,MOP-200,Janitorial Equipment,12,$25.20 ,302.4,0.05,USD 15.12,287.28,138,,-12,-138,0,$0.00 ,Check,Paid,,11/29/2025,,sales_export_2025_11.csv
TXN-000948,30-Jun-24,SALE,Valley Fresh Grocers,Toilet Tissue Case,PPR-200,Paper Products,1,46.2,$46.20 ,15.00%,$6.93 ,39.27,25.8,,-1,-25.8,39.27,$0.00 ,ACH,Overdue,,7/30/2024,repeat customer,sales_export_2024_06.csv
TXN-000490,5/18/2025,Sale,Falcon Ridge Realty,Microfiber Mop Head,MOP-100,Janitorial Equipment,3,$18.00 ,$54.00 ,0,0,54,USD 26.70,,-3,($26.70),USD 0.00,0,Visa,Paid,,5/18/2025,web order,sales_export_2025_05.csv
TXN-001710,12/1/2025,inventory purchase,,Toilet Tissue Case,PPR-200,Paper Products,24,$26.32 ,,,,,,,24,631.58,0,631.58,Net 30,Overdue,PaperPro Distributors,12/31/2025,,purchases_202512.csv
TXN-001566,10/6/2025,SALE,Dover Legal Partners,Microfiber Mop Head,MOP-100,Janitorial Equipment,4,USD 17.10,USD 68.40,5%,3.42,64.98,35.6,,-4,($35.60),64.98,0,Net 30,Open,,11/5/2025,repeat customer,sales_export_2025_10.csv
TXN-000571,3/12/2024,SALE,BrightPath Dental,Soap Dispenser,DSP-100,Washroom Supplies,1,USD 30.40,30.4,0%,0,30.4,16.8,,-1,-16.8,$0.00 ,0,Mastercard,Paid,,3/12/2024,repeat customer,sales_export_2024_03.csv
TXN-000597,7/6/2024,sales,Zenith Logistics,Nitrile Gloves Box,GLO-100,Safety Supplies,2,$14.25 ,$28.50 ,0,$0.00 ,$28.50 ,$14.40 ,,-2,-14.4,28.5,$0.00 ,Net 30,Overdue,,8/5/2024,web order,sales_export_2024_07.csv
TXN-001351,8/26/2024,sales,Maple Street Bakery,Paper Towel Case,PPR-100,Paper Products,6,$38.00 ,228,0.05,11.4,216.6,$129.00 ,,-6,-129,0,0,Cash,Paid,,8/26/2024,repeat customer,sales_export_2024_08.csv
TXN-002019,11/23/2024,Customer Payment,Westfield Theater,Microfiber Mop Head,,Accounts Receivable,,,,,,,,,0,0,-102.6,0,ACH,Paid,,,Payment applied to customer invoice,ar_receipts_export.csv
TXN-000553,12/2/2025,Sale,Harborview Clinic,Hand Sanitizer 1 Gal,SAN-100,Washroom Supplies,2,$20.90 ,$41.80 ,0.00%,0,$41.80 ,21.2,,-2,-21.2,USD 41.80,$0.00 ,Net 30,Open,,1/1/2026,,sales_export_2025_12.csv
TXN-000164,1/19/2025,sales,Acme Property Group,Glass Cleaner,CLN-200,Cleaning Supplies,2,$7.25 ,USD 14.50,5%,0.73,$13.77 ,$5.10 ,,-2,($5.10),13.77,0,Net 30,Open,,2/18/2025,web order,sales_export_2025_01.csv
TXN-001163,7/20/2025,sales,Keystone Auto Repair,Nitrile Gloves Box,GLO-100,Safety Supplies,3,$14.25 ,$42.75 ,0.00%,$0.00 ,42.75,$21.60 ,,-3,($21.60),42.75,0,ACH,Open,,19-Aug-25,Rush delivery,sales_export_2025_07.csv
TXN-000614,3/10/2025,sales,Evergreen Fitness,Toilet Tissue Case,PPR-200,Paper Products,3,41.8,125.4,0%,0,$125.40 ,77.4,,-3,-77.4,0,$0.00 ,ACH,Paid,,3/10/2025,web order,sales_export_2025_03.csv
TXN-000960,7/8/2025,Sale,Juniper Market,Glass Cleaner,CLN-200,Cleaning Supplies,1,7.61,$7.61 ,0%,0,$7.61 ,$2.55 ,,-1,-2.55,0,0,Cash,Paid,,7/8/2025,Rush delivery,sales_export_2025_07.csv
TXN-000866,1/20/2024,Sale,Yellow Finch Design,Microfiber Mop Head,MOP-100,Janitorial Equipment,2,17.1,34.2,0%,USD 0.00,34.2,17.8,,-2,-17.8,$34.20 ,0,Net 30,Open,,19-Feb-24,repeat customer,sales_export_2024_01.csv
TXN-000076,4/9/2024,Sale,Summit Childcare,Glass Cleaner,CLN-200,Cleaning Supplies,4,7.25,29,0%,0,USD 29.00,10.2,,-4,-10.2,0,0,Mastercard,Paid,,4/9/2024,Rush delivery,sales_export_2024_04.csv
TXN-002064,1/31/2025,AP Payment,,,,Accounts Payable,,,,,,,,,0,0,0,($495.36),Wire,Paid,PaperPro Distributors,,Payment applied to vendor bill,ap_payment_register.csv
TXN-001815,3/18/2024,Inventory Purchase,,Hand Sanitizer 1 Gal,SAN-100,Washroom Supplies,72,10.81,,,,,,,72,778.46,0,778.46,Net 30,Overdue,Hygiene Solutions,4/17/2024,vendor shipment received,purchases_202403.csv
TXN-001999,9/20/2025,AR Receipt,Golden Hour Events,Paper Towel Case,,Accounts Receivable,,,,,,,,,0,$0.00 ,-304,0,Wire,Paid,,,Payment applied to customer invoice,ar_receipts_export.csv
TXN-002011,5/2/2025,AR Receipt,Juniper Market,Paper Towel Case,,Accounts Receivable,,,,,,,,,0,$0.00 ,-199.5,0,Wire,Paid,,,Payment applied to customer invoice,ar_receipts_export.csv
TXN-001079,6/25/2025,SALE,Pinecrest Academy,Nitrile Gloves Box,GLO-100,Safety Supplies,2,15.75,$31.50 ,0.05,1.58,$29.92 ,14.4,,-2,-14.4,0,0,Mastercard,Paid,,6/25/2025,Rush delivery,sales_export_2025_06.csv
TXN-001484,5/13/2024,Sale,Falcon Ridge Realty,Glass Cleaner,CLN-200,Cleaning Supplies,4,$7.25 ,USD 29.00,0.1,USD 2.90,USD 26.10,USD 10.20,,-4,($10.20),$0.00 ,0,Visa,Paid,,5/13/2024,web order,sales_export_2024_05.csv
TXN-000930,5/5/2024,SALE,Oak & Olive Bistro,All-Purpose Cleaner,CLN-100,Cleaning Supplies,2,$8.08 ,16.16,10%,USD 1.62,14.54,6.2,,-2,-6.2,$14.54 ,0,Invoice,Open,,6/4/2024,repeat customer,sales_export_2024_05.csv
TXN-001617,21-Oct-25,SALE,Westfield Theater,Glass Cleaner,CLN-200,Cleaning Supplies,2,6.89,13.78,0.00%,0,13.78,$5.10 ,,-2,-5.1,0,0,ACH,Paid,,10/21/2025,,sales_export_2025_10.csv
TXN-001871,29-Apr-24,Operating Expense,,,,Payroll,,,,,,,,"$1,377.50 ",0,0,$0.00 ,0,Check,Paid,Staff Payroll,,recurring monthly charge,expenses_Apr_2024.csv
TXN-000483,7/10/2024,Sale,Valley Fresh Grocers, Hand Sanitizer 1 Gal ,SAN-100,Washroom Supplies,8,20.9,$167.20 ,0%,USD 0.00,167.2,84.8,,-8,USD -84.80,$167.20 ,USD 0.00,ACH,Open,,8/9/2024,Rush delivery,sales_export_2024_07.csv
TXN-001400,2/28/2025,Sale,Union Square Hotel,Microfiber Mop Head,MOP-100,Janitorial Equipment,8,18.9,$151.20 ,5.00%,7.56,143.64,$71.20 ,,-8,-71.2,143.64,0,Net 30,Open,,3/30/2025,monthly replenishment,sales_export_2025_02.csv
TXN-001324,5/13/2025,Sale,lakeside vet care,TRASH BAGS 55 GAL,BAG-100,Waste Supplies,3,$27.55 ,$82.65 ,0%,0,$82.65 ,$46.20 ,,-3,-46.2,$0.00 ,0,Check,Paid,,5/13/2025,repeat customer,sales_export_2025_05.csv
TXN-001867,11/19/2024,EXPENSE,,,,Insurance,,,,,,,,362.83,0,USD 0.00,$0.00 ,0,ACH,Paid, Crestline Insurance ,,approved by owner,expenses_Nov_2024.csv
TXN-001111,12/24/2024,Sale,Keystone Auto Repair,Glass Cleaner,CLN-200,Cleaning Supplies,5,USD 7.25,36.25,0.05,$1.81 ,34.44,12.75,,-5,($12.75),$0.00 ,0,ACH,Paid,,12/24/2024,,sales_export_2024_12.csv
TXN-000848,2/17/2024,SALE,Golden Hour Events,Trash Bags 55 Gal,BAG-100,Waste Supplies,3,29,87,0,0,$87.00 ,$46.20 ,,-3,-46.2,$0.00 ,USD 0.00,Cash,Paid,,2/17/2024,Rush delivery,sales_export_2024_02.csv
TXN-002077,2/15/2024,ap payment,,,,Accounts Payable,,,,,,,,,0,0,$0.00 ,"($1,486.08)",Wire,Paid,PaperPro Distributors,,Payment applied to vendor bill,ap_payment_register.csv
TXN-002026,4/12/2024,AR Receipt,Summit Childcare,Nitrile Gloves Box,,Accounts Receivable,,,,,,,,,0,$0.00 ,-63,0,Check,Paid,,,Payment applied to customer invoice,ar_receipts_export.csv
TXN-000176,6/8/2025,sales,Quantum IT Services,Toilet Tissue Case,PPR-200,Paper Products,8,44,352,10.00%,35.2,USD 316.80,206.4,,-8,($206.40),$0.00 ,0,Cash,Paid,,6/8/2025,monthly replenishment,sales_export_2025_06.csv
TXN-001538,11/6/2025,sales, Keystone Auto Repair ,Microfiber Mop Head,MOP-100,Janitorial Equipment,5,17.1,85.5,0%,0,85.5,44.5,,-5,($44.50),0,$0.00 ,Visa,Paid,,11/6/2025,monthly replenishment,sales_export_2025_11.csv
TXN-002101,2/8/2025,Vendor Payment,,,,Accounts Payable,,,,,,,,,0,0,$0.00 ,($758.52),Check,Paid,PaperPro Distributors,,Payment applied to vendor bill,ap_payment_register.csv
TXN-000324,11/1/2024,Sale,Pinecrest Academy,Hand Sanitizer 1 Gal,SAN-100,Washroom Supplies,4,22,88,5%,4.4,$83.60 ,42.4,,-4,($42.40),0,0,ACH,Paid,,1-Nov-24,,sales_export_2024_11.csv
TXN-000317,4/21/2024,SALE,Lakeside Vet Care,Nitrile Gloves Box,GLO-100,Safety Supplies,4,$15.75 ,63,5%,3.15,59.85,28.8,,-4,($28.80),59.85,0,Invoice,Open,,5/21/2024,Rush delivery,sales_export_2024_04.csv
TXN-001371,6/18/2025,SALE,BrightPath Dental,All-Purpose Cleaner,CLN-100,Cleaning Supplies,2,8.93,17.86,0.00%,0,$17.86 ,6.2,,-2,($6.20),$0.00 ,$0.00 ,Check,Paid,,6/18/2025,monthly replenishment,sales_export_2025_06.csv
TXN-000367,1/30/2025,sales,Maple Street Bakery,Hand Sanitizer 1 Gal,SAN-100,Washroom Supplies,5,20.9,$104.50 ,0.00%,0,104.5,53,,-5,-53,104.5,$0.00 ,Net 30,Open,,3/1/2025,Rush delivery,sales_export_2025_01.csv
TXN-000743,1/21/2024,SALE,Yellow Finch Design,Paper Towel Case,PPR-100,Paper Products,10,36.1,$361.00 ,10%,$36.10 ,$324.90 ,215,,-10,-215,0,0,Mastercard,Paid,,1/21/2024,monthly replenishment,sales_export_2024_01.csv
TXN-000988,8/4/2025,sales,Tidal Wave Media,Glass Cleaner,CLN-200,Cleaning Supplies,6,$7.25 ,43.5,0,$0.00 ,43.5,15.3,,-6,-15.3,USD 43.50,USD 0.00,ACH,Overdue,,9/3/2025,,sales_export_2025_08.csv
TXN-000657,12/10/2025,sales,Golden Hour Events,Hand Sanitizer 1 Gal,SAN-100,Washroom Supplies,10,22,$220.00 ,0%,$0.00 ,$220.00 ,106,,-10,($106.00),0,$0.00 ,ACH,Paid,,12/10/2025,Rush delivery,sales_export_2025_12.csv
TXN-000935,7/13/2025,SALE,Evergreen Fitness,All-Purpose Cleaner,CLN-100,Cleaning Supplies,8,8.5,$68.00 ,15.00%,10.2,57.8,24.8,,-8,($24.80),0,0,Check,Paid,,7/13/2025,,sales_export_2025_07.csv
TXN-000494,1/31/2025,SALE,Golden Hour Events,Mop Handle,MOP-200,Janitorial Equipment,4,USD 22.80,91.2,0.00%,0,USD 91.20,$46.00 ,,-4,-46,USD 0.00,0,Check,Paid,,1/31/2025,repeat customer,sales_export_2025_01.csv
TXN-001782,6/5/2024,inventory purchase,,Microfiber Mop Head,MOP-100,Janitorial Equipment,60,9.08,,,,,,,60,544.68,0,544.68,Net 30,Open,Facility Gear Inc,7/5/2024,stock replenishment,purchases_202406.csv
TXN-000235,2/16/2025,SALE,Juniper Market,Trash Bags 55 Gal,BAG-100,Waste Supplies,1,$29.00 ,29,0,0,USD 29.00,$15.40 ,,-1,($15.40),29,USD 0.00,Net 30,Open,,3/18/2025,web order,sales_export_2025_02.csv
TXN-001516,9/2/2024,Sale,Harborview Clinic,Paper Towels Case,PPR-100,Paper Products,6,38,$228.00 ,10.00%,22.8,205.2,129,,-6,-129,0,0,Visa,Paid,,9/2/2024,repeat customer,sales_export_2024_09.csv
TXN-001275,12/9/2025,sales,Evergreen Fitness,Trash Bags 55 Gal,BAG-100,Waste Supplies,8,29,$232.00 ,0.00%,USD 0.00,$232.00 ,123.2,,-8,($123.20),0,$0.00 ,Mastercard,Paid,,12/9/2025,repeat customer,sales_export_2025_12.csv
TXN-001955,24-Apr-24,Operating Expense,,,,Delivery Fuel,,,,,,,,251.97,0,$0.00 ,$0.00 ,0,Check,Paid,Metro Fuel Stop,,,expenses_Apr_2024.csv
TXN-001489,2/12/2024,sales,Zenith Logistics,Soap Dispenser,DSP-100,Washroom Supplies,1,$32.00 ,32,0,$0.00 ,32,16.8,,-1,-16.8,$32.00 ,USD 0.00,Net 30,Overdue,,3/13/2024,,sales_export_2024_02.csv
TXN-001060,11/21/2025,Sale,Northstar Consulting,All-Purpose Cleaner,CLN-100,Cleaning Supplies,5,$8.93 ,44.65,5%,2.23,42.42,$15.50 ,,-5,USD -15.50,$42.42 ,0,ACH,Open,,12/21/2025,,sales_export_2025_11.csv
TXN-001281,2/9/2024,Sale,Ironwood Builders,All-Purpose Cleaner,CLN-100,Cleaning Supplies,4,$8.50 ,$34.00 ,0,$0.00 ,$34.00 ,$12.40 ,,-4,-12.4,0,0,Mastercard,Paid,,2/9/2024,,sales_export_2024_02.csv
TXN-000450,27-Jan-24,SALE,Riverbend Brewery,Trash Bags 55 Gal,BAG-100,Waste Supplies,2,$27.55 ,55.1,0.05,$2.76 ,52.34,$30.80 ,,-2,-30.8,0,$0.00 ,ACH,Paid,,1/27/2024,Rush delivery,sales_export_2024_01.csv
TXN-001668,1/4/2024,PURCHASE,,Trash Bags 55 Gal,BAG-100,Waste Supplies,60,$15.40 ,,,,,,,60,924,$0.00 ,924,Net 30,Open,Metro Packaging LLC,2/3/2024,,purchases_202401.csv
TXN-001799,6/25/2025,PURCHASE,,Glass Cleaner,CLN-200,Cleaning Supplies,72,$2.60 ,,,,,,,72,187.27,$0.00 ,USD 0.00,ACH,Paid,North Supply Co.,7/25/2025,,purchases_202506.csv
TXN-001057,11/16/2024,sales,Yellow Finch Design,Mop Handle,MOP-200,Janitorial Equipment,12,22.8,$273.60 ,0.00%,0,$273.60 ,138,,-12,USD -138.00,$0.00 ,$0.00 ,Cash,Paid,,11/16/2024,,sales_export_2024_11.csv
TXN-001658,11/12/2025,Inventory Purchase,,Hand Sanitizer 1 Gal,SAN-100,Washroom Supplies,24,$10.81 ,,,,,,,24,$259.49 ,0,$0.00 ,ACH,Paid,Hygiene Solutions,12/12/2025,vendor shipment received,purchases_202511.csv
TXN-001085,6/14/2024,sales,Pinecrest Academy,Hand Sanitizer 1 Gal,SAN-100,Washroom Supplies,2,22,44,0%,0,44,$21.20 ,,-2,-21.2,$0.00 ,0,Cash,Paid,,6/14/2024,,sales_export_2024_06.csv
TXN-001735,12/21/2025,inventory purchase,,Glass Cleaner,CLN-200,Cleaning Supplies,60,$2.50 ,,,,,,,60,$149.94 ,0,$149.94 ,Net 30,Open,North Supply Co.,1/20/2026,stock replenishment,purchases_202512.csv
TXN-000839,11/24/2025,SALE,Cedar & Stone Cafe,Mop Handle,MOP-200,Janitorial Equipment,6,$22.80 ,USD 136.80,0%,0,$136.80 ,$69.00 ,,-6,-69,$136.80 ,USD 0.00,ACH,Open,,12/24/2025,,sales_export_2025_11.csv
TXN-001514,9/5/2024,sales,Summit Childcare, Microfiber Mop Head ,MOP-100,Janitorial Equipment,2,$18.00 ,36,0.00%,0,36,$17.80 ,,-2,($17.80),36,0,Net 30,Open,,10/5/2024,monthly replenishment,sales_export_2024_09.csv
TXN-000669,4/17/2025,Sale,Harborview Clinic,Mop Handle,MOP-200,Janitorial Equipment,4,24,96,0.00%,$0.00 ,$96.00 ,46,,-4,USD -46.00,0,0,Visa,Paid,,4/17/2025,,sales_export_2025_04.csv
TXN-000217,7/4/2025,sales,Union Square Hotel,Microfiber Mop Head,MOP-100,Janitorial Equipment,2,18.9,USD 37.80,0%,$0.00 ,37.8,$17.80 ,,-2,-17.8,$0.00 ,0,Cash,Paid,,7/4/2025,,sales_export_2025_07.csv
TXN-001548,16-Jul-24,SALE,Cedar and Stone Cafe,Soap Dispenser,DSP-100,Washroom Supplies,3,$33.60 ,100.8,0.00%,0,USD 100.80,50.4,,-3,($50.40),$0.00 ,0,ACH,Paid,,7/16/2024,monthly replenishment,sales_export_2024_07.csv
TXN-001675,1/1/2024,PURCHASE,,Hand Sanitizer 1 Gal,SAN-100,Washroom Supplies,24,10.6,,,,,,,24,$254.40 ,0,$254.40 ,Net 30,Open,Hygiene Solutions,1/31/2024,stock replenishment,purchases_202401.csv
TXN-001526,5/16/2024,Sale,BrightPath Dental,All-Purpose Cleaner,CLN-100,Cleaning Supplies,2,8.08,16.16,0%,$0.00 ,16.16,USD 6.20,,-2,($6.20),16.16,0,Net 30,Open,,6/15/2024,Rush delivery,sales_export_2024_05.csv
TXN-001677,5/26/2025,inventory purchase,,Paper Towel Case,PPR-100,Paper Products,60,21.93,,,,,,,60,"$1,315.80 ",0,"1,315.80",Net 30,Open,PaperPro Distributors,6/25/2025,,purchases_202505.csv
TXN-000027,8/2/2024,sales,BrightPath Dental,Soap Dispenser,DSP-100,Washroom Supplies,3,32,$96.00 ,5.00%,$4.80 ,USD 91.20,$50.40 ,,-3,($50.40),91.2,0,Invoice,Overdue,,9/1/2024,Rush delivery,sales_export_2024_08.csv
TXN-001708,11/13/2024,PURCHASE,,Paper Towel Case,PPR-100,Paper Products,24,21.5,,,,,,,24,516,0,$516.00 ,Net 30,Open,PaperPro Distributors,12/13/2024,stock replenishment,purchases_202411.csv
TXN-002091,16-Jun-25,ap payment,,,,Accounts Payable,,,,,,,,,0,USD 0.00,USD 0.00,-387.07,Check,Paid,Hygiene Solutions,,Payment applied to vendor bill,ap_payment_register.csv
TXN-000527,6/7/2024,sales,Acme Property Group,Glass Cleaner,CLN-200,Cleaning Supplies,3,$7.25 ,21.75,0%,0,21.75,$7.65 ,,-3,($7.65),21.75,0,Net 30,Open,,7/7/2024,monthly replenishment,sales_export_2024_06.csv
TXN-000912,10/14/2024,Sale,Oak & Olive Bistro,Microfiber Mop Head,MOP-100,Janitorial Equipment,1,$18.00 ,18,10%,1.8,16.2,8.9,,-1,-8.9,0,$0.00 ,Mastercard,Paid,,10/14/2024,monthly replenishment,sales_export_2024_10.csv
TXN-001455,1/1/2025,Sale,BrightPath Dental,Mop Handle,MOP-200,Janitorial Equipment,6,25.2,$151.20 ,0.00%,0,151.2,69,,-6,-69,151.2,0,Net 30,Open,,1/31/2025,,sales_export_2025_01.csv
TXN-000421,5/19/2025,Sale,Cedar & Stone Cafe,Hand Sanitizer 1 Gal,SAN-100,Washroom Supplies,4,USD 22.00,88,0,$0.00 ,88,42.4,,-4,-42.4,0,USD 0.00,Cash,Paid,,5/19/2025,web order,sales_export_2025_05.csv
TXN-001897,7/3/2024,Operating Expense,,,,Delivery Fuel,,,,,,,,239.45,0,0,0,0,ACH,Paid,Metro Fuel Stop,,,expenses_Jul_2024.csv
TXN-001036,10/17/2025,sales,Evergreen Fitness,Toilet Tissue Case,PPR-200,Paper Products,10,$44.00 ,440,0%,$0.00 ,440,258,,-10,-258,0,0,Check,Paid,,10/17/2025,repeat customer,sales_export_2025_10.csv
TXN-000672,2/18/2024,Sale,Westfield Theater,Soap Dispenser,DSP-100,Washroom Supplies,8,$32.00 ,256,0,$0.00 ,$256.00 ,$134.40 ,,-8,-134.4,USD 256.00,$0.00 ,ACH,Open,,3/19/2024,Rush delivery,sales_export_2024_02.csv
TXN-000800,6/9/2024,SALE,BrightPath Dental,Mop Handle,MOP-200,Janitorial Equipment,1,22.8,22.8,0.05,1.14,21.66,11.5,,-1,($11.50),$0.00 ,$0.00 ,Cash,Paid,,6/9/2024,,sales_export_2024_06.csv
TXN-000457,6/10/2025,sales,Ironwood Builders,Hand Sanitizer 1 Gal,SAN-100,Washroom Supplies,3,$22.00 ,66,0,$0.00 ,$66.00 ,31.8,,-3,($31.80),USD 66.00,$0.00 ,Invoice,Open,,7/10/2025,monthly replenishment,sales_export_2025_06.csv
TXN-001854,10/1/2024,Operating Expense,,,,Delivery Fuel,,,,,,,,$194.70 ,0,0,0,0,ACH,Paid,metro fuel stop,,,expenses_Oct_2024.csv
TXN-000938,5/25/2025,SALE,Union Square Hotel,Toilet Tissue Case,PPR-200,Paper Products,5,USD 41.80,$209.00 ,0.1,20.9,$188.10 ,129,,-5,USD -129.00,$0.00 ,0,ACH,Paid,,5/25/2025,repeat customer,sales_export_2025_05.csv
TXN-000431,11/21/2025,SALE,Quantum IT Services,Nitrile Gloves Box,GLO-100,Safety Supplies,4,$15.00 ,60,10.00%,$6.00 ,54,28.8,,-4,($28.80),54,$0.00 ,ACH,Overdue,,12/21/2025,web order,sales_export_2025_11.csv
TXN-000047,10/21/2024,sales,Falcon Ridge Realty,Hand Sanitizer 1 Gal,SAN-100,Washroom Supplies,1,$22.00 ,$22.00 ,0%,0,22,10.6,,-1,USD -10.60,22,0,Net 30,Open,,11/20/2024,monthly replenishment,sales_export_2024_10.csv
TXN-000147,7/17/2024,sales,Falcon Ridge Realty,All-Purpose Cleaner,CLN-100,Cleaning Supplies,5,USD 8.50,$42.50 ,0.00%,$0.00 ,USD 42.50,$15.50 ,,-5,($15.50),0,$0.00 ,ACH,Paid,,7/17/2024,,sales_export_2024_07.csv
TXN-001427,12/13/2024,sales,Oak & Olive Bistro,Toilet Tissue Case,PPR-200,Paper Products,2,44,88,0.00%,$0.00 ,88,51.6,,-2,($51.60),0,0,Cash,Paid,,12/13/2024,monthly replenishment,sales_export_2024_12.csv
TXN-000898,5/14/2024,Sale,Yellow Finch Design,Microfiber Mop Head,MOP-100,Janitorial Equipment,3,$18.00 ,54,15%,8.1,45.9,$26.70 ,,-3,-26.7,0,0,ACH,Paid,,5/14/2024,monthly replenishment,sales_export_2024_05.csv
TXN-000411,10/5/2024,SALE,Juniper Market,Trash Bags 55 Gal,BAG-100,Waste Supplies,6,$30.45 ,182.7,15.00%,USD 27.41,155.29,$92.40 ,,-6,($92.40),155.29,0,ACH,Overdue,,11/4/2024,monthly replenishment,sales_export_2024_10.csv
TXN-001598,3/28/2025,Sale,Harborview Clinic,Hand Sanitizer 1 Gal,SAN-100,Washroom Supplies,2,20.9,41.8,0.05,$2.09 ,$39.71 ,21.2,,-2,-21.2,$0.00 ,$0.00 ,Visa,Paid,,3/28/2025,repeat customer,sales_export_2025_03.csv
TXN-001339,7/31/2025,sales,Acme Property Group,Nitrile Gloves Box,GLO-100,Safety Supplies,1,14.25,$14.25 ,5%,0.71,13.54,$7.20 ,,-1,($7.20),0,0,Visa,Paid,,7/31/2025,Rush delivery,sales_export_2025_07.csv
TXN-000893,12/23/2024,sales,Falcon Ridge Realty,Toilet Tissue Case,PPR-200,Paper Products,5,41.8,$209.00 ,10.00%,20.9,188.1,129,,-5,-129,0,0,Cash,Paid,,12/23/2024,web order,sales_export_2024_12.csv
TXN-001750,5/2/2025,PURCHASE,,Mop Handle,MOP-200,Janitorial Equipment,60,11.27,,,,,,,60,676.2,0,$676.20 ,Net 30,Open,Facility Gear Inc,6/1/2025,stock replenishment,purchases_202505.csv
TXN-000949,8/27/2024,sales,Juniper Market,trash bags 55 gal,BAG-100,Waste Supplies,5,27.55,137.75,0,$0.00 ,$137.75 ,$77.00 ,,-5,-77,0,$0.00 ,Mastercard,Paid,,8/27/2024,,sales_export_2024_08.csv
TXN-001629,8/7/2024,SALE,KEYSTONE AUTO REPAIR,Mop Handle,MOP-200,Janitorial Equipment,6,24,$144.00 ,0.00%,$0.00 ,$144.00 ,69,,-6,USD -69.00,USD 0.00,0,Check,Paid,,8/7/2024,web order,sales_export_2024_08.csv
TXN-001160,4/29/2025,sales,Lakeside Vet Care,Mop Handle,MOP-200,Janitorial Equipment,1,22.8,22.8,0,0,22.8,11.5,,-1,-11.5,22.8,0,Invoice,Open,,5/29/2025,web order,sales_export_2025_04.csv
TXN-000474,12/19/2025,SALE,Keystone Auto Repair,Hand Sanitizer 1 Gal,SAN-100,Washroom Supplies,6,22,132,0,0,132,$63.60 ,,-6,($63.60),$0.00 ,0,Check,Paid,,12/19/2025,Rush delivery,sales_export_2025_12.csv
TXN-001493,4/21/2024,SALE,Ironwood Builders, Mop Handle ,MOP-200,Janitorial Equipment,4,22.8,$91.20 ,0%,$0.00 ,$91.20 ,USD 46.00,,-4,($46.00),0,0,ACH,Paid,,4/21/2024,Rush delivery,sales_export_2024_04.csv
TXN-000810,9/18/2024,sales,Yellow Finch Design,Glass Cleaner,CLN-200,Cleaning Supplies,6,$7.25 ,$43.50 ,0.00%,0,$43.50 ,$15.30 ,,-6,-15.3,0,0,ACH,Paid,,9/18/2024,,sales_export_2024_09.csv
TXN-001803,9/25/2024,Inventory Purchase,,Paper Towel Case,PPR-100,Paper Products,60,21.5,,,,,,,60,"$1,290.00 ",$0.00 ,"1,290.00",Net 30,Open,PaperPro Distributors,10/25/2024,stock replenishment,purchases_202409.csv
TXN-001990,3/2/2025,Customer Payment,Dover Legal Partners, All-Purpose Cleaner ,,Accounts Receivable,,,,,,,,,0,$0.00 ,-17.86,$0.00 ,ACH,Paid,,,Payment applied to customer invoice,ar_receipts_export.csv
TXN-000318,4/4/2024,Sale,Westfield Theater,Mop Handle,MOP-200,Janitorial Equipment,2,22.8,$45.60 ,0.00%,$0.00 ,45.6,23,,-2,USD -23.00,45.6,$0.00 ,ACH,Open,,4-May-24,web order,sales_export_2024_04.csv
TXN-002024,13-Aug-25,AR Receipt,Dover Legal Partners,Microfiber Mop Head,,Accounts Receivable,,,,,,,,,0,0,($17.10),$0.00 ,ACH,Paid,,,Payment applied to customer invoice,ar_receipts_export.csv
TXN-001080,7/25/2025,sales,Valley Fresh Grocers,Nitrile Gloves Box,GLO-100,Safety Supplies,2,15,$30.00 ,0,USD 0.00,$30.00 ,14.4,,-2,USD -14.40,$0.00 ,$0.00 ,Mastercard,Paid,,25-Jul-25,web order,sales_export_2025_07.csv
TXN-001973,12/7/2024,ar receipt,Ironwood Builders,Hand Sanitizer 1 Gal,,Accounts Receivable,,,,,,,,,0,0,-132,0,ACH,Paid,,,Payment applied to customer invoice,ar_receipts_export.csv
TXN-000651,9/3/2024,sales,Oak & Olive Bistro,Trash Bags 55 Gal,BAG-100,Waste Supplies,1,29,29,0,0,$29.00 ,15.4,,-1,($15.40),0,$0.00 ,Cash,Paid,,9/3/2024,monthly replenishment,sales_export_2024_09.csv
TXN-000005,10/26/2025,sales,Union Square Hotel,All Purpose Cleaner,CLN-100,Cleaning Supplies,5,8.5,42.5,15%,$6.38 ,USD 36.12,15.5,,-5,($15.50),0,0,Cash,Paid,,10/26/2025,monthly replenishment,sales_export_2025_10.csv
TXN-001435,3/18/2024,sales,Oak & Olive Bistro,Microfiber Mop Head,MOP-100,Janitorial Equipment,12,$18.00 ,216,0%,$0.00 ,216,$106.80 ,,-12,USD -106.80,216,0,Invoice,Open,,4/17/2024,,sales_export_2024_03.csv
TXN-000913,12/17/2025,sales,Falcon Ridge Realty,Toilet Tissue Case,PPR-200,Paper Products,3,44,132,0,0,132,$77.40 ,,-3,-77.4,0,0,Mastercard,Paid,,12/17/2025,monthly replenishment,sales_export_2025_12.csv
TXN-001530,3/20/2024,SALE,Quantum IT Services,Soap Dispenser,DSP-100,Washroom Supplies,4,$32.00 ,USD 128.00,0.00%,0,128,67.2,,-4,-67.2,0,$0.00 ,Cash,Paid,,3/20/2024,web order,sales_export_2024_03.csv
TXN-000539,4/3/2024,sales,Summit Childcare,Toilet Tissue Case,PPR-200,Paper Products,12,$44.00 ,$528.00 ,0%,0,528,309.6,,-12,USD -309.60,528,0,ACH,Overdue,,5/3/2024,web order,sales_export_2024_04.csv
TXN-001382,1/30/2024,Sale,Northstar Consulting,Microfiber Mop Head,MOP-100,Janitorial Equipment,3,18,$54.00 ,5%,2.7,51.3,26.7,,-3,-26.7,$0.00 ,$0.00 ,Check,Paid,,1/30/2024,monthly replenishment,sales_export_2024_01.csv
TXN-001332,3/16/2024,sales,Falcon Ridge Realty,All-Purpose Cleaner,CLN-100,Cleaning Supplies,12,8.5,USD 102.00,0.05,5.1,96.9,37.2,,-12,USD -37.20,0,0,Cash,Paid,,3/16/2024,web order,sales_export_2024_03.csv
TXN-002105,6/7/2025,Vendor Payment,,,,Accounts Payable,,,,,,,,,0,0,0,-690,ACH,Paid,Facility Gear Inc,,Payment applied to vendor bill,ap_payment_register.csv
TXN-002027,11/27/2024,Customer Payment,Zenith Logistics,Toilet Tissue Case,,Accounts Receivable,,,,,,,,,0,0,($112.86),0,Wire,Paid,,,Payment applied to customer invoice,ar_receipts_export.csv
TXN-000449,1/4/2024,sales,Quantum IT Services,Mop Handle,MOP-200,Janitorial Equipment,4,$22.80 ,91.2,0.00%,$0.00 ,91.2,$46.00 ,,-4,-46,0,$0.00 ,Check,Paid,,1/4/2024,repeat customer,sales_export_2024_01.csv
TXN-001965,9/15/2024,Customer Payment,Falcon Ridge Realty,Toilet Tissue Case,,Accounts Receivable,,,,,,,,,0,0,($46.20),0,ACH,Paid,,,Payment applied to customer invoice,ar_receipts_export.csv
TXN-001372,12/27/2025,Sale,Quantum IT Services,All-Purpose Cleaner,CLN-100,Cleaning Supplies,1,8.93,8.93,0.00%,0,8.93,3.1,,-1,-3.1,$8.93 ,0,Net 30,Open,,1/26/2026,web order,sales_export_2025_12.csv
TXN-000480,28-May-24,SALE,Maple Street Bakery,Mop Handle,MOP-200,Janitorial Equipment,2,24,$48.00 ,0,$0.00 ,48,$23.00 ,,-2,USD -23.00,$48.00 ,$0.00 ,Net 30,Overdue,,6/27/2024,web order,sales_export_2024_05.csv
TXN-001627,9/20/2025,SALE,Keystone Auto Repair,Hand Sanitizer 1 Gal,SAN-100,Washroom Supplies,2,22,$44.00 ,0,0,USD 44.00,USD 21.20,,-2,-21.2,44,$0.00 ,Invoice,Open,,20-Oct-25,monthly replenishment,sales_export_2025_09.csv
TXN-001529,2/9/2024,SALE,Falcon Ridge Realty,Nitrile Gloves Box,GLO-100,Safety Supplies,2,15,USD 30.00,0.00%,$0.00 ,$30.00 ,14.4,,-2,-14.4,0,$0.00 ,Visa,Paid,,2/9/2024,repeat customer,sales_export_2024_02.csv
TXN-000532,1/21/2025,sales,Oak & Olive Bistro,Hand Sanitizer 1 Gal,SAN-100,Washroom Supplies,2,23.1,$46.20 ,0%,0,$46.20 ,21.2,,-2,($21.20),0,0,ACH,Paid,,1/21/2025,,sales_export_2025_01.csv
TXN-001680,3/14/2025,PURCHASE,,Hand Sanitizer 1 Gal,SAN-100,Washroom Supplies,120,10.81,,,,,,,120,"1,297.44",$0.00 ,0,ACH,Paid,Hygiene Solutions,4/13/2025,stock replenishment,purchases_202503.csv
TXN-000203,1/24/2025,sales, Maple Street Bakery ,Nitrile Gloves Box,GLO-100,Safety Supplies,3,$15.75 ,47.25,0.00%,0,47.25,$21.60 ,,-3,-21.6,USD 47.25,0,Invoice,Open,,2/23/2025,repeat customer,sales_export_2025_01.csv
TXN-000610,5/31/2025,Sale,Pinecrest Academy,Toilet Tissue Case,PPR-200,Paper Products,2,44,$88.00 ,0.00%,$0.00 ,USD 88.00,51.6,,-2,-51.6,0,0,Mastercard,Paid,,5/31/2025,monthly replenishment,sales_export_2025_05.csv
TXN-000563,3/1/2025,sales,Valley Fresh Grocers,Mop Handle,MOP-200,Janitorial Equipment,3,$22.80 ,$68.40 ,10.00%,$6.84 ,USD 61.56,USD 34.50,,-3,($34.50),61.56,$0.00 ,Invoice,Open,,3/31/2025,monthly replenishment,sales_export_2025_03.csv
TXN-001900,8-Jan-25,expense,,,,Utilities,,,,,,,,310.66,0,USD 0.00,0,USD 0.00,Check,Paid,BrightGrid Electric,,,expenses_Jan_2025.csv
TXN-000978,11/5/2025,SALE,Pinecrest Academy,Glass Cleaner,CLN-200,Cleaning Supplies,2,7.61,15.22,0.00%,0,$15.22 ,$5.10 ,,-2,-5.1,15.22,$0.00 ,Invoice,Open,,12/5/2025,repeat customer,sales_export_2025_11.csv
TXN-001015,1/3/2024,SALE,ironwood builders,Mop Handle,MOP-200,Janitorial Equipment,2,$24.00 ,48,5.00%,$2.40 ,45.6,23,,-2,-23,0,$0.00 ,Mastercard,Paid,,1/3/2024,web order,sales_export_2024_01.csv
TXN-001996,9/26/2025,AR Receipt,Oak & Olive Bistro,All-Purpose Cleaner,,Accounts Receivable,,,,,,,,,0,0,($85.00),$0.00 ,Check,Paid,,,Payment applied to customer invoice,ar_receipts_export.csv
TXN-000692,8/9/2025,SALE,Golden Hour Events,All-Purpose Cleaner,CLN-100,Cleaning Supplies,2,USD 8.93,$17.86 ,0%,0,17.86,$6.20 ,,-2,($6.20),0,$0.00 ,Cash,Paid,,8/9/2025,web order,sales_export_2025_08.csv
TXN-000175,6/21/2024,SALE,Summit Childcare,Hand Sanitizer 1 Gal,SAN-100,Washroom Supplies,4,22,88,0.1,8.8,79.2,$42.40 ,,-4,($42.40),USD 0.00,$0.00 ,Mastercard,Paid,,6/21/2024,monthly replenishment,sales_export_2024_06.csv
TXN-001374,7/23/2025,Sale,Cedar & Stone Cafe,Soap Dispenser,DSP-100,Washroom Supplies,2,33.6,$67.20 ,0.00%,0,67.2,$33.60 ,,-2,($33.60),67.2,0,Net 30,Overdue,,8/22/2025,,sales_export_2025_07.csv
TXN-001215,12/10/2024,SALE,Falcon Ridge Realty,All-Purpose Cleaner,CLN-100,Cleaning Supplies,1,8.08,8.08,0%,$0.00 ,$8.08 ,$3.10 ,,-1,-3.1,$8.08 ,$0.00 ,Invoice,Open,,1/9/2025,web order,sales_export_2024_12.csv
TXN-000606,15-Jan-25,Sale,Quantum IT Services,All-Purpose Cleaner,CLN-100,Cleaning Supplies,3,$8.50 ,$25.50 ,5.00%,$1.28 ,24.22,9.3,,-3,-9.3,24.22,0,Invoice,Open,,2/14/2025,web order,sales_export_2025_01.csv
TXN-001821,8/30/2024,Inventory Purchase,,All-Purpose Cleaner,CLN-100,Cleaning Supplies,60,3.1,,,,,,,60,USD 186.00,0,$0.00 ,ACH,Paid,North Supply Co.,9/29/2024,stock replenishment,purchases_202408.csv
TXN-001107,7/20/2025,Sale,Northstar Consulting,Soap Dispenser,DSP-100,Washroom Supplies,1,USD 32.00,$32.00 ,0,$0.00 ,32,16.8,,-1,-16.8,0,0,Cash,Paid,,7/20/2025,web order,sales_export_2025_07.csv
TXN-001072,10/1/2024,SALE,Golden Hour Events,Toilet Tissue Case,PPR-200,Paper Products,1,44,44,0,0,$44.00 ,25.8,,-1,-25.8,0,$0.00 ,Cash,Paid,,10/1/2024,web order,sales_export_2024_10.csv
TXN-000125,1/26/2024,Sale,Evergreen Fitness,Microfiber Mop Head,MOP-100,Janitorial Equipment,2,18,36,0%,USD 0.00,$36.00 ,17.8,,-2,-17.8,0,$0.00 ,Mastercard,Paid,,1/26/2024,Rush delivery,sales_export_2024_01.csv
TXN-000064,10/19/2025,Sale,Northstar Consulting,Trash Bags 55 Gal,BAG-100,Waste Supplies,4,$29.00 ,$116.00 ,0.15,17.4,$98.60 ,61.6,,-4,-61.6,USD 0.00,0,Visa,Paid,,10/19/2025,repeat customer,sales_export_2025_10.csv
TXN-001839,2/27/2024,Operating Expense,,,,Insurance,,,,,,,,$477.72 ,0,0,$0.00 ,0,Check,Paid,Crestline Insurance,,recurring monthly charge,expenses_Feb_2024.csv
TXN-001396,3/23/2024,SALE,Maple Street Bakery,Toilet Tissue Case,PPR-200,Paper Products,6,44,$264.00 ,0%,0,264,154.8,,-6,($154.80),$0.00 ,$0.00 ,Mastercard,Paid,,3/23/2024,Rush delivery,sales_export_2024_03.csv
TXN-002009,3/14/2024,Customer Payment,Union Square Hotel,Hand Sanitizer 1 Gal,,Accounts Receivable,,,,,,,,,0,$0.00 ,-175.56,0,Wire,Paid,,,Payment applied to customer invoice,ar_receipts_export.csv
TXN-000821,28-Jul-24,sales,Ironwood Builders,Soap Dispenser,DSP-100,Washroom Supplies,1,30.4,30.4,0.1,3.04,27.36,USD 16.80,,-1,($16.80),0,$0.00 ,Check,Paid,,7/28/2024,,sales_export_2024_07.csv
TXN-001896,10/1/2025,EXPENSE,,,,Rent,,,,,,,,"$2,745.10 ",0,$0.00 ,0,0,ACH,Paid,City Center Properties,,recurring monthly charge,expenses_Oct_2025.csv
